"../../../Engine/Plugins/Animation/ACLPlugin/Content/ACLAnimBoneCompressionSettings.uasset" 0
"../../../Engine/Plugins/Animation/ACLPlugin/Content/ACLAnimBoneCompressionSettings.uexp" 1
"../../../Engine/Plugins/2D/Paper2D/Content/PlaceholderTextures/DummySpriteTexture.uasset" 2
"../../../Engine/Plugins/2D/Paper2D/Content/PlaceholderTextures/DummySpriteTexture.ubulk" 3
"../../../Engine/Plugins/2D/Paper2D/Content/PlaceholderTextures/DummySpriteTexture.uexp" 4
"../../../Engine/Plugins/2D/Paper2D/Content/DummySprite.uasset" 5
"../../../Engine/Plugins/2D/Paper2D/Content/DummySprite.uexp" 6
"../../../Engine/Plugins/2D/Paper2D/Content/DefaultPaperTerrainMaterial.uasset" 7
"../../../Engine/Plugins/2D/Paper2D/Content/DefaultPaperTerrainMaterial.uexp" 8
"../../../Engine/Content/EngineSounds/Master.uasset" 9
"../../../Engine/Content/EngineSounds/Master.uexp" 10
"../../../Engine/Content/EngineMaterials/DefaultPhysicalMaterial.uasset" 11
"../../../Engine/Content/EngineMaterials/DefaultPhysicalMaterial.uexp" 12
"../../../Engine/Content/EngineMaterials/DefaultDestructiblePhysicalMaterial.uasset" 13
"../../../Engine/Content/EngineMaterials/DefaultDestructiblePhysicalMaterial.uexp" 14
"../../../Engine/Content/EngineFonts/Faces/DroidSansFallback.uasset" 15
"../../../Engine/Content/EngineFonts/Faces/DroidSansFallback.ufont" 16
"../../../Engine/Content/EngineFonts/Faces/DroidSansFallback.uexp" 17
"../../../Engine/Content/EngineFonts/Faces/RobotoBold.uasset" 18
"../../../Engine/Content/EngineFonts/Faces/RobotoBold.ufont" 19
"../../../Engine/Content/EngineFonts/Faces/RobotoBold.uexp" 20
"../../../Engine/Content/EngineFonts/Faces/RobotoBoldItalic.uasset" 21
"../../../Engine/Content/EngineFonts/Faces/RobotoBoldItalic.ufont" 22
"../../../Engine/Content/EngineFonts/Faces/RobotoBoldItalic.uexp" 23
"../../../Engine/Content/EngineFonts/Faces/RobotoItalic.uasset" 24
"../../../Engine/Content/EngineFonts/Faces/RobotoItalic.ufont" 25
"../../../Engine/Content/EngineFonts/Faces/RobotoItalic.uexp" 26
"../../../Engine/Content/EngineFonts/Faces/RobotoLight.uasset" 27
"../../../Engine/Content/EngineFonts/Faces/RobotoLight.ufont" 28
"../../../Engine/Content/EngineFonts/Faces/RobotoLight.uexp" 29
"../../../Engine/Content/EngineFonts/Faces/RobotoRegular.uasset" 30
"../../../Engine/Content/EngineFonts/Faces/RobotoRegular.ufont" 31
"../../../Engine/Content/EngineFonts/Faces/RobotoRegular.uexp" 32
"../../../Engine/Content/EngineFonts/Roboto.uasset" 33
"../../../Engine/Content/EngineFonts/Roboto.uexp" 34
"../../../Engine/Content/EngineFonts/Faces/DroidSansMono.uasset" 35
"../../../Engine/Content/EngineFonts/Faces/DroidSansMono.ufont" 36
"../../../Engine/Content/EngineFonts/Faces/DroidSansMono.uexp" 37
"../../../Engine/Content/EngineFonts/DroidSansMono.uasset" 38
"../../../Engine/Content/EngineFonts/DroidSansMono.uexp" 39
"../../../Engine/Plugins/Interchange/Runtime/Content/Pipelines/DefaultTexturePipeline.uasset" 40
"../../../Engine/Plugins/Interchange/Runtime/Content/Pipelines/DefaultTexturePipeline.uexp" 41
"../../../Engine/Plugins/Interchange/Runtime/Content/Pipelines/DefaultSceneLevelPipeline.uasset" 42
"../../../Engine/Plugins/Interchange/Runtime/Content/Pipelines/DefaultSceneLevelPipeline.uexp" 43
"../../../Engine/Plugins/Interchange/Runtime/Content/Pipelines/DefaultSceneAssetsPipeline.uasset" 44
"../../../Engine/Plugins/Interchange/Runtime/Content/Pipelines/DefaultSceneAssetsPipeline.uexp" 45
"../../../Engine/Plugins/Interchange/Runtime/Content/Pipelines/DefaultMaterialXPipeline.uasset" 46
"../../../Engine/Plugins/Interchange/Runtime/Content/Pipelines/DefaultMaterialXPipeline.uexp" 47
"../../../Engine/Plugins/Interchange/Runtime/Content/Pipelines/DefaultMaterialPipeline.uasset" 48
"../../../Engine/Plugins/Interchange/Runtime/Content/Pipelines/DefaultMaterialPipeline.uexp" 49
"../../../Engine/Plugins/Interchange/Runtime/Content/Pipelines/DefaultGLTFSceneAssetsPipeline.uasset" 50
"../../../Engine/Plugins/Interchange/Runtime/Content/Pipelines/DefaultGLTFSceneAssetsPipeline.uexp" 51
"../../../Engine/Plugins/Interchange/Runtime/Content/Pipelines/DefaultGLTFPipeline.uasset" 52
"../../../Engine/Plugins/Interchange/Runtime/Content/Pipelines/DefaultGLTFPipeline.uexp" 53
"../../../Engine/Plugins/Interchange/Runtime/Content/Pipelines/DefaultGLTFAssetsPipeline.uasset" 54
"../../../Engine/Plugins/Interchange/Runtime/Content/Pipelines/DefaultGLTFAssetsPipeline.uexp" 55
"../../../Engine/Plugins/Interchange/Runtime/Content/Pipelines/DefaultAssetsPipeline.uasset" 56
"../../../Engine/Plugins/Interchange/Runtime/Content/Pipelines/DefaultAssetsPipeline.uexp" 57
"../../../Engine/Content/EngineResources/GradientTexture0.uasset" 58
"../../../Engine/Content/EngineResources/GradientTexture0.uexp" 59
"../../../Engine/Content/EngineResources/Black.uasset" 60
"../../../Engine/Content/EngineResources/Black.uexp" 61
"../../../Engine/Content/EditorResources/S_Actor.uasset" 62
"../../../Engine/Content/EditorResources/S_Actor.ubulk" 63
"../../../Engine/Content/EditorResources/S_Actor.uexp" 64
"../../../Engine/Plugins/NNE/NNEDenoiser/Content/NNEDTOM_Output_Default.uasset" 65
"../../../Engine/Plugins/NNE/NNEDenoiser/Content/NNEDTOM_Output_Default.uexp" 66
"../../../Engine/Plugins/NNE/NNEDenoiser/Content/NNEDTOM_Output_Alpha.uasset" 67
"../../../Engine/Plugins/NNE/NNEDenoiser/Content/NNEDTOM_Output_Alpha.uexp" 68
"../../../Engine/Plugins/NNE/NNEDenoiser/Content/NNEDTIM_ColorAlbedoNormal_Default.uasset" 69
"../../../Engine/Plugins/NNE/NNEDenoiser/Content/NNEDTIM_ColorAlbedoNormal_Default.uexp" 70
"../../../Engine/Plugins/NNE/NNEDenoiser/Content/NNEDTIM_ColorAlbedoNormal_Alpha.uasset" 71
"../../../Engine/Plugins/NNE/NNEDenoiser/Content/NNEDTIM_ColorAlbedoNormal_Alpha.uexp" 72
"../../../Engine/Plugins/NNE/NNEDenoiser/Content/NNEDOM_Output_Default.uasset" 73
"../../../Engine/Plugins/NNE/NNEDenoiser/Content/NNEDOM_Output_Default.uexp" 74
"../../../Engine/Plugins/NNE/NNEDenoiser/Content/NNEDOM_Output_Alpha.uasset" 75
"../../../Engine/Plugins/NNE/NNEDenoiser/Content/NNEDOM_Output_Alpha.uexp" 76
"../../../Engine/Plugins/NNE/NNEDenoiser/Content/NNEDIM_HighQuality_Default.uasset" 77
"../../../Engine/Plugins/NNE/NNEDenoiser/Content/NNEDIM_HighQuality_Default.uexp" 78
"../../../Engine/Plugins/NNE/NNEDenoiser/Content/NNEDIM_HighQuality_Alpha.uasset" 79
"../../../Engine/Plugins/NNE/NNEDenoiser/Content/NNEDIM_HighQuality_Alpha.uexp" 80
"../../../Engine/Plugins/NNE/NNEDenoiser/Content/NNEDIM_ColorAlbedoNormal_Default.uasset" 81
"../../../Engine/Plugins/NNE/NNEDenoiser/Content/NNEDIM_ColorAlbedoNormal_Default.uexp" 82
"../../../Engine/Plugins/NNE/NNEDenoiser/Content/NNEDIM_ColorAlbedoNormal_Alpha.uasset" 83
"../../../Engine/Plugins/NNE/NNEDenoiser/Content/NNEDIM_ColorAlbedoNormal_Alpha.uexp" 84
"../../../Engine/Content/Functions/Engine_MaterialFunctions02/WorldPositionOffset/CameraOffset.uasset" 85
"../../../Engine/Content/Functions/Engine_MaterialFunctions02/WorldPositionOffset/CameraOffset.uexp" 86
"../../../Engine/Plugins/Animation/ControlRig/Content/M_Manip.uasset" 87
"../../../Engine/Plugins/Animation/ControlRig/Content/M_Manip.uexp" 88
"../../../Engine/Content/EngineDamageTypes/DmgTypeBP_Environmental.uasset" 89
"../../../Engine/Content/EngineDamageTypes/DmgTypeBP_Environmental.uexp" 90
"../../../Engine/Content/EditorResources/S_TriggerSphere.uasset" 91
"../../../Engine/Content/EditorResources/S_TriggerSphere.uexp" 92
"../../../Engine/Content/EditorResources/S_TriggerCapsule.uasset" 93
"../../../Engine/Content/EditorResources/S_TriggerCapsule.uexp" 94
"../../../Engine/Content/EditorResources/S_TriggerBox.uasset" 95
"../../../Engine/Content/EditorResources/S_TriggerBox.uexp" 96
"../../../Engine/Content/EditorResources/S_Trigger.uasset" 97
"../../../Engine/Content/EditorResources/S_Trigger.ubulk" 98
"../../../Engine/Content/EditorResources/S_Trigger.uexp" 99
"../../../Engine/Content/EditorResources/S_Terrain.uasset" 100
"../../../Engine/Content/EditorResources/S_Terrain.ubulk" 101
"../../../Engine/Content/EditorResources/S_Terrain.uexp" 102
"../../../Engine/Content/EditorResources/S_Solver.uasset" 103
"../../../Engine/Content/EditorResources/S_Solver.ubulk" 104
"../../../Engine/Content/EditorResources/S_Solver.uexp" 105
"../../../Engine/Content/EditorResources/S_BoxReflectionCapture.uasset" 106
"../../../Engine/Content/EditorResources/S_BoxReflectionCapture.uexp" 107
"../../../Engine/Content/EditorResources/BSPVertex.uasset" 108
"../../../Engine/Content/EditorResources/BSPVertex.uexp" 109
"../../../Engine/Content/EditorMaterials/PreviewShadowIndicator.uasset" 110
"../../../Engine/Content/EditorMaterials/PreviewShadowIndicator.ubulk" 111
"../../../Engine/Content/EditorMaterials/PreviewShadowIndicator.uexp" 112
"../../../Engine/Content/EditorMaterials/PreviewShadowIndicatorMaterial.uasset" 113
"../../../Engine/Content/EditorMaterials/PreviewShadowIndicatorMaterial.uexp" 114
"../../../Engine/Content/EditorMaterials/PhAT_UnselectedMaterial.uasset" 115
"../../../Engine/Content/EditorMaterials/PhAT_UnselectedMaterial.uexp" 116
"../../../Engine/Content/EditorMaterials/PhAT_NoCollisionMaterial.uasset" 117
"../../../Engine/Content/EditorMaterials/PhAT_NoCollisionMaterial.uexp" 118
"../../../Engine/Content/EditorLandscapeResources/WhiteSquareTexture.uasset" 119
"../../../Engine/Content/EditorLandscapeResources/WhiteSquareTexture.uexp" 120
"../../../Engine/Content/EditorLandscapeResources/LayerVisMaterial.uasset" 121
"../../../Engine/Content/EditorLandscapeResources/LayerVisMaterial.uexp" 122
"../../../Engine/Content/Functions/Engine_MaterialFunctions02/Utility/BreakOutFloat2Components.uasset" 123
"../../../Engine/Content/Functions/Engine_MaterialFunctions02/Utility/BreakOutFloat2Components.uexp" 124
"../../../Engine/Content/Functions/Engine_MaterialFunctions01/Texturing/ScaleUVsByCenter.uasset" 125
"../../../Engine/Content/Functions/Engine_MaterialFunctions01/Texturing/ScaleUVsByCenter.uexp" 126
"../../../Engine/Content/Functions/Engine_MaterialFunctions02/WorldPositionOffset/LocalPosition.uasset" 127
"../../../Engine/Content/Functions/Engine_MaterialFunctions02/WorldPositionOffset/LocalPosition.uexp" 128
"../../../Engine/Content/EngineMaterials/DefaultDiffuse.uasset" 129
"../../../Engine/Content/EngineMaterials/DefaultDiffuse.ubulk" 130
"../../../Engine/Content/EngineMaterials/DefaultDiffuse.uexp" 131
"../../../Engine/Content/Functions/Engine_MaterialFunctions01/Texturing/TextureCropping.uasset" 132
"../../../Engine/Content/Functions/Engine_MaterialFunctions01/Texturing/TextureCropping.uexp" 133
"../../../Engine/Content/Functions/Engine_MaterialFunctions02/ExampleContent/DebugNumberStrip.uasset" 134
"../../../Engine/Content/Functions/Engine_MaterialFunctions02/ExampleContent/DebugNumberStrip.uexp" 135
"../../../Engine/Content/Functions/Engine_MaterialFunctions01/Debug/DebugIntValues.uasset" 136
"../../../Engine/Content/Functions/Engine_MaterialFunctions01/Debug/DebugIntValues.uexp" 137
"../../../Engine/Content/EditorLandscapeResources/LandscapeLayerUsageMaterial.uasset" 138
"../../../Engine/Content/EditorLandscapeResources/LandscapeLayerUsageMaterial.uexp" 139
"../../../Engine/Content/EditorLandscapeResources/DefaultAlphaTexture.uasset" 140
"../../../Engine/Content/EditorLandscapeResources/DefaultAlphaTexture.uexp" 141
"../../../Engine/Content/EditorLandscapeResources/LandscapeDirtyMaterial.uasset" 142
"../../../Engine/Content/EditorLandscapeResources/LandscapeDirtyMaterial.uexp" 143
"../../../Engine/Content/Functions/Engine_MaterialFunctions02/Utility/BreakOutFloat3Components.uasset" 144
"../../../Engine/Content/Functions/Engine_MaterialFunctions02/Utility/BreakOutFloat3Components.uexp" 145
"../../../Engine/Content/Functions/Engine_MaterialFunctions02/Utility/VectorLength.uasset" 146
"../../../Engine/Content/Functions/Engine_MaterialFunctions02/Utility/VectorLength.uexp" 147
"../../../Engine/Content/Functions/Engine_MaterialFunctions02/ObjectLocalBounds.uasset" 148
"../../../Engine/Content/Functions/Engine_MaterialFunctions02/ObjectLocalBounds.uexp" 149
"../../../Engine/Content/Functions/Engine_MaterialFunctions02/WorldPositionOffset/ObjectScale.uasset" 150
"../../../Engine/Content/Functions/Engine_MaterialFunctions02/WorldPositionOffset/ObjectScale.uexp" 151
"../../../Engine/Content/Functions/Engine_MaterialFunctions02/SafeNormalize.uasset" 152
"../../../Engine/Content/Functions/Engine_MaterialFunctions02/SafeNormalize.uexp" 153
"../../../Engine/Plugins/Editor/SpeedTreeImporter/Content/SpeedTree9/UnpackInteger3.uasset" 154
"../../../Engine/Plugins/Editor/SpeedTreeImporter/Content/SpeedTree9/UnpackInteger3.uexp" 155
"../../../Engine/Plugins/Editor/SpeedTreeImporter/Content/SpeedTree9/UnpackDirection.uasset" 156
"../../../Engine/Plugins/Editor/SpeedTreeImporter/Content/SpeedTree9/UnpackDirection.uexp" 157
"../../../Engine/Plugins/Editor/SpeedTreeImporter/Content/SpeedTree9/game_wind_noise.uasset" 158
"../../../Engine/Plugins/Editor/SpeedTreeImporter/Content/SpeedTree9/game_wind_noise.ubulk" 159
"../../../Engine/Plugins/Editor/SpeedTreeImporter/Content/SpeedTree9/game_wind_noise.uexp" 160
"../../../Engine/Plugins/Editor/SpeedTreeImporter/Content/SpeedTree9/SpeedTreeWindMotion.uasset" 161
"../../../Engine/Plugins/Editor/SpeedTreeImporter/Content/SpeedTree9/SpeedTreeWindMotion.uexp" 162
"../../../Engine/Plugins/Editor/SpeedTreeImporter/Content/SpeedTree9/SpeedTreeBranchMotion.uasset" 163
"../../../Engine/Plugins/Editor/SpeedTreeImporter/Content/SpeedTree9/SpeedTreeBranchMotion.uexp" 164
"../../../Engine/Content/Functions/Engine_MaterialFunctions02/UVs/BoundingBoxBased_0-1_UVW.uasset" 165
"../../../Engine/Content/Functions/Engine_MaterialFunctions02/UVs/BoundingBoxBased_0-1_UVW.uexp" 166
"../../../Engine/Plugins/Editor/SpeedTreeImporter/Content/SpeedTree9/SpeedTreeWind.uasset" 167
"../../../Engine/Plugins/Editor/SpeedTreeImporter/Content/SpeedTree9/SpeedTreeWind.uexp" 168
"../../../Engine/Plugins/Editor/SpeedTreeImporter/Content/SpeedTree9/SpeedTreeCameraFacing.uasset" 169
"../../../Engine/Plugins/Editor/SpeedTreeImporter/Content/SpeedTree9/SpeedTreeCameraFacing.uexp" 170
"../../../Engine/Plugins/Editor/SpeedTreeImporter/Content/SpeedTree9/EmptyNormal.uasset" 171
"../../../Engine/Plugins/Editor/SpeedTreeImporter/Content/SpeedTree9/EmptyNormal.uexp" 172
"../../../Engine/Plugins/Editor/SpeedTreeImporter/Content/SpeedTree9/Empty.uasset" 173
"../../../Engine/Plugins/Editor/SpeedTreeImporter/Content/SpeedTree9/Empty.uexp" 174
"../../../Engine/Plugins/Editor/SpeedTreeImporter/Content/SpeedTree9/SpeedTreeMaster.uasset" 175
"../../../Engine/Plugins/Editor/SpeedTreeImporter/Content/SpeedTree9/SpeedTreeMaster.uexp" 176
"../../../Engine/Plugins/Editor/SpeedTreeImporter/Content/SpeedTree9/SpeedTreeBillboard.uasset" 177
"../../../Engine/Plugins/Editor/SpeedTreeImporter/Content/SpeedTree9/SpeedTreeBillboard.uexp" 178
"../../../Engine/Plugins/Editor/SpeedTreeImporter/Content/SpeedTree9/SpeedTreeBillboardMaster.uasset" 179
"../../../Engine/Plugins/Editor/SpeedTreeImporter/Content/SpeedTree9/SpeedTreeBillboardMaster.uexp" 180
"../../../Engine/Plugins/Animation/ControlRig/Content/Controls/ControlRigXRayMaterial.uasset" 181
"../../../Engine/Plugins/Animation/ControlRig/Content/Controls/ControlRigXRayMaterial.uexp" 182
"../../../Engine/Plugins/Animation/ControlRig/Content/Controls/ControlRigGizmoMaterial.uasset" 183
"../../../Engine/Plugins/Animation/ControlRig/Content/Controls/ControlRigGizmoMaterial.uexp" 184
"../../../Engine/Content/EngineSky/M_SimpleSkyDome.uasset" 185
"../../../Engine/Content/EngineSky/M_SimpleSkyDome.uexp" 186
"../../../Engine/Content/EngineResources/DefaultTexture.uasset" 187
"../../../Engine/Content/EngineResources/DefaultTexture.ubulk" 188
"../../../Engine/Content/EngineResources/DefaultTexture.uexp" 189
"../../../Engine/Content/EngineMaterials/RemoveSurfaceMaterial.uasset" 190
"../../../Engine/Content/EngineMaterials/RemoveSurfaceMaterial.uexp" 191
"../../../Engine/Content/EngineMaterials/PreintegratedSkinBRDF.uasset" 192
"../../../Engine/Content/EngineMaterials/PreintegratedSkinBRDF.uexp" 193
"../../../Engine/Content/EngineMaterials/DefaultCalibrationGrayscale.uasset" 194
"../../../Engine/Content/EngineMaterials/DefaultCalibrationGrayscale.uexp" 195
"../../../Engine/Content/EngineMaterials/PPM_DefaultCalibrationGrayscale.uasset" 196
"../../../Engine/Content/EngineMaterials/PPM_DefaultCalibrationGrayscale.uexp" 197
"../../../Engine/Content/EngineMaterials/DefaultCalibrationColor.uasset" 198
"../../../Engine/Content/EngineMaterials/DefaultCalibrationColor.uexp" 199
"../../../Engine/Content/EngineMaterials/PPM_DefaultCalibrationColor.uasset" 200
"../../../Engine/Content/EngineMaterials/PPM_DefaultCalibrationColor.uexp" 201
"../../../Engine/Content/EngineMaterials/PhAT_JointLimitMaterial.uasset" 202
"../../../Engine/Content/EngineMaterials/PhAT_JointLimitMaterial.uexp" 203
"../../../Engine/Content/EngineMaterials/NaniteHiddenSectionMaterial.uasset" 204
"../../../Engine/Content/EngineMaterials/NaniteHiddenSectionMaterial.uexp" 205
"../../../Engine/Content/EngineMaterials/InvalidLightmapSettings.uasset" 206
"../../../Engine/Content/EngineMaterials/InvalidLightmapSettings.ubulk" 207
"../../../Engine/Content/EngineMaterials/InvalidLightmapSettings.uexp" 208
"../../../Engine/Content/EngineMaterials/M_InvalidLightmapSettings.uasset" 209
"../../../Engine/Content/EngineMaterials/M_InvalidLightmapSettings.uexp" 210
"../../../Engine/Content/EngineMaterials/MiniFont.uasset" 211
"../../../Engine/Content/EngineMaterials/MiniFont.uexp" 212
"../../../Engine/Content/EngineMaterials/GizmoMaterial.uasset" 213
"../../../Engine/Content/EngineMaterials/GizmoMaterial.uexp" 214
"../../../Engine/Content/EngineMaterials/BaseFlattenDiffuseMap_VT.uasset" 215
"../../../Engine/Content/EngineMaterials/BaseFlattenDiffuseMap_VT.ubulk" 216
"../../../Engine/Content/EngineMaterials/BaseFlattenDiffuseMap_VT.uexp" 217
"../../../Engine/Content/EngineMaterials/BaseFlattenEmissiveMap_VT.uasset" 218
"../../../Engine/Content/EngineMaterials/BaseFlattenEmissiveMap_VT.ubulk" 219
"../../../Engine/Content/EngineMaterials/BaseFlattenEmissiveMap_VT.uexp" 220
"../../../Engine/Content/EngineMaterials/BaseFlattenGrayscaleMap_VT.uasset" 221
"../../../Engine/Content/EngineMaterials/BaseFlattenGrayscaleMap_VT.ubulk" 222
"../../../Engine/Content/EngineMaterials/BaseFlattenGrayscaleMap_VT.uexp" 223
"../../../Engine/Content/EngineMaterials/BaseFlattenLinearColor_VT.uasset" 224
"../../../Engine/Content/EngineMaterials/BaseFlattenLinearColor_VT.ubulk" 225
"../../../Engine/Content/EngineMaterials/BaseFlattenLinearColor_VT.uexp" 226
"../../../Engine/Content/EngineMaterials/BaseFlattenNormalMap_VT.uasset" 227
"../../../Engine/Content/EngineMaterials/BaseFlattenNormalMap_VT.ubulk" 228
"../../../Engine/Content/EngineMaterials/BaseFlattenNormalMap_VT.uexp" 229
"../../../Engine/Content/EngineMaterials/Black_1x1_EXR_Texture_VT.uasset" 230
"../../../Engine/Content/EngineMaterials/Black_1x1_EXR_Texture_VT.ubulk" 231
"../../../Engine/Content/EngineMaterials/Black_1x1_EXR_Texture_VT.uexp" 232
"../../../Engine/Content/EngineMaterials/FlattenMaterial_WS_Normal_VT.uasset" 233
"../../../Engine/Content/EngineMaterials/FlattenMaterial_WS_Normal_VT.uexp" 234
"../../../Engine/Content/EngineMaterials/FlattenMaterial_VT.uasset" 235
"../../../Engine/Content/EngineMaterials/FlattenMaterial_VT.uexp" 236
"../../../Engine/Content/EngineMaterials/BaseFlattenLinearColor.uasset" 237
"../../../Engine/Content/EngineMaterials/BaseFlattenLinearColor.uexp" 238
"../../../Engine/Content/EngineMaterials/BaseFlattenNormalMap.uasset" 239
"../../../Engine/Content/EngineMaterials/BaseFlattenNormalMap.uexp" 240
"../../../Engine/Content/Functions/Engine_MaterialFunctions02/PivotPainter2/Black_1x1_EXR_Texture.uasset" 241
"../../../Engine/Content/Functions/Engine_MaterialFunctions02/PivotPainter2/Black_1x1_EXR_Texture.uexp" 242
"../../../Engine/Content/EngineMaterials/BaseFlattenDiffuseMap.uasset" 243
"../../../Engine/Content/EngineMaterials/BaseFlattenDiffuseMap.uexp" 244
"../../../Engine/Content/EngineMaterials/BaseFlattenEmissiveMap.uasset" 245
"../../../Engine/Content/EngineMaterials/BaseFlattenEmissiveMap.uexp" 246
"../../../Engine/Content/EngineMaterials/BaseFlattenGrayscaleMap.uasset" 247
"../../../Engine/Content/EngineMaterials/BaseFlattenGrayscaleMap.uexp" 248
"../../../Engine/Content/EngineMaterials/FlattenMaterial.uasset" 249
"../../../Engine/Content/EngineMaterials/FlattenMaterial.uexp" 250
"../../../Engine/Content/EngineMaterials/FastBlueNoise_vec2_128x128x64.uasset" 251
"../../../Engine/Content/EngineMaterials/FastBlueNoise_vec2_128x128x64.uexp" 252
"../../../Engine/Content/EngineMaterials/FastBlueNoise_scalar_128x128x8.uasset" 253
"../../../Engine/Content/EngineMaterials/FastBlueNoise_scalar_128x128x8.uexp" 254
"../../../Engine/Content/EngineMaterials/FastBlueNoise_scalar_128x128x64.uasset" 255
"../../../Engine/Content/EngineMaterials/FastBlueNoise_scalar_128x128x64.uexp" 256
"../../../Engine/Content/EngineMaterials/DefaultWhiteGrid_Low.uasset" 257
"../../../Engine/Content/EngineMaterials/DefaultWhiteGrid_Low.uexp" 258
"../../../Engine/Content/EngineMaterials/EmissiveMeshMaterial.uasset" 259
"../../../Engine/Content/EngineMaterials/EmissiveMeshMaterial.uexp" 260
"../../../Engine/Content/EngineMaterials/DefaultWhiteGrid.uasset" 261
"../../../Engine/Content/EngineMaterials/DefaultWhiteGrid.ubulk" 262
"../../../Engine/Content/EngineMaterials/DefaultWhiteGrid.uexp" 263
"../../../Engine/Content/EngineFonts/RobotoDistanceField.uasset" 264
"../../../Engine/Content/EngineFonts/RobotoDistanceField.uexp" 265
"../../../Engine/Content/EngineMaterials/DefaultTextMaterialOpaque.uasset" 266
"../../../Engine/Content/EngineMaterials/DefaultTextMaterialOpaque.uexp" 267
"../../../Engine/Content/EngineMaterials/DefaultPostProcessMaterial.uasset" 268
"../../../Engine/Content/EngineMaterials/DefaultPostProcessMaterial.uexp" 269
"../../../Engine/Content/EngineMaterials/DefaultLightFunctionMaterial.uasset" 270
"../../../Engine/Content/EngineMaterials/DefaultLightFunctionMaterial.uexp" 271
"../../../Engine/Content/EngineMaterials/DefaultDeferredDecalMaterial.uasset" 272
"../../../Engine/Content/EngineMaterials/DefaultDeferredDecalMaterial.uexp" 273
"../../../Engine/Content/EngineMaterials/DefaultBokeh.uasset" 274
"../../../Engine/Content/EngineMaterials/DefaultBokeh.uexp" 275
"../../../Engine/Content/EngineMaterials/DefaultBloomKernel.uasset" 276
"../../../Engine/Content/EngineMaterials/DefaultBloomKernel.uexp" 277
"../../../Engine/Content/Functions/Engine_MaterialFunctions02/Utility/CameraDirectionVector.uasset" 278
"../../../Engine/Content/Functions/Engine_MaterialFunctions02/Utility/CameraDirectionVector.uexp" 279
"../../../Engine/Content/EngineDebugMaterials/VolumeToRender.uasset" 280
"../../../Engine/Content/EngineDebugMaterials/VolumeToRender.uexp" 281
"../../../Engine/Content/EngineDebugMaterials/M_VolumeRenderSphereTracePP.uasset" 282
"../../../Engine/Content/EngineDebugMaterials/M_VolumeRenderSphereTracePP.uexp" 283
"../../../Engine/Content/EngineDebugMaterials/M_SimpleUnlitTranslucent.uasset" 284
"../../../Engine/Content/EngineDebugMaterials/M_SimpleUnlitTranslucent.uexp" 285
"../../../Engine/Content/EngineDebugMaterials/DebugMeshMaterial.uasset" 286
"../../../Engine/Content/EngineDebugMaterials/DebugMeshMaterial.uexp" 287
"../../../Engine/Content/EngineDebugMaterials/DebugEditorMaterial.uasset" 288
"../../../Engine/Content/EngineDebugMaterials/DebugEditorMaterial.uexp" 289
"../../../Engine/Plugins/VirtualProduction/CameraCalibrationCore/Content/Materials/M_DefaultOddSquare.uasset" 290
"../../../Engine/Plugins/VirtualProduction/CameraCalibrationCore/Content/Materials/M_DefaultOddSquare.uexp" 291
"../../../Engine/Plugins/VirtualProduction/CameraCalibrationCore/Content/Materials/M_DefaultEvenSquare.uasset" 292
"../../../Engine/Plugins/VirtualProduction/CameraCalibrationCore/Content/Materials/M_DefaultEvenSquare.uexp" 293
"../../../Engine/Plugins/Runtime/HairStrands/Content/Materials/HairMeshesDefaultMaterial.uasset" 294
"../../../Engine/Plugins/Runtime/HairStrands/Content/Materials/HairMeshesDefaultMaterial.uexp" 295
"../../../Engine/Plugins/Runtime/HairStrands/Content/Materials/HairDefaultMaterial.uasset" 296
"../../../Engine/Plugins/Runtime/HairStrands/Content/Materials/HairDefaultMaterial.uexp" 297
"../../../Engine/Content/Functions/Engine_MaterialFunctions02/Utility/MakeFloat3.uasset" 298
"../../../Engine/Content/Functions/Engine_MaterialFunctions02/Utility/MakeFloat3.uexp" 299
"../../../Engine/Plugins/Runtime/HairStrands/Content/Materials/HairGroupColors.uasset" 300
"../../../Engine/Plugins/Runtime/HairStrands/Content/Materials/HairGroupColors.uexp" 301
"../../../Engine/Content/EngineMaterials/HairColorMap.uasset" 302
"../../../Engine/Content/EngineMaterials/HairColorMap.uexp" 303
"../../../Engine/Content/EngineMaterials/HairDebugColor.uasset" 304
"../../../Engine/Content/EngineMaterials/HairDebugColor.uexp" 305
"../../../Engine/Content/Functions/Engine_MaterialFunctions02/Utility/MakeFloat2.uasset" 306
"../../../Engine/Content/Functions/Engine_MaterialFunctions02/Utility/MakeFloat2.uexp" 307
"../../../Engine/Plugins/Runtime/HairStrands/Content/Materials/HairDebugMaterial.uasset" 308
"../../../Engine/Plugins/Runtime/HairStrands/Content/Materials/HairDebugMaterial.uexp" 309
"../../../Engine/Plugins/Runtime/HairStrands/Content/Materials/HairCardsDefaultMaterial.uasset" 310
"../../../Engine/Plugins/Runtime/HairStrands/Content/Materials/HairCardsDefaultMaterial.uexp" 311
"../../../Engine/Plugins/Runtime/AudioWidgets/Content/Resources/ScrubHandleDown_Clamped.uasset" 312
"../../../Engine/Plugins/Runtime/AudioWidgets/Content/Resources/ScrubHandleDown_Clamped.uexp" 313
"../../../Engine/Plugins/Interchange/Assets/Content/Functions/MX_UsdPreviewSurface.uasset" 314
"../../../Engine/Plugins/Interchange/Assets/Content/Functions/MX_UsdPreviewSurface.uexp" 315
"../../../Engine/Plugins/Interchange/Assets/Content/Functions/MX_UniformEDF.uasset" 316
"../../../Engine/Plugins/Interchange/Assets/Content/Functions/MX_UniformEDF.uexp" 317
"../../../Engine/Plugins/Interchange/Assets/Content/Functions/MX_TranslucentBSDF.uasset" 318
"../../../Engine/Plugins/Interchange/Assets/Content/Functions/MX_TranslucentBSDF.uexp" 319
"../../../Engine/Plugins/Interchange/Assets/Content/Functions/MX_ThinFilmBSDF.uasset" 320
"../../../Engine/Plugins/Interchange/Assets/Content/Functions/MX_ThinFilmBSDF.uexp" 321
"../../../Engine/Plugins/Interchange/Assets/Content/Functions/MX_SurfaceUnlit.uasset" 322
"../../../Engine/Plugins/Interchange/Assets/Content/Functions/MX_SurfaceUnlit.uexp" 323
"../../../Engine/Plugins/Interchange/Assets/Content/Functions/MX_Surface.uasset" 324
"../../../Engine/Plugins/Interchange/Assets/Content/Functions/MX_Surface.uexp" 325
"../../../Engine/Plugins/Interchange/Assets/Content/Functions/MX_SubsurfaceBSDF.uasset" 326
"../../../Engine/Plugins/Interchange/Assets/Content/Functions/MX_SubsurfaceBSDF.uexp" 327
"../../../Engine/Plugins/Interchange/Assets/Content/Functions/MX_SheenBSDF.uasset" 328
"../../../Engine/Plugins/Interchange/Assets/Content/Functions/MX_SheenBSDF.uexp" 329
"../../../Engine/Plugins/Interchange/Assets/Content/Functions/MX_OrenNayarBSDF.uasset" 330
"../../../Engine/Plugins/Interchange/Assets/Content/Functions/MX_OrenNayarBSDF.uexp" 331
"../../../Engine/Plugins/Interchange/Assets/Content/Functions/MF_IridescenceNoLUT.uasset" 332
"../../../Engine/Plugins/Interchange/Assets/Content/Functions/MF_IridescenceNoLUT.uexp" 333
"../../../Engine/Plugins/Interchange/Assets/Content/Functions/MX_StandardSurface.uasset" 334
"../../../Engine/Plugins/Interchange/Assets/Content/Functions/MX_StandardSurface.uexp" 335
"../../../Engine/Plugins/Interchange/Assets/Content/Functions/MX_TransmissionSurface.uasset" 336
"../../../Engine/Plugins/Interchange/Assets/Content/Functions/MX_TransmissionSurface.uexp" 337
"../../../Engine/Plugins/Interchange/Assets/Content/Functions/MX_OpenPBR_Translucent.uasset" 338
"../../../Engine/Plugins/Interchange/Assets/Content/Functions/MX_OpenPBR_Translucent.uexp" 339
"../../../Engine/Plugins/Interchange/Assets/Content/Functions/MX_OpenPBR_Opaque.uasset" 340
"../../../Engine/Plugins/Interchange/Assets/Content/Functions/MX_OpenPBR_Opaque.uexp" 341
"../../../Engine/Plugins/Interchange/Assets/Content/Functions/MX_MeasuredEDF.uasset" 342
"../../../Engine/Plugins/Interchange/Assets/Content/Functions/MX_MeasuredEDF.uexp" 343
"../../../Engine/Plugins/Interchange/Assets/Content/Functions/MX_GeneralizedSchlickBSDF.uasset" 344
"../../../Engine/Plugins/Interchange/Assets/Content/Functions/MX_GeneralizedSchlickBSDF.uexp" 345
"../../../Engine/Content/Functions/Engine_MaterialFunctions02/Utility/BlendAngleCorrectedNormals.uasset" 346
"../../../Engine/Content/Functions/Engine_MaterialFunctions02/Utility/BlendAngleCorrectedNormals.uexp" 347
"../../../Engine/Plugins/Interchange/Assets/Content/Functions/MX_Displacement.uasset" 348
"../../../Engine/Plugins/Interchange/Assets/Content/Functions/MX_Displacement.uexp" 349
"../../../Engine/Plugins/Interchange/Assets/Content/Functions/MX_DielectricBSDF.uasset" 350
"../../../Engine/Plugins/Interchange/Assets/Content/Functions/MX_DielectricBSDF.uexp" 351
"../../../Engine/Plugins/Interchange/Assets/Content/Functions/MX_ConicalEDF.uasset" 352
"../../../Engine/Plugins/Interchange/Assets/Content/Functions/MX_ConicalEDF.uexp" 353
"../../../Engine/Plugins/Interchange/Assets/Content/Functions/MX_ConductorBSDF.uasset" 354
"../../../Engine/Plugins/Interchange/Assets/Content/Functions/MX_ConductorBSDF.uexp" 355
"../../../Engine/Plugins/Interchange/Assets/Content/Functions/MX_BurleyDiffuseBSDF.uasset" 356
"../../../Engine/Plugins/Interchange/Assets/Content/Functions/MX_BurleyDiffuseBSDF.uexp" 357
"../../../Engine/Plugins/Interchange/Assets/Content/Functions/MX_AnisotropicVDF.uasset" 358
"../../../Engine/Plugins/Interchange/Assets/Content/Functions/MX_AnisotropicVDF.uexp" 359
"../../../Engine/Plugins/Interchange/Assets/Content/Functions/MX_AbsorptionVDF.uasset" 360
"../../../Engine/Plugins/Interchange/Assets/Content/Functions/MX_AbsorptionVDF.uexp" 361
"../../../Engine/Content/EditorMaterials/Dataflow/DataflowVertexMaterial.uasset" 362
"../../../Engine/Content/EditorMaterials/Dataflow/DataflowVertexMaterial.uexp" 363
"../../../Engine/Content/EditorMaterials/Dataflow/DataflowTwoSidedVertexMaterial.uasset" 364
"../../../Engine/Content/EditorMaterials/Dataflow/DataflowTwoSidedVertexMaterial.uexp" 365
"../../../Engine/Content/EngineResources/FilmGrains/Marcie_Grain_v3_128_M2_000.uasset" 366
"../../../Engine/Content/EngineResources/FilmGrains/Marcie_Grain_v3_128_M2_000.uexp" 367
"../../../Engine/Content/EngineResources/Development/ZenLogo_64.uasset" 368
"../../../Engine/Content/EngineResources/Development/ZenLogo_64.uexp" 369
"../../../Engine/Content/EngineMaterials/LTC/Sheen_LTC.uasset" 370
"../../../Engine/Content/EngineMaterials/LTC/Sheen_LTC.uexp" 371
"../../../Engine/Content/EngineMaterials/LTC/GGX_LTCMat.uasset" 372
"../../../Engine/Content/EngineMaterials/LTC/GGX_LTCMat.uexp" 373
"../../../Engine/Content/EngineMaterials/LTC/GGX_LTCAmp.uasset" 374
"../../../Engine/Content/EngineMaterials/LTC/GGX_LTCAmp.uexp" 375
"../../../Engine/Content/EngineMaterials/EnergyConservation/Sheen_Energy.uasset" 376
"../../../Engine/Content/EngineMaterials/EnergyConservation/Sheen_Energy.uexp" 377
"../../../Engine/Content/EngineMaterials/EnergyConservation/SheenLegacy_Energy.uasset" 378
"../../../Engine/Content/EngineMaterials/EnergyConservation/SheenLegacy_Energy.uexp" 379
"../../../Engine/Content/EngineMaterials/EnergyConservation/GGX_TransmissionEnergyArray.uasset" 380
"../../../Engine/Content/EngineMaterials/EnergyConservation/GGX_TransmissionEnergyArray.uexp" 381
"../../../Engine/Content/EngineMaterials/EnergyConservation/GGX_ReflectionEnergy.uasset" 382
"../../../Engine/Content/EngineMaterials/EnergyConservation/GGX_ReflectionEnergy.uexp" 383
"../../../Engine/Content/EngineMaterials/EnergyConservation/Diffuse_Energy.uasset" 384
"../../../Engine/Content/EngineMaterials/EnergyConservation/Diffuse_Energy.uexp" 385
"../../../Engine/Content/EditorResources/SequenceRecorder/RecordingIndicator.uasset" 386
"../../../Engine/Content/EditorResources/SequenceRecorder/RecordingIndicator.uexp" 387
"../../../Engine/Content/EditorResources/SequenceRecorder/Countdown.uasset" 388
"../../../Engine/Content/EditorResources/SequenceRecorder/Countdown.uexp" 389
"../../../Engine/Content/EditorMaterials/ParticleSystems/PSysThumbnail_OOD.uasset" 390
"../../../Engine/Content/EditorMaterials/ParticleSystems/PSysThumbnail_OOD.ubulk" 391
"../../../Engine/Content/EditorMaterials/ParticleSystems/PSysThumbnail_OOD.uexp" 392
"../../../Engine/Content/EditorMaterials/ParticleSystems/PSysThumbnail_NoImage.uasset" 393
"../../../Engine/Content/EditorMaterials/ParticleSystems/PSysThumbnail_NoImage.ubulk" 394
"../../../Engine/Content/EditorMaterials/ParticleSystems/PSysThumbnail_NoImage.uexp" 395
"E:/Game Engines/Unreal Engine Things/UnrealProjects/HorrorMaze/Content/StarterContent/Textures/T_Metal_Rust_N.uasset" 396
"E:/Game Engines/Unreal Engine Things/UnrealProjects/HorrorMaze/Content/StarterContent/Textures/T_Metal_Rust_N.ubulk" 397
"E:/Game Engines/Unreal Engine Things/UnrealProjects/HorrorMaze/Content/StarterContent/Textures/T_Metal_Rust_N.uexp" 398
"E:/Game Engines/Unreal Engine Things/UnrealProjects/HorrorMaze/Content/StarterContent/Textures/T_Metal_Rust_D.uasset" 399
"E:/Game Engines/Unreal Engine Things/UnrealProjects/HorrorMaze/Content/StarterContent/Textures/T_Metal_Rust_D.ubulk" 400
"E:/Game Engines/Unreal Engine Things/UnrealProjects/HorrorMaze/Content/StarterContent/Textures/T_Metal_Rust_D.uexp" 401
"E:/Game Engines/Unreal Engine Things/UnrealProjects/HorrorMaze/Content/StarterContent/Textures/T_MacroVariation.uasset" 402
"E:/Game Engines/Unreal Engine Things/UnrealProjects/HorrorMaze/Content/StarterContent/Textures/T_MacroVariation.uexp" 403
"E:/Game Engines/Unreal Engine Things/UnrealProjects/HorrorMaze/Content/StarterContent/Materials/M_Metal_Rust.uasset" 404
"E:/Game Engines/Unreal Engine Things/UnrealProjects/HorrorMaze/Content/StarterContent/Materials/M_Metal_Rust.uexp" 405
"../../../Engine/Content/Functions/Engine_MaterialFunctions01/Opacity/CameraDepthFade.uasset" 406
"../../../Engine/Content/Functions/Engine_MaterialFunctions01/Opacity/CameraDepthFade.uexp" 407
"../../../Engine/Content/EngineMaterials/T_Default_Material_Grid_M.uasset" 408
"../../../Engine/Content/EngineMaterials/T_Default_Material_Grid_M.ubulk" 409
"../../../Engine/Content/EngineMaterials/T_Default_Material_Grid_M.uexp" 410
"../../../Engine/Content/EngineMaterials/T_Default_Material_Grid_N.uasset" 411
"../../../Engine/Content/EngineMaterials/T_Default_Material_Grid_N.ubulk" 412
"../../../Engine/Content/EngineMaterials/T_Default_Material_Grid_N.uexp" 413
"../../../Engine/Content/EngineMaterials/WorldGridMaterial.uasset" 414
"../../../Engine/Content/EngineMaterials/WorldGridMaterial.uexp" 415
"../../../Engine/Content/BasicShapes/Cube.uasset" 416
"../../../Engine/Content/BasicShapes/Cube.ubulk" 417
"../../../Engine/Content/BasicShapes/Cube.uexp" 418
"E:/Game Engines/Unreal Engine Things/UnrealProjects/HorrorMaze/Content/MazeEscape/Audio/SFX/UI/bHover.uasset" 419
"E:/Game Engines/Unreal Engine Things/UnrealProjects/HorrorMaze/Content/MazeEscape/Audio/SFX/UI/bHover.ubulk" 420
"E:/Game Engines/Unreal Engine Things/UnrealProjects/HorrorMaze/Content/MazeEscape/Audio/SFX/UI/bHover.uexp" 421
"E:/Game Engines/Unreal Engine Things/UnrealProjects/HorrorMaze/Content/MazeEscape/Audio/SFX/UI/AC_BHover.uasset" 422
"E:/Game Engines/Unreal Engine Things/UnrealProjects/HorrorMaze/Content/MazeEscape/Audio/SFX/UI/AC_BHover.uexp" 423
"E:/Game Engines/Unreal Engine Things/UnrealProjects/HorrorMaze/Content/MazeEscape/Audio/SFX/UI/bPress.uasset" 424
"E:/Game Engines/Unreal Engine Things/UnrealProjects/HorrorMaze/Content/MazeEscape/Audio/SFX/UI/bPress.ubulk" 425
"E:/Game Engines/Unreal Engine Things/UnrealProjects/HorrorMaze/Content/MazeEscape/Audio/SFX/UI/bPress.uexp" 426
"E:/Game Engines/Unreal Engine Things/UnrealProjects/HorrorMaze/Content/MazeEscape/Audio/SFX/UI/AC_BPress.uasset" 427
"E:/Game Engines/Unreal Engine Things/UnrealProjects/HorrorMaze/Content/MazeEscape/Audio/SFX/UI/AC_BPress.uexp" 428
"E:/Game Engines/Unreal Engine Things/UnrealProjects/HorrorMaze/Content/MazeEscape/Blueprints/UI/WBP_Button.uasset" 429
"E:/Game Engines/Unreal Engine Things/UnrealProjects/HorrorMaze/Content/MazeEscape/Blueprints/UI/WBP_Button.uexp" 430
"E:/Game Engines/Unreal Engine Things/UnrealProjects/HorrorMaze/Content/MazeEscape/Widgets/WBP_HUD.uasset" 431
"E:/Game Engines/Unreal Engine Things/UnrealProjects/HorrorMaze/Content/MazeEscape/Widgets/WBP_HUD.uexp" 432
"E:/Game Engines/Unreal Engine Things/UnrealProjects/HorrorMaze/Content/MazeEscape/Input/Actions/IA_Jump.uasset" 433
"E:/Game Engines/Unreal Engine Things/UnrealProjects/HorrorMaze/Content/MazeEscape/Input/Actions/IA_Jump.uexp" 434
"E:/Game Engines/Unreal Engine Things/UnrealProjects/HorrorMaze/Content/MazeEscape/Input/Actions/IA_Look.uasset" 435
"E:/Game Engines/Unreal Engine Things/UnrealProjects/HorrorMaze/Content/MazeEscape/Input/Actions/IA_Look.uexp" 436
"E:/Game Engines/Unreal Engine Things/UnrealProjects/HorrorMaze/Content/MazeEscape/Input/Actions/IA_Move.uasset" 437
"E:/Game Engines/Unreal Engine Things/UnrealProjects/HorrorMaze/Content/MazeEscape/Input/Actions/IA_Move.uexp" 438
"E:/Game Engines/Unreal Engine Things/UnrealProjects/HorrorMaze/Content/MazeEscape/Input/IMC_Default.uasset" 439
"E:/Game Engines/Unreal Engine Things/UnrealProjects/HorrorMaze/Content/MazeEscape/Input/IMC_Default.uexp" 440
"E:/Game Engines/Unreal Engine Things/UnrealProjects/HorrorMaze/Content/MazeEscape/Input/Actions/IA_MouseLook.uasset" 441
"E:/Game Engines/Unreal Engine Things/UnrealProjects/HorrorMaze/Content/MazeEscape/Input/Actions/IA_MouseLook.uexp" 442
"E:/Game Engines/Unreal Engine Things/UnrealProjects/HorrorMaze/Content/MazeEscape/Input/IMC_MouseLook.uasset" 443
"E:/Game Engines/Unreal Engine Things/UnrealProjects/HorrorMaze/Content/MazeEscape/Input/IMC_MouseLook.uexp" 444
"../../../Engine/Content/MobileResources/HUD/VirtualJoystick_Thumb.uasset" 445
"../../../Engine/Content/MobileResources/HUD/VirtualJoystick_Thumb.uexp" 446
"../../../Engine/Content/MobileResources/HUD/VirtualJoystick_Background.uasset" 447
"../../../Engine/Content/MobileResources/HUD/VirtualJoystick_Background.uexp" 448
"E:/Game Engines/Unreal Engine Things/UnrealProjects/HorrorMaze/Content/MazeEscape/Input/Touch/UI_Thumbstick.uasset" 449
"E:/Game Engines/Unreal Engine Things/UnrealProjects/HorrorMaze/Content/MazeEscape/Input/Touch/UI_Thumbstick.uexp" 450
"E:/Game Engines/Unreal Engine Things/UnrealProjects/HorrorMaze/Content/MazeEscape/Input/Touch/BPI_TouchInterface.uasset" 451
"E:/Game Engines/Unreal Engine Things/UnrealProjects/HorrorMaze/Content/MazeEscape/Input/Touch/BPI_TouchInterface.uexp" 452
"E:/Game Engines/Unreal Engine Things/UnrealProjects/HorrorMaze/Content/MazeEscape/Input/Touch/UI_TouchSimple.uasset" 453
"E:/Game Engines/Unreal Engine Things/UnrealProjects/HorrorMaze/Content/MazeEscape/Input/Touch/UI_TouchSimple.uexp" 454
"E:/Game Engines/Unreal Engine Things/UnrealProjects/HorrorMaze/Content/FirstPerson/Blueprints/BP_FirstPersonCameraManager.uasset" 455
"E:/Game Engines/Unreal Engine Things/UnrealProjects/HorrorMaze/Content/FirstPerson/Blueprints/BP_FirstPersonCameraManager.uexp" 456
"E:/Game Engines/Unreal Engine Things/UnrealProjects/HorrorMaze/Content/MazeEscape/Blueprints/Game/BP_PlayerController.uasset" 457
"E:/Game Engines/Unreal Engine Things/UnrealProjects/HorrorMaze/Content/MazeEscape/Blueprints/Game/BP_PlayerController.uexp" 458
"E:/Game Engines/Unreal Engine Things/UnrealProjects/HorrorMaze/Content/MazeEscape/Blueprints/UI/WBP_Win.uasset" 459
"E:/Game Engines/Unreal Engine Things/UnrealProjects/HorrorMaze/Content/MazeEscape/Blueprints/UI/WBP_Win.uexp" 460
"E:/Game Engines/Unreal Engine Things/UnrealProjects/HorrorMaze/Content/MazeEscape/Blueprints/UI/WBP_Pause.uasset" 461
"E:/Game Engines/Unreal Engine Things/UnrealProjects/HorrorMaze/Content/MazeEscape/Blueprints/UI/WBP_Pause.uexp" 462
"E:/Game Engines/Unreal Engine Things/UnrealProjects/HorrorMaze/Content/MazeEscape/Blueprints/UI/WBP_Defeat.uasset" 463
"E:/Game Engines/Unreal Engine Things/UnrealProjects/HorrorMaze/Content/MazeEscape/Blueprints/UI/WBP_Defeat.uexp" 464
"E:/Game Engines/Unreal Engine Things/UnrealProjects/HorrorMaze/Content/MazeEscape/Blueprints/Characters/Mannequins/Meshes/SK_Mannequin.uasset" 465
"E:/Game Engines/Unreal Engine Things/UnrealProjects/HorrorMaze/Content/MazeEscape/Blueprints/Characters/Mannequins/Meshes/SK_Mannequin.uexp" 466
"E:/Game Engines/Unreal Engine Things/UnrealProjects/HorrorMaze/Content/MazeEscape/Blueprints/Characters/Mannequins/Rigs/PA_Mannequin.uasset" 467
"E:/Game Engines/Unreal Engine Things/UnrealProjects/HorrorMaze/Content/MazeEscape/Blueprints/Characters/Mannequins/Rigs/PA_Mannequin.uexp" 468
"E:/Game Engines/Unreal Engine Things/UnrealProjects/HorrorMaze/Content/MazeEscape/Blueprints/Characters/Mannequins/Textures/Manny/T_Manny_01_MRA.uasset" 469
"E:/Game Engines/Unreal Engine Things/UnrealProjects/HorrorMaze/Content/MazeEscape/Blueprints/Characters/Mannequins/Textures/Manny/T_Manny_01_MRA.ubulk" 470
"E:/Game Engines/Unreal Engine Things/UnrealProjects/HorrorMaze/Content/MazeEscape/Blueprints/Characters/Mannequins/Textures/Manny/T_Manny_01_MRA.uexp" 471
"E:/Game Engines/Unreal Engine Things/UnrealProjects/HorrorMaze/Content/MazeEscape/Blueprints/Characters/Mannequins/Textures/Manny/T_Manny_01_D.uasset" 472
"E:/Game Engines/Unreal Engine Things/UnrealProjects/HorrorMaze/Content/MazeEscape/Blueprints/Characters/Mannequins/Textures/Manny/T_Manny_01_D.ubulk" 473
"E:/Game Engines/Unreal Engine Things/UnrealProjects/HorrorMaze/Content/MazeEscape/Blueprints/Characters/Mannequins/Textures/Manny/T_Manny_01_D.uexp" 474
"E:/Game Engines/Unreal Engine Things/UnrealProjects/HorrorMaze/Content/MazeEscape/Blueprints/Characters/Mannequins/Textures/Manny/T_Manny_01_BN.uasset" 475
"E:/Game Engines/Unreal Engine Things/UnrealProjects/HorrorMaze/Content/MazeEscape/Blueprints/Characters/Mannequins/Textures/Manny/T_Manny_01_BN.ubulk" 476
"E:/Game Engines/Unreal Engine Things/UnrealProjects/HorrorMaze/Content/MazeEscape/Blueprints/Characters/Mannequins/Textures/Manny/T_Manny_01_BN.uexp" 477
"E:/Game Engines/Unreal Engine Things/UnrealProjects/HorrorMaze/Content/MazeEscape/Blueprints/Characters/Mannequins/Textures/Shared/T_UE_Logo_M.uasset" 478
"E:/Game Engines/Unreal Engine Things/UnrealProjects/HorrorMaze/Content/MazeEscape/Blueprints/Characters/Mannequins/Textures/Shared/T_UE_Logo_M.uexp" 479
"E:/Game Engines/Unreal Engine Things/UnrealProjects/HorrorMaze/Content/MazeEscape/Blueprints/Characters/Mannequins/Materials/M_Mannequin.uasset" 480
"E:/Game Engines/Unreal Engine Things/UnrealProjects/HorrorMaze/Content/MazeEscape/Blueprints/Characters/Mannequins/Materials/M_Mannequin.uexp" 481
"E:/Game Engines/Unreal Engine Things/UnrealProjects/HorrorMaze/Content/MazeEscape/Blueprints/Characters/Mannequins/Materials/Manny/MI_Manny_01_New.uasset" 482
"E:/Game Engines/Unreal Engine Things/UnrealProjects/HorrorMaze/Content/MazeEscape/Blueprints/Characters/Mannequins/Materials/Manny/MI_Manny_01_New.uexp" 483
"E:/Game Engines/Unreal Engine Things/UnrealProjects/HorrorMaze/Content/MazeEscape/Blueprints/Characters/Mannequins/Textures/Manny/T_Manny_02_MRA.uasset" 484
"E:/Game Engines/Unreal Engine Things/UnrealProjects/HorrorMaze/Content/MazeEscape/Blueprints/Characters/Mannequins/Textures/Manny/T_Manny_02_MRA.ubulk" 485
"E:/Game Engines/Unreal Engine Things/UnrealProjects/HorrorMaze/Content/MazeEscape/Blueprints/Characters/Mannequins/Textures/Manny/T_Manny_02_MRA.uexp" 486
"E:/Game Engines/Unreal Engine Things/UnrealProjects/HorrorMaze/Content/MazeEscape/Blueprints/Characters/Mannequins/Textures/Manny/T_Manny_02_D.uasset" 487
"E:/Game Engines/Unreal Engine Things/UnrealProjects/HorrorMaze/Content/MazeEscape/Blueprints/Characters/Mannequins/Textures/Manny/T_Manny_02_D.ubulk" 488
"E:/Game Engines/Unreal Engine Things/UnrealProjects/HorrorMaze/Content/MazeEscape/Blueprints/Characters/Mannequins/Textures/Manny/T_Manny_02_D.uexp" 489
"E:/Game Engines/Unreal Engine Things/UnrealProjects/HorrorMaze/Content/MazeEscape/Blueprints/Characters/Mannequins/Textures/Manny/T_Manny_02_BN.uasset" 490
"E:/Game Engines/Unreal Engine Things/UnrealProjects/HorrorMaze/Content/MazeEscape/Blueprints/Characters/Mannequins/Textures/Manny/T_Manny_02_BN.ubulk" 491
"E:/Game Engines/Unreal Engine Things/UnrealProjects/HorrorMaze/Content/MazeEscape/Blueprints/Characters/Mannequins/Textures/Manny/T_Manny_02_BN.uexp" 492
"E:/Game Engines/Unreal Engine Things/UnrealProjects/HorrorMaze/Content/MazeEscape/Blueprints/Characters/Mannequins/Materials/Manny/MI_Manny_02_New.uasset" 493
"E:/Game Engines/Unreal Engine Things/UnrealProjects/HorrorMaze/Content/MazeEscape/Blueprints/Characters/Mannequins/Materials/Manny/MI_Manny_02_New.uexp" 494
"E:/Game Engines/Unreal Engine Things/UnrealProjects/HorrorMaze/Content/MazeEscape/Blueprints/Characters/Mannequins/Meshes/SKM_Manny_Simple.uasset" 495
"E:/Game Engines/Unreal Engine Things/UnrealProjects/HorrorMaze/Content/MazeEscape/Blueprints/Characters/Mannequins/Meshes/SKM_Manny_Simple.uexp" 496
"../../../Engine/Plugins/Animation/ControlRig/Content/Controls/DefaultGizmoLibraryNormalized.uasset" 497
"../../../Engine/Plugins/Animation/ControlRig/Content/Controls/DefaultGizmoLibraryNormalized.uexp" 498
"E:/Game Engines/Unreal Engine Things/UnrealProjects/HorrorMaze/Content/FirstPerson/Anims/CtrlRig_FPWarp.uasset" 499
"E:/Game Engines/Unreal Engine Things/UnrealProjects/HorrorMaze/Content/FirstPerson/Anims/CtrlRig_FPWarp.uexp" 500
"E:/Game Engines/Unreal Engine Things/UnrealProjects/HorrorMaze/Content/FirstPerson/Anims/ABP_FP_Copy.uasset" 501
"E:/Game Engines/Unreal Engine Things/UnrealProjects/HorrorMaze/Content/FirstPerson/Anims/ABP_FP_Copy.uexp" 502
"../../../Engine/Content/Animation/DefaultVariableFrameStrippingSettings.uasset" 503
"../../../Engine/Content/Animation/DefaultVariableFrameStrippingSettings.uexp" 504
"../../../Engine/Content/Animation/DefaultAnimBoneCompressionSettings.uasset" 505
"../../../Engine/Content/Animation/DefaultAnimBoneCompressionSettings.uexp" 506
"../../../Engine/Content/Animation/DefaultAnimCurveCompressionSettings.uasset" 507
"../../../Engine/Content/Animation/DefaultAnimCurveCompressionSettings.uexp" 508
"E:/Game Engines/Unreal Engine Things/UnrealProjects/HorrorMaze/Content/MazeEscape/Blueprints/Characters/Mannequins/Anims/Unarmed/MM_Idle.uasset" 509
"E:/Game Engines/Unreal Engine Things/UnrealProjects/HorrorMaze/Content/MazeEscape/Blueprints/Characters/Mannequins/Anims/Unarmed/MM_Idle.uexp" 510
"E:/Game Engines/Unreal Engine Things/UnrealProjects/HorrorMaze/Content/MazeEscape/Blueprints/Characters/Mannequins/Anims/Unarmed/Jog/MF_Unarmed_Jog_Fwd.uasset" 511
"E:/Game Engines/Unreal Engine Things/UnrealProjects/HorrorMaze/Content/MazeEscape/Blueprints/Characters/Mannequins/Anims/Unarmed/Jog/MF_Unarmed_Jog_Fwd.uexp" 512
"E:/Game Engines/Unreal Engine Things/UnrealProjects/HorrorMaze/Content/MazeEscape/Blueprints/Characters/Mannequins/Anims/Unarmed/Walk/MF_Unarmed_Walk_Fwd.uasset" 513
"E:/Game Engines/Unreal Engine Things/UnrealProjects/HorrorMaze/Content/MazeEscape/Blueprints/Characters/Mannequins/Anims/Unarmed/Walk/MF_Unarmed_Walk_Fwd.uexp" 514
"../../../Engine/Plugins/Animation/ACLPlugin/Content/ACLAnimCurveCompressionSettings.uasset" 515
"../../../Engine/Plugins/Animation/ACLPlugin/Content/ACLAnimCurveCompressionSettings.uexp" 516
"E:/Game Engines/Unreal Engine Things/UnrealProjects/HorrorMaze/Content/MazeEscape/Blueprints/Characters/Mannequins/Anims/Unarmed/Walk/MF_Unarmed_Walk_Right.uasset" 517
"E:/Game Engines/Unreal Engine Things/UnrealProjects/HorrorMaze/Content/MazeEscape/Blueprints/Characters/Mannequins/Anims/Unarmed/Walk/MF_Unarmed_Walk_Right.uexp" 518
"E:/Game Engines/Unreal Engine Things/UnrealProjects/HorrorMaze/Content/MazeEscape/Blueprints/Characters/Mannequins/Anims/Unarmed/Walk/MF_Unarmed_Walk_Left.uasset" 519
"E:/Game Engines/Unreal Engine Things/UnrealProjects/HorrorMaze/Content/MazeEscape/Blueprints/Characters/Mannequins/Anims/Unarmed/Walk/MF_Unarmed_Walk_Left.uexp" 520
"../../../Engine/Content/Animation/DefaultRecorderBoneCompression.uasset" 521
"../../../Engine/Content/Animation/DefaultRecorderBoneCompression.uexp" 522
"E:/Game Engines/Unreal Engine Things/UnrealProjects/HorrorMaze/Content/MazeEscape/Blueprints/Characters/Mannequins/Anims/Unarmed/Walk/MF_Unarmed_Walk_Fwd_Right.uasset" 523
"E:/Game Engines/Unreal Engine Things/UnrealProjects/HorrorMaze/Content/MazeEscape/Blueprints/Characters/Mannequins/Anims/Unarmed/Walk/MF_Unarmed_Walk_Fwd_Right.uexp" 524
"E:/Game Engines/Unreal Engine Things/UnrealProjects/HorrorMaze/Content/MazeEscape/Blueprints/Characters/Mannequins/Anims/Unarmed/Walk/MF_Unarmed_Walk_Fwd_Left.uasset" 525
"E:/Game Engines/Unreal Engine Things/UnrealProjects/HorrorMaze/Content/MazeEscape/Blueprints/Characters/Mannequins/Anims/Unarmed/Walk/MF_Unarmed_Walk_Fwd_Left.uexp" 526
"E:/Game Engines/Unreal Engine Things/UnrealProjects/HorrorMaze/Content/MazeEscape/Blueprints/Characters/Mannequins/Anims/Unarmed/Walk/MF_Unarmed_Walk_Bwd_Right.uasset" 527
"E:/Game Engines/Unreal Engine Things/UnrealProjects/HorrorMaze/Content/MazeEscape/Blueprints/Characters/Mannequins/Anims/Unarmed/Walk/MF_Unarmed_Walk_Bwd_Right.uexp" 528
"E:/Game Engines/Unreal Engine Things/UnrealProjects/HorrorMaze/Content/MazeEscape/Blueprints/Characters/Mannequins/Anims/Unarmed/Walk/MF_Unarmed_Walk_Bwd_Left.uasset" 529
"E:/Game Engines/Unreal Engine Things/UnrealProjects/HorrorMaze/Content/MazeEscape/Blueprints/Characters/Mannequins/Anims/Unarmed/Walk/MF_Unarmed_Walk_Bwd_Left.uexp" 530
"E:/Game Engines/Unreal Engine Things/UnrealProjects/HorrorMaze/Content/MazeEscape/Blueprints/Characters/Mannequins/Anims/Unarmed/Walk/MF_Unarmed_Walk_Bwd.uasset" 531
"E:/Game Engines/Unreal Engine Things/UnrealProjects/HorrorMaze/Content/MazeEscape/Blueprints/Characters/Mannequins/Anims/Unarmed/Walk/MF_Unarmed_Walk_Bwd.uexp" 532
"E:/Game Engines/Unreal Engine Things/UnrealProjects/HorrorMaze/Content/MazeEscape/Blueprints/Characters/Mannequins/Anims/Unarmed/Jog/MF_Unarmed_Jog_Right.uasset" 533
"E:/Game Engines/Unreal Engine Things/UnrealProjects/HorrorMaze/Content/MazeEscape/Blueprints/Characters/Mannequins/Anims/Unarmed/Jog/MF_Unarmed_Jog_Right.uexp" 534
"E:/Game Engines/Unreal Engine Things/UnrealProjects/HorrorMaze/Content/MazeEscape/Blueprints/Characters/Mannequins/Anims/Unarmed/Jog/MF_Unarmed_Jog_Left.uasset" 535
"E:/Game Engines/Unreal Engine Things/UnrealProjects/HorrorMaze/Content/MazeEscape/Blueprints/Characters/Mannequins/Anims/Unarmed/Jog/MF_Unarmed_Jog_Left.uexp" 536
"E:/Game Engines/Unreal Engine Things/UnrealProjects/HorrorMaze/Content/MazeEscape/Blueprints/Characters/Mannequins/Anims/Unarmed/Jog/MF_Unarmed_Jog_Fwd_Right.uasset" 537
"E:/Game Engines/Unreal Engine Things/UnrealProjects/HorrorMaze/Content/MazeEscape/Blueprints/Characters/Mannequins/Anims/Unarmed/Jog/MF_Unarmed_Jog_Fwd_Right.uexp" 538
"E:/Game Engines/Unreal Engine Things/UnrealProjects/HorrorMaze/Content/MazeEscape/Blueprints/Characters/Mannequins/Anims/Unarmed/Jog/MF_Unarmed_Jog_Fwd_Left.uasset" 539
"E:/Game Engines/Unreal Engine Things/UnrealProjects/HorrorMaze/Content/MazeEscape/Blueprints/Characters/Mannequins/Anims/Unarmed/Jog/MF_Unarmed_Jog_Fwd_Left.uexp" 540
"E:/Game Engines/Unreal Engine Things/UnrealProjects/HorrorMaze/Content/MazeEscape/Blueprints/Characters/Mannequins/Anims/Unarmed/Jog/MF_Unarmed_Jog_Bwd_Right.uasset" 541
"E:/Game Engines/Unreal Engine Things/UnrealProjects/HorrorMaze/Content/MazeEscape/Blueprints/Characters/Mannequins/Anims/Unarmed/Jog/MF_Unarmed_Jog_Bwd_Right.uexp" 542
"E:/Game Engines/Unreal Engine Things/UnrealProjects/HorrorMaze/Content/MazeEscape/Blueprints/Characters/Mannequins/Anims/Unarmed/Jog/MF_Unarmed_Jog_Bwd_Left.uasset" 543
"E:/Game Engines/Unreal Engine Things/UnrealProjects/HorrorMaze/Content/MazeEscape/Blueprints/Characters/Mannequins/Anims/Unarmed/Jog/MF_Unarmed_Jog_Bwd_Left.uexp" 544
"E:/Game Engines/Unreal Engine Things/UnrealProjects/HorrorMaze/Content/MazeEscape/Blueprints/Characters/Mannequins/Anims/Unarmed/Jog/MF_Unarmed_Jog_Bwd.uasset" 545
"E:/Game Engines/Unreal Engine Things/UnrealProjects/HorrorMaze/Content/MazeEscape/Blueprints/Characters/Mannequins/Anims/Unarmed/Jog/MF_Unarmed_Jog_Bwd.uexp" 546
"E:/Game Engines/Unreal Engine Things/UnrealProjects/HorrorMaze/Content/MazeEscape/Blueprints/Characters/Mannequins/Anims/Unarmed/BS_Idle_Walk_Run.uasset" 547
"E:/Game Engines/Unreal Engine Things/UnrealProjects/HorrorMaze/Content/MazeEscape/Blueprints/Characters/Mannequins/Anims/Unarmed/BS_Idle_Walk_Run.uexp" 548
"E:/Game Engines/Unreal Engine Things/UnrealProjects/HorrorMaze/Content/MazeEscape/Blueprints/Characters/Mannequins/Rigs/CR_Mannequin_FootIK.uasset" 549
"E:/Game Engines/Unreal Engine Things/UnrealProjects/HorrorMaze/Content/MazeEscape/Blueprints/Characters/Mannequins/Rigs/CR_Mannequin_FootIK.uexp" 550
"E:/Game Engines/Unreal Engine Things/UnrealProjects/HorrorMaze/Content/MazeEscape/Blueprints/Characters/Mannequins/Anims/Unarmed/Jump/MM_Land.uasset" 551
"E:/Game Engines/Unreal Engine Things/UnrealProjects/HorrorMaze/Content/MazeEscape/Blueprints/Characters/Mannequins/Anims/Unarmed/Jump/MM_Land.uexp" 552
"E:/Game Engines/Unreal Engine Things/UnrealProjects/HorrorMaze/Content/MazeEscape/Blueprints/Characters/Mannequins/Anims/Unarmed/Jump/MM_Jump.uasset" 553
"E:/Game Engines/Unreal Engine Things/UnrealProjects/HorrorMaze/Content/MazeEscape/Blueprints/Characters/Mannequins/Anims/Unarmed/Jump/MM_Jump.uexp" 554
"E:/Game Engines/Unreal Engine Things/UnrealProjects/HorrorMaze/Content/MazeEscape/Blueprints/Characters/Mannequins/Anims/Unarmed/Jump/MM_Fall_Loop.uasset" 555
"E:/Game Engines/Unreal Engine Things/UnrealProjects/HorrorMaze/Content/MazeEscape/Blueprints/Characters/Mannequins/Anims/Unarmed/Jump/MM_Fall_Loop.uexp" 556
"E:/Game Engines/Unreal Engine Things/UnrealProjects/HorrorMaze/Content/MazeEscape/Blueprints/Characters/Mannequins/Anims/Unarmed/ABP_Unarmed.uasset" 557
"E:/Game Engines/Unreal Engine Things/UnrealProjects/HorrorMaze/Content/MazeEscape/Blueprints/Characters/Mannequins/Anims/Unarmed/ABP_Unarmed.uexp" 558
"E:/Game Engines/Unreal Engine Things/UnrealProjects/HorrorMaze/Content/MazeEscape/Blueprints/Characters/BP_PlayerCharector.uasset" 559
"E:/Game Engines/Unreal Engine Things/UnrealProjects/HorrorMaze/Content/MazeEscape/Blueprints/Characters/BP_PlayerCharector.uexp" 560
"E:/Game Engines/Unreal Engine Things/UnrealProjects/HorrorMaze/Content/MazeEscape/Audio/Music/cave10.uasset" 561
"E:/Game Engines/Unreal Engine Things/UnrealProjects/HorrorMaze/Content/MazeEscape/Audio/Music/cave10.ubulk" 562
"E:/Game Engines/Unreal Engine Things/UnrealProjects/HorrorMaze/Content/MazeEscape/Audio/Music/cave10.uexp" 563
"E:/Game Engines/Unreal Engine Things/UnrealProjects/HorrorMaze/Content/MazeEscape/Audio/Music/SC_CaveSound.uasset" 564
"E:/Game Engines/Unreal Engine Things/UnrealProjects/HorrorMaze/Content/MazeEscape/Audio/Music/SC_CaveSound.uexp" 565
"E:/Game Engines/Unreal Engine Things/UnrealProjects/HorrorMaze/Content/MazeEscape/Blueprints/Game/BP_GameMode.uasset" 566
"E:/Game Engines/Unreal Engine Things/UnrealProjects/HorrorMaze/Content/MazeEscape/Blueprints/Game/BP_GameMode.uexp" 567
"E:/Game Engines/Unreal Engine Things/UnrealProjects/HorrorMaze/Content/MazeEscape/Blueprints/Gameplay/M_doorlight.uasset" 568
"E:/Game Engines/Unreal Engine Things/UnrealProjects/HorrorMaze/Content/MazeEscape/Blueprints/Gameplay/M_doorlight.uexp" 569
"E:/Game Engines/Unreal Engine Things/UnrealProjects/HorrorMaze/Content/MazeEscape/Blueprints/Gameplay/BP_Exit.uasset" 570
"E:/Game Engines/Unreal Engine Things/UnrealProjects/HorrorMaze/Content/MazeEscape/Blueprints/Gameplay/BP_Exit.uexp" 571
"../../../Engine/Plugins/Interchange/Assets/Content/Functions/MF_PhongToMetalRoughness.uasset" 572
"../../../Engine/Plugins/Interchange/Assets/Content/Functions/MF_PhongToMetalRoughness.uexp" 573
"E:/Game Engines/Unreal Engine Things/UnrealProjects/HorrorMaze/Content/MazeEscape/Art/Meshes/Material.uasset" 574
"E:/Game Engines/Unreal Engine Things/UnrealProjects/HorrorMaze/Content/MazeEscape/Art/Meshes/Material.uexp" 575
"E:/Game Engines/Unreal Engine Things/UnrealProjects/HorrorMaze/Content/MazeEscape/Art/Meshes/wall2.uasset" 576
"E:/Game Engines/Unreal Engine Things/UnrealProjects/HorrorMaze/Content/MazeEscape/Art/Meshes/wall2.ubulk" 577
"E:/Game Engines/Unreal Engine Things/UnrealProjects/HorrorMaze/Content/MazeEscape/Art/Meshes/wall2.uexp" 578
"../../../Engine/Content/Functions/Engine_MaterialFunctions01/Shading/PowerToRoughness.uasset" 579
"../../../Engine/Content/Functions/Engine_MaterialFunctions01/Shading/PowerToRoughness.uexp" 580
"../../../Engine/Content/Functions/Engine_MaterialFunctions01/Shading/ConvertFromDiffSpec.uasset" 581
"../../../Engine/Content/Functions/Engine_MaterialFunctions01/Shading/ConvertFromDiffSpec.uexp" 582
"../../../Engine/Content/ArtTools/RenderToTexture/Meshes/S_1_Unit_Plane.uasset" 583
"../../../Engine/Content/ArtTools/RenderToTexture/Meshes/S_1_Unit_Plane.ubulk" 584
"../../../Engine/Content/ArtTools/RenderToTexture/Meshes/S_1_Unit_Plane.uexp" 585
"../../../Engine/Content/VREditor/LaserPointer/VR_LaserPower_01.uasset" 586
"../../../Engine/Content/VREditor/LaserPointer/VR_LaserPower_01.ubulk" 587
"../../../Engine/Content/VREditor/LaserPointer/VR_LaserPower_01.uexp" 588
"../../../Engine/Content/VREditor/TransformGizmo/TransformGizmoMaterial.uasset" 589
"../../../Engine/Content/VREditor/TransformGizmo/TransformGizmoMaterial.uexp" 590
"../../../Engine/Content/VREditor/TransformGizmo/TranslucentTransformGizmoMaterial.uasset" 591
"../../../Engine/Content/VREditor/TransformGizmo/TranslucentTransformGizmoMaterial.uexp" 592
"../../../Engine/Content/VREditor/TransformGizmo/BoundingBoxCorner.uasset" 593
"../../../Engine/Content/VREditor/TransformGizmo/BoundingBoxCorner.ubulk" 594
"../../../Engine/Content/VREditor/TransformGizmo/BoundingBoxCorner.uexp" 595
"../../../Engine/Content/VREditor/TransformGizmo/BoundingBoxEdge.uasset" 596
"../../../Engine/Content/VREditor/TransformGizmo/BoundingBoxEdge.ubulk" 597
"../../../Engine/Content/VREditor/TransformGizmo/BoundingBoxEdge.uexp" 598
"../../../Engine/Content/VREditor/TransformGizmo/Main.uasset" 599
"../../../Engine/Content/VREditor/TransformGizmo/Main.uexp" 600
"../../../Engine/Content/VREditor/TransformGizmo/Xray.uasset" 601
"../../../Engine/Content/VREditor/TransformGizmo/Xray.uexp" 602
"../../../Engine/Content/VREditor/TransformGizmo/SM_Sequencer_Node.uasset" 603
"../../../Engine/Content/VREditor/TransformGizmo/SM_Sequencer_Node.ubulk" 604
"../../../Engine/Content/VREditor/TransformGizmo/SM_Sequencer_Node.uexp" 605
"../../../Engine/Content/EditorMaterials/Camera/CineMat.uasset" 606
"../../../Engine/Content/EditorMaterials/Camera/CineMat.uexp" 607
"../../../Engine/Content/EditorMaterials/Camera/MI_CineMat_Rig.uasset" 608
"../../../Engine/Content/EditorMaterials/Camera/MI_CineMat_Rig.uexp" 609
"../../../Engine/Content/EditorMeshes/Camera/SM_CraneRig_Arm.uasset" 610
"../../../Engine/Content/EditorMeshes/Camera/SM_CraneRig_Arm.ubulk" 611
"../../../Engine/Content/EditorMeshes/Camera/SM_CraneRig_Arm.uexp" 612
"../../../Engine/Content/EditorMeshes/Camera/SM_CraneRig_Base.uasset" 613
"../../../Engine/Content/EditorMeshes/Camera/SM_CraneRig_Base.ubulk" 614
"../../../Engine/Content/EditorMeshes/Camera/SM_CraneRig_Base.uexp" 615
"../../../Engine/Content/EditorMeshes/Camera/SM_CraneRig_Body.uasset" 616
"../../../Engine/Content/EditorMeshes/Camera/SM_CraneRig_Body.ubulk" 617
"../../../Engine/Content/EditorMeshes/Camera/SM_CraneRig_Body.uexp" 618
"../../../Engine/Content/EditorMeshes/Camera/SM_CraneRig_Mount.uasset" 619
"../../../Engine/Content/EditorMeshes/Camera/SM_CraneRig_Mount.ubulk" 620
"../../../Engine/Content/EditorMeshes/Camera/SM_CraneRig_Mount.uexp" 621
"../../../Engine/Content/EditorMeshes/Camera/SM_RailRig_Mount.uasset" 622
"../../../Engine/Content/EditorMeshes/Camera/SM_RailRig_Mount.ubulk" 623
"../../../Engine/Content/EditorMeshes/Camera/SM_RailRig_Mount.uexp" 624
"../../../Engine/Content/EditorMeshes/Camera/SM_RailRig_Track.uasset" 625
"../../../Engine/Content/EditorMeshes/Camera/SM_RailRig_Track.ubulk" 626
"../../../Engine/Content/EditorMeshes/Camera/SM_RailRig_Track.uexp" 627
"../../../Engine/Content/EngineMeshes/Sphere.uasset" 628
"../../../Engine/Content/EngineMeshes/Sphere.ubulk" 629
"../../../Engine/Content/EngineMeshes/Sphere.uexp" 630
"../../../Engine/Content/EngineSky/T_Sky_Stars.uasset" 631
"../../../Engine/Content/EngineSky/T_Sky_Stars.ubulk" 632
"../../../Engine/Content/EngineSky/T_Sky_Stars.uexp" 633
"../../../Engine/Content/EngineSky/T_Sky_Clouds_M.uasset" 634
"../../../Engine/Content/EngineSky/T_Sky_Clouds_M.ubulk" 635
"../../../Engine/Content/EngineSky/T_Sky_Clouds_M.uexp" 636
"../../../Engine/Content/EngineSky/T_Sky_Blue.uasset" 637
"../../../Engine/Content/EngineSky/T_Sky_Blue.ubulk" 638
"../../../Engine/Content/EngineSky/T_Sky_Blue.uexp" 639
"../../../Engine/Content/EngineSky/M_Sky_Panning_Clouds2.uasset" 640
"../../../Engine/Content/EngineSky/M_Sky_Panning_Clouds2.uexp" 641
"../../../Engine/Content/EngineSky/SM_SkySphere.uasset" 642
"../../../Engine/Content/EngineSky/SM_SkySphere.ubulk" 643
"../../../Engine/Content/EngineSky/SM_SkySphere.uexp" 644
"../../../Engine/Plugins/Animation/ControlRig/Content/Controls/ControlRig_Arrow2_1mm.uasset" 645
"../../../Engine/Plugins/Animation/ControlRig/Content/Controls/ControlRig_Arrow2_1mm.ubulk" 646
"../../../Engine/Plugins/Animation/ControlRig/Content/Controls/ControlRig_Arrow2_1mm.uexp" 647
"../../../Engine/Plugins/Animation/ControlRig/Content/Controls/ControlRig_Arrow2_3mm.uasset" 648
"../../../Engine/Plugins/Animation/ControlRig/Content/Controls/ControlRig_Arrow2_3mm.ubulk" 649
"../../../Engine/Plugins/Animation/ControlRig/Content/Controls/ControlRig_Arrow2_3mm.uexp" 650
"../../../Engine/Plugins/Animation/ControlRig/Content/Controls/ControlRig_Arrow2_solid.uasset" 651
"../../../Engine/Plugins/Animation/ControlRig/Content/Controls/ControlRig_Arrow2_solid.ubulk" 652
"../../../Engine/Plugins/Animation/ControlRig/Content/Controls/ControlRig_Arrow2_solid.uexp" 653
"../../../Engine/Plugins/Animation/ControlRig/Content/Controls/ControlRig_Arrow4_1mm.uasset" 654
"../../../Engine/Plugins/Animation/ControlRig/Content/Controls/ControlRig_Arrow4_1mm.ubulk" 655
"../../../Engine/Plugins/Animation/ControlRig/Content/Controls/ControlRig_Arrow4_1mm.uexp" 656
"../../../Engine/Plugins/Animation/ControlRig/Content/Controls/ControlRig_Arrow4_3mm.uasset" 657
"../../../Engine/Plugins/Animation/ControlRig/Content/Controls/ControlRig_Arrow4_3mm.ubulk" 658
"../../../Engine/Plugins/Animation/ControlRig/Content/Controls/ControlRig_Arrow4_3mm.uexp" 659
"../../../Engine/Plugins/Animation/ControlRig/Content/Controls/ControlRig_Arrow4_solid.uasset" 660
"../../../Engine/Plugins/Animation/ControlRig/Content/Controls/ControlRig_Arrow4_solid.ubulk" 661
"../../../Engine/Plugins/Animation/ControlRig/Content/Controls/ControlRig_Arrow4_solid.uexp" 662
"../../../Engine/Plugins/Animation/ControlRig/Content/Controls/ControlRig_Arrow_1mm.uasset" 663
"../../../Engine/Plugins/Animation/ControlRig/Content/Controls/ControlRig_Arrow_1mm.ubulk" 664
"../../../Engine/Plugins/Animation/ControlRig/Content/Controls/ControlRig_Arrow_1mm.uexp" 665
"../../../Engine/Plugins/Animation/ControlRig/Content/Controls/ControlRig_Arrow_3mm.uasset" 666
"../../../Engine/Plugins/Animation/ControlRig/Content/Controls/ControlRig_Arrow_3mm.ubulk" 667
"../../../Engine/Plugins/Animation/ControlRig/Content/Controls/ControlRig_Arrow_3mm.uexp" 668
"../../../Engine/Plugins/Animation/ControlRig/Content/Controls/ControlRig_Arrow_solid.uasset" 669
"../../../Engine/Plugins/Animation/ControlRig/Content/Controls/ControlRig_Arrow_solid.ubulk" 670
"../../../Engine/Plugins/Animation/ControlRig/Content/Controls/ControlRig_Arrow_solid.uexp" 671
"../../../Engine/Plugins/Animation/ControlRig/Content/Controls/ControlRig_Box_1mm.uasset" 672
"../../../Engine/Plugins/Animation/ControlRig/Content/Controls/ControlRig_Box_1mm.ubulk" 673
"../../../Engine/Plugins/Animation/ControlRig/Content/Controls/ControlRig_Box_1mm.uexp" 674
"../../../Engine/Plugins/Animation/ControlRig/Content/Controls/ControlRig_Box_3mm.uasset" 675
"../../../Engine/Plugins/Animation/ControlRig/Content/Controls/ControlRig_Box_3mm.ubulk" 676
"../../../Engine/Plugins/Animation/ControlRig/Content/Controls/ControlRig_Box_3mm.uexp" 677
"../../../Engine/Plugins/Animation/ControlRig/Content/Controls/ControlRig_Box_solid.uasset" 678
"../../../Engine/Plugins/Animation/ControlRig/Content/Controls/ControlRig_Box_solid.ubulk" 679
"../../../Engine/Plugins/Animation/ControlRig/Content/Controls/ControlRig_Box_solid.uexp" 680
"../../../Engine/Plugins/Animation/ControlRig/Content/Controls/ControlRig_Circle_1mm.uasset" 681
"../../../Engine/Plugins/Animation/ControlRig/Content/Controls/ControlRig_Circle_1mm.ubulk" 682
"../../../Engine/Plugins/Animation/ControlRig/Content/Controls/ControlRig_Circle_1mm.uexp" 683
"../../../Engine/Plugins/Animation/ControlRig/Content/Controls/ControlRig_Circle_3mm.uasset" 684
"../../../Engine/Plugins/Animation/ControlRig/Content/Controls/ControlRig_Circle_3mm.ubulk" 685
"../../../Engine/Plugins/Animation/ControlRig/Content/Controls/ControlRig_Circle_3mm.uexp" 686
"../../../Engine/Plugins/Animation/ControlRig/Content/Controls/ControlRig_Circle_solid.uasset" 687
"../../../Engine/Plugins/Animation/ControlRig/Content/Controls/ControlRig_Circle_solid.ubulk" 688
"../../../Engine/Plugins/Animation/ControlRig/Content/Controls/ControlRig_Circle_solid.uexp" 689
"../../../Engine/Plugins/Animation/ControlRig/Content/Controls/ControlRig_Diamond_1mm.uasset" 690
"../../../Engine/Plugins/Animation/ControlRig/Content/Controls/ControlRig_Diamond_1mm.ubulk" 691
"../../../Engine/Plugins/Animation/ControlRig/Content/Controls/ControlRig_Diamond_1mm.uexp" 692
"../../../Engine/Plugins/Animation/ControlRig/Content/Controls/ControlRig_Diamond_3mm.uasset" 693
"../../../Engine/Plugins/Animation/ControlRig/Content/Controls/ControlRig_Diamond_3mm.ubulk" 694
"../../../Engine/Plugins/Animation/ControlRig/Content/Controls/ControlRig_Diamond_3mm.uexp" 695
"../../../Engine/Plugins/Animation/ControlRig/Content/Controls/ControlRig_Diamond_solid.uasset" 696
"../../../Engine/Plugins/Animation/ControlRig/Content/Controls/ControlRig_Diamond_solid.ubulk" 697
"../../../Engine/Plugins/Animation/ControlRig/Content/Controls/ControlRig_Diamond_solid.uexp" 698
"../../../Engine/Plugins/Animation/ControlRig/Content/Controls/ControlRig_HalfCircle_1mm.uasset" 699
"../../../Engine/Plugins/Animation/ControlRig/Content/Controls/ControlRig_HalfCircle_1mm.ubulk" 700
"../../../Engine/Plugins/Animation/ControlRig/Content/Controls/ControlRig_HalfCircle_1mm.uexp" 701
"../../../Engine/Plugins/Animation/ControlRig/Content/Controls/ControlRig_HalfCircle_3mm.uasset" 702
"../../../Engine/Plugins/Animation/ControlRig/Content/Controls/ControlRig_HalfCircle_3mm.ubulk" 703
"../../../Engine/Plugins/Animation/ControlRig/Content/Controls/ControlRig_HalfCircle_3mm.uexp" 704
"../../../Engine/Plugins/Animation/ControlRig/Content/Controls/ControlRig_HalfCircle_solid.uasset" 705
"../../../Engine/Plugins/Animation/ControlRig/Content/Controls/ControlRig_HalfCircle_solid.ubulk" 706
"../../../Engine/Plugins/Animation/ControlRig/Content/Controls/ControlRig_HalfCircle_solid.uexp" 707
"../../../Engine/Plugins/Animation/ControlRig/Content/Controls/ControlRig_Hexagon_1mm.uasset" 708
"../../../Engine/Plugins/Animation/ControlRig/Content/Controls/ControlRig_Hexagon_1mm.ubulk" 709
"../../../Engine/Plugins/Animation/ControlRig/Content/Controls/ControlRig_Hexagon_1mm.uexp" 710
"../../../Engine/Plugins/Animation/ControlRig/Content/Controls/ControlRig_Hexagon_3mm.uasset" 711
"../../../Engine/Plugins/Animation/ControlRig/Content/Controls/ControlRig_Hexagon_3mm.ubulk" 712
"../../../Engine/Plugins/Animation/ControlRig/Content/Controls/ControlRig_Hexagon_3mm.uexp" 713
"../../../Engine/Plugins/Animation/ControlRig/Content/Controls/ControlRig_Hexagon_solid.uasset" 714
"../../../Engine/Plugins/Animation/ControlRig/Content/Controls/ControlRig_Hexagon_solid.ubulk" 715
"../../../Engine/Plugins/Animation/ControlRig/Content/Controls/ControlRig_Hexagon_solid.uexp" 716
"../../../Engine/Plugins/Animation/ControlRig/Content/Controls/ControlRig_Octagon_1mm.uasset" 717
"../../../Engine/Plugins/Animation/ControlRig/Content/Controls/ControlRig_Octagon_1mm.ubulk" 718
"../../../Engine/Plugins/Animation/ControlRig/Content/Controls/ControlRig_Octagon_1mm.uexp" 719
"../../../Engine/Plugins/Animation/ControlRig/Content/Controls/ControlRig_Octagon_3mm.uasset" 720
"../../../Engine/Plugins/Animation/ControlRig/Content/Controls/ControlRig_Octagon_3mm.ubulk" 721
"../../../Engine/Plugins/Animation/ControlRig/Content/Controls/ControlRig_Octagon_3mm.uexp" 722
"../../../Engine/Plugins/Animation/ControlRig/Content/Controls/ControlRig_Octagon_solid.uasset" 723
"../../../Engine/Plugins/Animation/ControlRig/Content/Controls/ControlRig_Octagon_solid.ubulk" 724
"../../../Engine/Plugins/Animation/ControlRig/Content/Controls/ControlRig_Octagon_solid.uexp" 725
"../../../Engine/Plugins/Animation/ControlRig/Content/Controls/ControlRig_Pyramid_1mm.uasset" 726
"../../../Engine/Plugins/Animation/ControlRig/Content/Controls/ControlRig_Pyramid_1mm.ubulk" 727
"../../../Engine/Plugins/Animation/ControlRig/Content/Controls/ControlRig_Pyramid_1mm.uexp" 728
"../../../Engine/Plugins/Animation/ControlRig/Content/Controls/ControlRig_Pyramid_3mm.uasset" 729
"../../../Engine/Plugins/Animation/ControlRig/Content/Controls/ControlRig_Pyramid_3mm.ubulk" 730
"../../../Engine/Plugins/Animation/ControlRig/Content/Controls/ControlRig_Pyramid_3mm.uexp" 731
"../../../Engine/Plugins/Animation/ControlRig/Content/Controls/ControlRig_Pyramid_solid.uasset" 732
"../../../Engine/Plugins/Animation/ControlRig/Content/Controls/ControlRig_Pyramid_solid.ubulk" 733
"../../../Engine/Plugins/Animation/ControlRig/Content/Controls/ControlRig_Pyramid_solid.uexp" 734
"../../../Engine/Plugins/Animation/ControlRig/Content/Controls/ControlRig_QuarterCircle_1mm.uasset" 735
"../../../Engine/Plugins/Animation/ControlRig/Content/Controls/ControlRig_QuarterCircle_1mm.ubulk" 736
"../../../Engine/Plugins/Animation/ControlRig/Content/Controls/ControlRig_QuarterCircle_1mm.uexp" 737
"../../../Engine/Plugins/Animation/ControlRig/Content/Controls/ControlRig_QuarterCircle_3mm.uasset" 738
"../../../Engine/Plugins/Animation/ControlRig/Content/Controls/ControlRig_QuarterCircle_3mm.ubulk" 739
"../../../Engine/Plugins/Animation/ControlRig/Content/Controls/ControlRig_QuarterCircle_3mm.uexp" 740
"../../../Engine/Plugins/Animation/ControlRig/Content/Controls/ControlRig_QuarterCircle_solid.uasset" 741
"../../../Engine/Plugins/Animation/ControlRig/Content/Controls/ControlRig_QuarterCircle_solid.ubulk" 742
"../../../Engine/Plugins/Animation/ControlRig/Content/Controls/ControlRig_QuarterCircle_solid.uexp" 743
"../../../Engine/Plugins/Animation/ControlRig/Content/Controls/ControlRig_RoundedSquare_1mm.uasset" 744
"../../../Engine/Plugins/Animation/ControlRig/Content/Controls/ControlRig_RoundedSquare_1mm.ubulk" 745
"../../../Engine/Plugins/Animation/ControlRig/Content/Controls/ControlRig_RoundedSquare_1mm.uexp" 746
"../../../Engine/Plugins/Animation/ControlRig/Content/Controls/ControlRig_RoundedSquare_3mm.uasset" 747
"../../../Engine/Plugins/Animation/ControlRig/Content/Controls/ControlRig_RoundedSquare_3mm.ubulk" 748
"../../../Engine/Plugins/Animation/ControlRig/Content/Controls/ControlRig_RoundedSquare_3mm.uexp" 749
"../../../Engine/Plugins/Animation/ControlRig/Content/Controls/ControlRig_RoundedSquare_solid.uasset" 750
"../../../Engine/Plugins/Animation/ControlRig/Content/Controls/ControlRig_RoundedSquare_solid.ubulk" 751
"../../../Engine/Plugins/Animation/ControlRig/Content/Controls/ControlRig_RoundedSquare_solid.uexp" 752
"../../../Engine/Plugins/Animation/ControlRig/Content/Controls/ControlRig_RoundedTriangle_1mm.uasset" 753
"../../../Engine/Plugins/Animation/ControlRig/Content/Controls/ControlRig_RoundedTriangle_1mm.ubulk" 754
"../../../Engine/Plugins/Animation/ControlRig/Content/Controls/ControlRig_RoundedTriangle_1mm.uexp" 755
"../../../Engine/Plugins/Animation/ControlRig/Content/Controls/ControlRig_RoundedTriangle_3mm.uasset" 756
"../../../Engine/Plugins/Animation/ControlRig/Content/Controls/ControlRig_RoundedTriangle_3mm.ubulk" 757
"../../../Engine/Plugins/Animation/ControlRig/Content/Controls/ControlRig_RoundedTriangle_3mm.uexp" 758
"../../../Engine/Plugins/Animation/ControlRig/Content/Controls/ControlRig_RoundedTriangle_solid.uasset" 759
"../../../Engine/Plugins/Animation/ControlRig/Content/Controls/ControlRig_RoundedTriangle_solid.ubulk" 760
"../../../Engine/Plugins/Animation/ControlRig/Content/Controls/ControlRig_RoundedTriangle_solid.uexp" 761
"../../../Engine/Plugins/Animation/ControlRig/Content/Controls/ControlRig_Sphere_1mm.uasset" 762
"../../../Engine/Plugins/Animation/ControlRig/Content/Controls/ControlRig_Sphere_1mm.ubulk" 763
"../../../Engine/Plugins/Animation/ControlRig/Content/Controls/ControlRig_Sphere_1mm.uexp" 764
"../../../Engine/Plugins/Animation/ControlRig/Content/Controls/ControlRig_Sphere_3mm.uasset" 765
"../../../Engine/Plugins/Animation/ControlRig/Content/Controls/ControlRig_Sphere_3mm.ubulk" 766
"../../../Engine/Plugins/Animation/ControlRig/Content/Controls/ControlRig_Sphere_3mm.uexp" 767
"../../../Engine/Plugins/Animation/ControlRig/Content/Controls/ControlRig_Sphere_solid.uasset" 768
"../../../Engine/Plugins/Animation/ControlRig/Content/Controls/ControlRig_Sphere_solid.ubulk" 769
"../../../Engine/Plugins/Animation/ControlRig/Content/Controls/ControlRig_Sphere_solid.uexp" 770
"../../../Engine/Plugins/Animation/ControlRig/Content/Controls/ControlRig_Square_1mm.uasset" 771
"../../../Engine/Plugins/Animation/ControlRig/Content/Controls/ControlRig_Square_1mm.ubulk" 772
"../../../Engine/Plugins/Animation/ControlRig/Content/Controls/ControlRig_Square_1mm.uexp" 773
"../../../Engine/Plugins/Animation/ControlRig/Content/Controls/ControlRig_Square_3mm.uasset" 774
"../../../Engine/Plugins/Animation/ControlRig/Content/Controls/ControlRig_Square_3mm.ubulk" 775
"../../../Engine/Plugins/Animation/ControlRig/Content/Controls/ControlRig_Square_3mm.uexp" 776
"../../../Engine/Plugins/Animation/ControlRig/Content/Controls/ControlRig_Square_solid.uasset" 777
"../../../Engine/Plugins/Animation/ControlRig/Content/Controls/ControlRig_Square_solid.ubulk" 778
"../../../Engine/Plugins/Animation/ControlRig/Content/Controls/ControlRig_Square_solid.uexp" 779
"../../../Engine/Plugins/Animation/ControlRig/Content/Controls/ControlRig_Star4_1mm.uasset" 780
"../../../Engine/Plugins/Animation/ControlRig/Content/Controls/ControlRig_Star4_1mm.ubulk" 781
"../../../Engine/Plugins/Animation/ControlRig/Content/Controls/ControlRig_Star4_1mm.uexp" 782
"../../../Engine/Plugins/Animation/ControlRig/Content/Controls/ControlRig_Star4_3mm.uasset" 783
"../../../Engine/Plugins/Animation/ControlRig/Content/Controls/ControlRig_Star4_3mm.ubulk" 784
"../../../Engine/Plugins/Animation/ControlRig/Content/Controls/ControlRig_Star4_3mm.uexp" 785
"../../../Engine/Plugins/Animation/ControlRig/Content/Controls/ControlRig_Star4_solid.uasset" 786
"../../../Engine/Plugins/Animation/ControlRig/Content/Controls/ControlRig_Star4_solid.ubulk" 787
"../../../Engine/Plugins/Animation/ControlRig/Content/Controls/ControlRig_Star4_solid.uexp" 788
"../../../Engine/Plugins/Animation/ControlRig/Content/Controls/ControlRig_Triangle_1mm.uasset" 789
"../../../Engine/Plugins/Animation/ControlRig/Content/Controls/ControlRig_Triangle_1mm.ubulk" 790
"../../../Engine/Plugins/Animation/ControlRig/Content/Controls/ControlRig_Triangle_1mm.uexp" 791
"../../../Engine/Plugins/Animation/ControlRig/Content/Controls/ControlRig_Triangle_3mm.uasset" 792
"../../../Engine/Plugins/Animation/ControlRig/Content/Controls/ControlRig_Triangle_3mm.ubulk" 793
"../../../Engine/Plugins/Animation/ControlRig/Content/Controls/ControlRig_Triangle_3mm.uexp" 794
"../../../Engine/Plugins/Animation/ControlRig/Content/Controls/ControlRig_Triangle_solid.uasset" 795
"../../../Engine/Plugins/Animation/ControlRig/Content/Controls/ControlRig_Triangle_solid.ubulk" 796
"../../../Engine/Plugins/Animation/ControlRig/Content/Controls/ControlRig_Triangle_solid.uexp" 797
"../../../Engine/Plugins/Animation/ControlRig/Content/Controls/ControlRig_Wedge_1mm.uasset" 798
"../../../Engine/Plugins/Animation/ControlRig/Content/Controls/ControlRig_Wedge_1mm.ubulk" 799
"../../../Engine/Plugins/Animation/ControlRig/Content/Controls/ControlRig_Wedge_1mm.uexp" 800
"../../../Engine/Plugins/Animation/ControlRig/Content/Controls/ControlRig_Wedge_3mm.uasset" 801
"../../../Engine/Plugins/Animation/ControlRig/Content/Controls/ControlRig_Wedge_3mm.ubulk" 802
"../../../Engine/Plugins/Animation/ControlRig/Content/Controls/ControlRig_Wedge_3mm.uexp" 803
"../../../Engine/Plugins/Animation/ControlRig/Content/Controls/ControlRig_Wedge_solid.uasset" 804
"../../../Engine/Plugins/Animation/ControlRig/Content/Controls/ControlRig_Wedge_solid.ubulk" 805
"../../../Engine/Plugins/Animation/ControlRig/Content/Controls/ControlRig_Wedge_solid.uexp" 806
"../../../Engine/Content/EditorLandscapeResources/SplineEditorMeshMat.uasset" 807
"../../../Engine/Content/EditorLandscapeResources/SplineEditorMeshMat.uexp" 808
"../../../Engine/Content/EditorLandscapeResources/SplineEditorMesh.uasset" 809
"../../../Engine/Content/EditorLandscapeResources/SplineEditorMesh.ubulk" 810
"../../../Engine/Content/EditorLandscapeResources/SplineEditorMesh.uexp" 811
"../../../Engine/Content/EngineMaterials/DefaultMaterial.uasset" 812
"../../../Engine/Content/EngineMaterials/DefaultMaterial.uexp" 813
"../../../Engine/Content/BasicShapes/Cone.uasset" 814
"../../../Engine/Content/BasicShapes/Cone.ubulk" 815
"../../../Engine/Content/BasicShapes/Cone.uexp" 816
"../../../Engine/Content/BasicShapes/Cylinder.uasset" 817
"../../../Engine/Content/BasicShapes/Cylinder.ubulk" 818
"../../../Engine/Content/BasicShapes/Cylinder.uexp" 819
"../../../Engine/Content/BasicShapes/Plane.uasset" 820
"../../../Engine/Content/BasicShapes/Plane.ubulk" 821
"../../../Engine/Content/BasicShapes/Plane.uexp" 822
"../../../Engine/Content/BasicShapes/Sphere.uasset" 823
"../../../Engine/Content/BasicShapes/Sphere.ubulk" 824
"../../../Engine/Content/BasicShapes/Sphere.uexp" 825
"../../../Engine/Plugins/Media/MediaPlate/Content/SM_MediaPlateScreen.uasset" 826
"../../../Engine/Plugins/Media/MediaPlate/Content/SM_MediaPlateScreen.ubulk" 827
"../../../Engine/Plugins/Media/MediaPlate/Content/SM_MediaPlateScreen.uexp" 828
"../../../Engine/Content/EngineMaterials/WeightMapPlaceholderTexture.uasset" 829
"../../../Engine/Content/EngineMaterials/WeightMapPlaceholderTexture.uexp" 830
"../../../Engine/Content/EngineMaterials/WeightMapArrayPlaceholderTexture.uasset" 831
"../../../Engine/Content/EngineMaterials/WeightMapArrayPlaceholderTexture.uexp" 832
"../../../Engine/Content/EngineMaterials/Substrate/Glints2/AGlintTex2dArray2.uasset" 833
"../../../Engine/Content/EngineMaterials/Substrate/Glints2/AGlintTex2dArray2.uexp" 834
"../../../Engine/Content/EngineMaterials/Substrate/GLints/AGlintTex2dArray.uasset" 835
"../../../Engine/Content/EngineMaterials/Substrate/GLints/AGlintTex2dArray.uexp" 836
"../../../Engine/Content/EngineResources/DefaultTextureCube.uasset" 837
"../../../Engine/Content/EngineResources/DefaultTextureCube.uexp" 838
"../../../Engine/Plugins/2D/Paper2D/Content/DefaultSpriteMaterial.uasset" 839
"../../../Engine/Plugins/2D/Paper2D/Content/DefaultSpriteMaterial.uexp" 840
"../../../Engine/Plugins/2D/Paper2D/Content/OpaqueUnlitSpriteMaterial.uasset" 841
"../../../Engine/Plugins/2D/Paper2D/Content/OpaqueUnlitSpriteMaterial.uexp" 842
"../../../Engine/Plugins/2D/Paper2D/Content/MaskedUnlitSpriteMaterial.uasset" 843
"../../../Engine/Plugins/2D/Paper2D/Content/MaskedUnlitSpriteMaterial.uexp" 844
"../../../Engine/Plugins/NNE/NNEDenoiser/Content/NNE_oidn2-3-0_rt_hdr_calb_cnrm_large__dyn__fp16_opset11_ForwardAlpha.uasset" 845
"../../../Engine/Plugins/NNE/NNEDenoiser/Content/NNE_oidn2-3-0_rt_hdr_calb_cnrm_large__dyn__fp16_opset11_ForwardAlpha.uexp" 846
"../../../Engine/Plugins/NNE/NNEDenoiser/Content/NNE_oidn2-3-0_rt_hdr_calb_cnrm_large__dyn__fp16_opset11_DenoiseAlpha.uasset" 847
"../../../Engine/Plugins/NNE/NNEDenoiser/Content/NNE_oidn2-3-0_rt_hdr_calb_cnrm_large__dyn__fp16_opset11_DenoiseAlpha.uexp" 848
"../../../Engine/Plugins/NNE/NNEDenoiser/Content/NNE_oidn2-3-0_rt_hdr_alb_nrm__dyn__fp16_opset11_ForwardAlpha.uasset" 849
"../../../Engine/Plugins/NNE/NNEDenoiser/Content/NNE_oidn2-3-0_rt_hdr_alb_nrm__dyn__fp16_opset11_ForwardAlpha.uexp" 850
"../../../Engine/Plugins/NNE/NNEDenoiser/Content/NNE_oidn2-3-0_rt_hdr_alb_nrm__dyn__fp16_opset11_DenoiseAlpha.uasset" 851
"../../../Engine/Plugins/NNE/NNEDenoiser/Content/NNE_oidn2-3-0_rt_hdr_alb_nrm__dyn__fp16_opset11_DenoiseAlpha.uexp" 852
"../../../Engine/Plugins/NNE/NNEDenoiser/Content/NNE_oidn2-3-0_rt_hdr_alb_nrm_small__dyn__fp16_opset11_ForwardAlpha.uasset" 853
"../../../Engine/Plugins/NNE/NNEDenoiser/Content/NNE_oidn2-3-0_rt_hdr_alb_nrm_small__dyn__fp16_opset11_ForwardAlpha.uexp" 854
"../../../Engine/Plugins/NNE/NNEDenoiser/Content/NNE_oidn2-3-0_rt_hdr_alb_nrm_small__dyn__fp16_opset11_DenoiseAlpha.uasset" 855
"../../../Engine/Plugins/NNE/NNEDenoiser/Content/NNE_oidn2-3-0_rt_hdr_alb_nrm_small__dyn__fp16_opset11_DenoiseAlpha.uexp" 856
"../../../Engine/Content/Functions/Engine_MaterialFunctions03/Math/WithinRangeFloat2.uasset" 857
"../../../Engine/Content/Functions/Engine_MaterialFunctions03/Math/WithinRangeFloat2.uexp" 858
"../../../Engine/Content/EditorLandscapeResources/SelectBrushMaterial.uasset" 859
"../../../Engine/Content/EditorLandscapeResources/SelectBrushMaterial.uexp" 860
"../../../Engine/Content/EditorLandscapeResources/SelectBrushMaterial_SelectedRegion.uasset" 861
"../../../Engine/Content/EditorLandscapeResources/SelectBrushMaterial_SelectedRegion.uexp" 862
"../../../Engine/Content/EditorLandscapeResources/SelectBrushMaterial_Selected.uasset" 863
"../../../Engine/Content/EditorLandscapeResources/SelectBrushMaterial_Selected.uexp" 864
"../../../Engine/Content/EditorLandscapeResources/MaskBrushMaterial.uasset" 865
"../../../Engine/Content/EditorLandscapeResources/MaskBrushMaterial.uexp" 866
"../../../Engine/Content/EditorLandscapeResources/MaskBrushMaterial_MaskedRegion.uasset" 867
"../../../Engine/Content/EditorLandscapeResources/MaskBrushMaterial_MaskedRegion.uexp" 868
"../../../Engine/Content/EditorLandscapeResources/ColorMaskBrushMaterial.uasset" 869
"../../../Engine/Content/EditorLandscapeResources/ColorMaskBrushMaterial.uexp" 870
"../../../Engine/Content/EditorLandscapeResources/ColorMaskBrushMaterial_MaskedRegion.uasset" 871
"../../../Engine/Content/EditorLandscapeResources/ColorMaskBrushMaterial_MaskedRegion.uexp" 872
"../../../Engine/Content/VREditor/Sounds/UI/Drop_Item_From_ContentBrowser.uasset" 873
"../../../Engine/Content/VREditor/Sounds/UI/Drop_Item_From_ContentBrowser.ubulk" 874
"../../../Engine/Content/VREditor/Sounds/UI/Drop_Item_From_ContentBrowser.uexp" 875
"../../../Engine/Content/VREditor/Sounds/UI/Gizmo_Handle_Clicked.uasset" 876
"../../../Engine/Content/VREditor/Sounds/UI/Gizmo_Handle_Clicked.ubulk" 877
"../../../Engine/Content/VREditor/Sounds/UI/Gizmo_Handle_Clicked.uexp" 878
"../../../Engine/Content/VREditor/Sounds/UI/Object_PickUp.uasset" 879
"../../../Engine/Content/VREditor/Sounds/UI/Object_PickUp.ubulk" 880
"../../../Engine/Content/VREditor/Sounds/UI/Object_PickUp.uexp" 881
"../../../Engine/Content/VREditor/Sounds/UI/Object_Snaps_To_Another_Actor.uasset" 882
"../../../Engine/Content/VREditor/Sounds/UI/Object_Snaps_To_Another_Actor.ubulk" 883
"../../../Engine/Content/VREditor/Sounds/UI/Object_Snaps_To_Another_Actor.uexp" 884
"../../../Engine/Content/VREditor/Sounds/UI/Object_Snaps_To_Grid.uasset" 885
"../../../Engine/Content/VREditor/Sounds/UI/Object_Snaps_To_Grid.ubulk" 886
"../../../Engine/Content/VREditor/Sounds/UI/Object_Snaps_To_Grid.uexp" 887
"../../../Engine/Content/VREditor/Sounds/UI/Scaling_Down.uasset" 888
"../../../Engine/Content/VREditor/Sounds/UI/Scaling_Down.ubulk" 889
"../../../Engine/Content/VREditor/Sounds/UI/Scaling_Down.uexp" 890
"../../../Engine/Content/VREditor/Sounds/UI/Scaling_Up.uasset" 891
"../../../Engine/Content/VREditor/Sounds/UI/Scaling_Up.ubulk" 892
"../../../Engine/Content/VREditor/Sounds/UI/Scaling_Up.uexp" 893
"../../../Engine/Content/VREditor/Sounds/UI/Selection_Changes.uasset" 894
"../../../Engine/Content/VREditor/Sounds/UI/Selection_Changes.ubulk" 895
"../../../Engine/Content/VREditor/Sounds/UI/Selection_Changes.uexp" 896
"../../../Engine/Content/Functions/Engine_MaterialFunctions02/Math/Transform3x3Matrix.uasset" 897
"../../../Engine/Content/Functions/Engine_MaterialFunctions02/Math/Transform3x3Matrix.uexp" 898
"../../../Engine/Content/Functions/Engine_MaterialFunctions02/SplitComponents.uasset" 899
"../../../Engine/Content/Functions/Engine_MaterialFunctions02/SplitComponents.uexp" 900
"../../../Engine/Content/VREditor/SnapGrid/SnapGridMaterial.uasset" 901
"../../../Engine/Content/VREditor/SnapGrid/SnapGridMaterial.uexp" 902
"../../../Engine/Content/VREditor/SnapGrid/SnapGridPlaneMesh.uasset" 903
"../../../Engine/Content/VREditor/SnapGrid/SnapGridPlaneMesh.ubulk" 904
"../../../Engine/Content/VREditor/SnapGrid/SnapGridPlaneMesh.uexp" 905
"../../../Engine/Content/VREditor/TransformGizmo/PlaneTranslationHandle.uasset" 906
"../../../Engine/Content/VREditor/TransformGizmo/PlaneTranslationHandle.ubulk" 907
"../../../Engine/Content/VREditor/TransformGizmo/PlaneTranslationHandle.uexp" 908
"../../../Engine/Content/VREditor/TransformGizmo/RotationHandleFull.uasset" 909
"../../../Engine/Content/VREditor/TransformGizmo/RotationHandleFull.ubulk" 910
"../../../Engine/Content/VREditor/TransformGizmo/RotationHandleFull.uexp" 911
"../../../Engine/Content/VREditor/TransformGizmo/RotationHandleIndicator.uasset" 912
"../../../Engine/Content/VREditor/TransformGizmo/RotationHandleIndicator.ubulk" 913
"../../../Engine/Content/VREditor/TransformGizmo/RotationHandleIndicator.uexp" 914
"../../../Engine/Content/VREditor/TransformGizmo/RotationHandleQuarter.uasset" 915
"../../../Engine/Content/VREditor/TransformGizmo/RotationHandleQuarter.ubulk" 916
"../../../Engine/Content/VREditor/TransformGizmo/RotationHandleQuarter.uexp" 917
"../../../Engine/Content/VREditor/TransformGizmo/StartRotationHandleIndicator.uasset" 918
"../../../Engine/Content/VREditor/TransformGizmo/StartRotationHandleIndicator.ubulk" 919
"../../../Engine/Content/VREditor/TransformGizmo/StartRotationHandleIndicator.uexp" 920
"../../../Engine/Content/VREditor/TransformGizmo/TranslucentTransformGizmoMaterial_Inst.uasset" 921
"../../../Engine/Content/VREditor/TransformGizmo/TranslucentTransformGizmoMaterial_Inst.uexp" 922
"../../../Engine/Content/VREditor/TransformGizmo/TransformGizmoFreeRotation.uasset" 923
"../../../Engine/Content/VREditor/TransformGizmo/TransformGizmoFreeRotation.ubulk" 924
"../../../Engine/Content/VREditor/TransformGizmo/TransformGizmoFreeRotation.uexp" 925
"../../../Engine/Content/VREditor/TransformGizmo/TranslateArrowHandle.uasset" 926
"../../../Engine/Content/VREditor/TransformGizmo/TranslateArrowHandle.ubulk" 927
"../../../Engine/Content/VREditor/TransformGizmo/TranslateArrowHandle.uexp" 928
"../../../Engine/Content/VREditor/TransformGizmo/UniformScaleHandle.uasset" 929
"../../../Engine/Content/VREditor/TransformGizmo/UniformScaleHandle.ubulk" 930
"../../../Engine/Content/VREditor/TransformGizmo/UniformScaleHandle.uexp" 931
"../../../Engine/Content/VREditor/TransformGizmo/TransformGizmoMaterial_Inst.uasset" 932
"../../../Engine/Content/VREditor/TransformGizmo/TransformGizmoMaterial_Inst.uexp" 933
"../../../Engine/Content/EngineResources/LandscapeVisibilityLayerInfo.uasset" 934
"../../../Engine/Content/EngineResources/LandscapeVisibilityLayerInfo.uexp" 935
"../../../Engine/Content/EngineResources/WhiteSquareTexture.uasset" 936
"../../../Engine/Content/EngineResources/WhiteSquareTexture.uexp" 937
"../../../Engine/Content/EngineMaterials/Widget3DPassThrough.uasset" 938
"../../../Engine/Content/EngineMaterials/Widget3DPassThrough.uexp" 939
"../../../Engine/Content/EngineMaterials/Widget3DPassThrough_Translucent.uasset" 940
"../../../Engine/Content/EngineMaterials/Widget3DPassThrough_Translucent.uexp" 941
"../../../Engine/Content/EngineMaterials/Widget3DPassThrough_Translucent_OneSided.uasset" 942
"../../../Engine/Content/EngineMaterials/Widget3DPassThrough_Translucent_OneSided.uexp" 943
"../../../Engine/Content/EngineMaterials/Widget3DPassThrough_Opaque.uasset" 944
"../../../Engine/Content/EngineMaterials/Widget3DPassThrough_Opaque.uexp" 945
"../../../Engine/Content/EngineMaterials/Widget3DPassThrough_Opaque_OneSided.uasset" 946
"../../../Engine/Content/EngineMaterials/Widget3DPassThrough_Opaque_OneSided.uexp" 947
"../../../Engine/Content/EngineMaterials/Widget3DPassThrough_Masked_OneSided.uasset" 948
"../../../Engine/Content/EngineMaterials/Widget3DPassThrough_Masked_OneSided.uexp" 949
"../../../Engine/Content/EngineMaterials/Widget3DPassThrough_Masked.uasset" 950
"../../../Engine/Content/EngineMaterials/Widget3DPassThrough_Masked.uexp" 951
"../../../Engine/Content/EngineSky/VolumetricClouds/VT_PerlinWorley_Balanced.uasset" 952
"../../../Engine/Content/EngineSky/VolumetricClouds/VT_PerlinWorley_Balanced.uexp" 953
"../../../Engine/Content/EngineSky/VolumetricClouds/T_Profile_08.uasset" 954
"../../../Engine/Content/EngineSky/VolumetricClouds/T_Profile_08.ubulk" 955
"../../../Engine/Content/EngineSky/VolumetricClouds/T_Profile_08.uexp" 956
"../../../Engine/Content/EngineSky/VolumetricClouds/T_CloudPattern.uasset" 957
"../../../Engine/Content/EngineSky/VolumetricClouds/T_CloudPattern.ubulk" 958
"../../../Engine/Content/EngineSky/VolumetricClouds/T_CloudPattern.uexp" 959
"../../../Engine/Content/EngineSky/VolumetricClouds/T_CloudMask.uasset" 960
"../../../Engine/Content/EngineSky/VolumetricClouds/T_CloudMask.ubulk" 961
"../../../Engine/Content/EngineSky/VolumetricClouds/T_CloudMask.uexp" 962
"../../../Engine/Content/Functions/Engine_MaterialFunctions02/Utility/BreakOutFloat4Components.uasset" 963
"../../../Engine/Content/Functions/Engine_MaterialFunctions02/Utility/BreakOutFloat4Components.uexp" 964
"../../../Engine/Content/EngineResources/DefaultVolumeTexture2D.uasset" 965
"../../../Engine/Content/EngineResources/DefaultVolumeTexture2D.uexp" 966
"../../../Engine/Content/EngineResources/DefaultVolumeTexture.uasset" 967
"../../../Engine/Content/EngineResources/DefaultVolumeTexture.uexp" 968
"../../../Engine/Content/Functions/Engine_MaterialFunctions02/Utility/MakeFloat4.uasset" 969
"../../../Engine/Content/Functions/Engine_MaterialFunctions02/Utility/MakeFloat4.uexp" 970
"../../../Engine/Content/Functions/Engine_MaterialFunctions01/Units/Km-to-Cm.uasset" 971
"../../../Engine/Content/Functions/Engine_MaterialFunctions01/Units/Km-to-Cm.uexp" 972
"../../../Engine/Content/EngineSky/VolumetricClouds/VT_Lightning.uasset" 973
"../../../Engine/Content/EngineSky/VolumetricClouds/VT_Lightning.uexp" 974
"../../../Engine/Content/EngineSky/VolumetricClouds/m_SimpleVolumetricCloud.uasset" 975
"../../../Engine/Content/EngineSky/VolumetricClouds/m_SimpleVolumetricCloud.uexp" 976
"../../../Engine/Content/EngineSky/VolumetricClouds/m_SimpleVolumetricCloud_Inst.uasset" 977
"../../../Engine/Content/EngineSky/VolumetricClouds/m_SimpleVolumetricCloud_Inst.uexp" 978
"../../../Engine/Plugins/Interchange/Assets/Content/gltf/Textures/T_White_srgb.uasset" 979
"../../../Engine/Plugins/Interchange/Assets/Content/gltf/Textures/T_White_srgb.uexp" 980
"../../../Engine/Plugins/Interchange/Assets/Content/gltf/MaterialFunctions/MF_BaseColor.uasset" 981
"../../../Engine/Plugins/Interchange/Assets/Content/gltf/MaterialFunctions/MF_BaseColor.uexp" 982
"../../../Engine/Plugins/Interchange/Assets/Content/gltf/MaterialFunctions/MF_RotateV2.uasset" 983
"../../../Engine/Plugins/Interchange/Assets/Content/gltf/MaterialFunctions/MF_RotateV2.uexp" 984
"../../../Engine/Plugins/Interchange/Assets/Content/gltf/MaterialFunctions/MF_TransformUVs.uasset" 985
"../../../Engine/Plugins/Interchange/Assets/Content/gltf/MaterialFunctions/MF_TransformUVs.uexp" 986
"../../../Engine/Plugins/Interchange/Assets/Content/gltf/MaterialBodies/MF_Unlit_Body.uasset" 987
"../../../Engine/Plugins/Interchange/Assets/Content/gltf/MaterialBodies/MF_Unlit_Body.uexp" 988
"../../../Engine/Plugins/Interchange/Assets/Content/gltf/M_Unlit.uasset" 989
"../../../Engine/Plugins/Interchange/Assets/Content/gltf/M_Unlit.uexp" 990
"../../../Engine/Plugins/Interchange/Assets/Content/gltf/MaterialInstances/MI_Unlit_Opaque_DS.uasset" 991
"../../../Engine/Plugins/Interchange/Assets/Content/gltf/MaterialInstances/MI_Unlit_Opaque_DS.uexp" 992
"../../../Engine/Plugins/Interchange/Assets/Content/gltf/MaterialInstances/MI_Unlit_Opaque.uasset" 993
"../../../Engine/Plugins/Interchange/Assets/Content/gltf/MaterialInstances/MI_Unlit_Opaque.uexp" 994
"../../../Engine/Plugins/Interchange/Assets/Content/gltf/MaterialInstances/MI_Unlit_Mask_DS.uasset" 995
"../../../Engine/Plugins/Interchange/Assets/Content/gltf/MaterialInstances/MI_Unlit_Mask_DS.uexp" 996
"../../../Engine/Plugins/Interchange/Assets/Content/gltf/MaterialInstances/MI_Unlit_Mask.uasset" 997
"../../../Engine/Plugins/Interchange/Assets/Content/gltf/MaterialInstances/MI_Unlit_Mask.uexp" 998
"../../../Engine/Plugins/Interchange/Assets/Content/gltf/MaterialInstances/MI_Unlit_Blend_DS.uasset" 999
"../../../Engine/Plugins/Interchange/Assets/Content/gltf/MaterialInstances/MI_Unlit_Blend_DS.uexp" 1000
"../../../Engine/Plugins/Interchange/Assets/Content/gltf/MaterialInstances/MI_Unlit_Blend.uasset" 1001
"../../../Engine/Plugins/Interchange/Assets/Content/gltf/MaterialInstances/MI_Unlit_Blend.uexp" 1002
"../../../Engine/Content/EngineMaterials/Good64x64TilingNoiseHighFreq.uasset" 1003
"../../../Engine/Content/EngineMaterials/Good64x64TilingNoiseHighFreq.uexp" 1004
"../../../Engine/Content/Functions/Engine_MaterialFunctions02/Texturing/ScreenAlignedPixelToPixelUVs.uasset" 1005
"../../../Engine/Content/Functions/Engine_MaterialFunctions02/Texturing/ScreenAlignedPixelToPixelUVs.uexp" 1006
"../../../Engine/Plugins/Interchange/Assets/Content/Utilities/New_LUT.uasset" 1007
"../../../Engine/Plugins/Interchange/Assets/Content/Utilities/New_LUT.uexp" 1008
"../../../Engine/Content/Functions/Engine_MaterialFunctions03/Math/RemapValueRange.uasset" 1009
"../../../Engine/Content/Functions/Engine_MaterialFunctions03/Math/RemapValueRange.uexp" 1010
"../../../Engine/Plugins/Interchange/Assets/Content/Functions/MF_Iridescence.uasset" 1011
"../../../Engine/Plugins/Interchange/Assets/Content/Functions/MF_Iridescence.uexp" 1012
"../../../Engine/Plugins/Interchange/Assets/Content/gltf/MaterialFunctions/MF_Fresnel_DS.uasset" 1013
"../../../Engine/Plugins/Interchange/Assets/Content/gltf/MaterialFunctions/MF_Fresnel_DS.uexp" 1014
"../../../Engine/Plugins/Interchange/Assets/Content/gltf/MaterialFunctions/MF_IOR.uasset" 1015
"../../../Engine/Plugins/Interchange/Assets/Content/gltf/MaterialFunctions/MF_IOR.uexp" 1016
"../../../Engine/Plugins/Interchange/Assets/Content/gltf/MaterialFunctions/MF_Iridescence.uasset" 1017
"../../../Engine/Plugins/Interchange/Assets/Content/gltf/MaterialFunctions/MF_Iridescence.uexp" 1018
"../../../Engine/Plugins/Interchange/Assets/Content/gltf/Textures/T_White_Linear.uasset" 1019
"../../../Engine/Plugins/Interchange/Assets/Content/gltf/Textures/T_White_Linear.uexp" 1020
"../../../Engine/Plugins/Interchange/Assets/Content/gltf/MaterialFunctions/MF_MetallicRoughness.uasset" 1021
"../../../Engine/Plugins/Interchange/Assets/Content/gltf/MaterialFunctions/MF_MetallicRoughness.uexp" 1022
"../../../Engine/Plugins/Interchange/Assets/Content/gltf/MaterialFunctions/MF_RotateNormals_TS.uasset" 1023
"../../../Engine/Plugins/Interchange/Assets/Content/gltf/MaterialFunctions/MF_RotateNormals_TS.uexp" 1024
"../../../Engine/Plugins/Interchange/Assets/Content/gltf/MaterialFunctions/MF_ScaleNormal.uasset" 1025
"../../../Engine/Plugins/Interchange/Assets/Content/gltf/MaterialFunctions/MF_ScaleNormal.uexp" 1026
"../../../Engine/Plugins/Interchange/Assets/Content/gltf/Textures/T_Generic_N.uasset" 1027
"../../../Engine/Plugins/Interchange/Assets/Content/gltf/Textures/T_Generic_N.uexp" 1028
"../../../Engine/Plugins/Interchange/Assets/Content/gltf/MaterialFunctions/MF_Normals.uasset" 1029
"../../../Engine/Plugins/Interchange/Assets/Content/gltf/MaterialFunctions/MF_Normals.uexp" 1030
"../../../Engine/Plugins/Interchange/Assets/Content/gltf/MaterialFunctions/MF_Occlusion.uasset" 1031
"../../../Engine/Plugins/Interchange/Assets/Content/gltf/MaterialFunctions/MF_Occlusion.uexp" 1032
"../../../Engine/Plugins/Interchange/Assets/Content/gltf/MaterialFunctions/MF_Specular.uasset" 1033
"../../../Engine/Plugins/Interchange/Assets/Content/gltf/MaterialFunctions/MF_Specular.uexp" 1034
"../../../Engine/Plugins/Interchange/Assets/Content/gltf/Textures/T_Anisotropy_Direction_Linear.uasset" 1035
"../../../Engine/Plugins/Interchange/Assets/Content/gltf/Textures/T_Anisotropy_Direction_Linear.uexp" 1036
"../../../Engine/Plugins/Interchange/Assets/Content/gltf/MaterialFunctions/MF_SpecularAnisotropy.uasset" 1037
"../../../Engine/Plugins/Interchange/Assets/Content/gltf/MaterialFunctions/MF_SpecularAnisotropy.uexp" 1038
"../../../Engine/Plugins/Interchange/Assets/Content/gltf/MaterialFunctions/MF_Temporal_Blur.uasset" 1039
"../../../Engine/Plugins/Interchange/Assets/Content/gltf/MaterialFunctions/MF_Temporal_Blur.uexp" 1040
"../../../Engine/Plugins/Interchange/Assets/Content/gltf/MaterialFunctions/MF_Transmission.uasset" 1041
"../../../Engine/Plugins/Interchange/Assets/Content/gltf/MaterialFunctions/MF_Transmission.uexp" 1042
"../../../Engine/Plugins/Interchange/Assets/Content/gltf/MaterialBodies/MF_Transmission_Body.uasset" 1043
"../../../Engine/Plugins/Interchange/Assets/Content/gltf/MaterialBodies/MF_Transmission_Body.uexp" 1044
"../../../Engine/Plugins/Interchange/Assets/Content/gltf/M_Transmission.uasset" 1045
"../../../Engine/Plugins/Interchange/Assets/Content/gltf/M_Transmission.uexp" 1046
"../../../Engine/Plugins/Interchange/Assets/Content/gltf/MaterialInstances/MI_Transmission_DS.uasset" 1047
"../../../Engine/Plugins/Interchange/Assets/Content/gltf/MaterialInstances/MI_Transmission_DS.uexp" 1048
"../../../Engine/Plugins/Interchange/Assets/Content/gltf/MaterialInstances/MI_Transmission.uasset" 1049
"../../../Engine/Plugins/Interchange/Assets/Content/gltf/MaterialInstances/MI_Transmission.uexp" 1050
"../../../Engine/Content/Functions/Engine_MaterialFunctions02/Math/AddComponents.uasset" 1051
"../../../Engine/Content/Functions/Engine_MaterialFunctions02/Math/AddComponents.uexp" 1052
"../../../Engine/Plugins/Interchange/Assets/Content/gltf/MaterialFunctions/MF_DiffuseSpecGloss.uasset" 1053
"../../../Engine/Plugins/Interchange/Assets/Content/gltf/MaterialFunctions/MF_DiffuseSpecGloss.uexp" 1054
"../../../Engine/Plugins/Interchange/Assets/Content/gltf/MaterialFunctions/MF_Emissive.uasset" 1055
"../../../Engine/Plugins/Interchange/Assets/Content/gltf/MaterialFunctions/MF_Emissive.uexp" 1056
"../../../Engine/Plugins/Interchange/Assets/Content/gltf/MaterialFunctions/MF_MaxComponentValue.uasset" 1057
"../../../Engine/Plugins/Interchange/Assets/Content/gltf/MaterialFunctions/MF_MaxComponentValue.uexp" 1058
"../../../Engine/Plugins/Interchange/Assets/Content/gltf/MaterialFunctions/MF_PerceivedBrightness.uasset" 1059
"../../../Engine/Plugins/Interchange/Assets/Content/gltf/MaterialFunctions/MF_PerceivedBrightness.uexp" 1060
"../../../Engine/Plugins/Interchange/Assets/Content/gltf/MaterialFunctions/MF_SpecGlossToMetalRoughness.uasset" 1061
"../../../Engine/Plugins/Interchange/Assets/Content/gltf/MaterialFunctions/MF_SpecGlossToMetalRoughness.uexp" 1062
"../../../Engine/Plugins/Interchange/Assets/Content/gltf/MaterialBodies/MF_SpecularGlossiness_Body.uasset" 1063
"../../../Engine/Plugins/Interchange/Assets/Content/gltf/MaterialBodies/MF_SpecularGlossiness_Body.uexp" 1064
"../../../Engine/Plugins/Interchange/Assets/Content/gltf/M_SpecularGlossiness.uasset" 1065
"../../../Engine/Plugins/Interchange/Assets/Content/gltf/M_SpecularGlossiness.uexp" 1066
"../../../Engine/Plugins/Interchange/Assets/Content/gltf/MaterialInstances/MI_SpecularGlossiness_Opaque_DS.uasset" 1067
"../../../Engine/Plugins/Interchange/Assets/Content/gltf/MaterialInstances/MI_SpecularGlossiness_Opaque_DS.uexp" 1068
"../../../Engine/Plugins/Interchange/Assets/Content/gltf/MaterialInstances/MI_SpecularGlossiness_Opaque.uasset" 1069
"../../../Engine/Plugins/Interchange/Assets/Content/gltf/MaterialInstances/MI_SpecularGlossiness_Opaque.uexp" 1070
"../../../Engine/Plugins/Interchange/Assets/Content/gltf/MaterialInstances/MI_SpecularGlossiness_Mask_DS.uasset" 1071
"../../../Engine/Plugins/Interchange/Assets/Content/gltf/MaterialInstances/MI_SpecularGlossiness_Mask_DS.uexp" 1072
"../../../Engine/Plugins/Interchange/Assets/Content/gltf/MaterialInstances/MI_SpecularGlossiness_Mask.uasset" 1073
"../../../Engine/Plugins/Interchange/Assets/Content/gltf/MaterialInstances/MI_SpecularGlossiness_Mask.uexp" 1074
"../../../Engine/Plugins/Interchange/Assets/Content/gltf/MaterialInstances/MI_SpecularGlossiness_Blend_DS.uasset" 1075
"../../../Engine/Plugins/Interchange/Assets/Content/gltf/MaterialInstances/MI_SpecularGlossiness_Blend_DS.uexp" 1076
"../../../Engine/Plugins/Interchange/Assets/Content/gltf/MaterialInstances/MI_SpecularGlossiness_Blend.uasset" 1077
"../../../Engine/Plugins/Interchange/Assets/Content/gltf/MaterialInstances/MI_SpecularGlossiness_Blend.uexp" 1078
"../../../Engine/Plugins/Interchange/Assets/Content/gltf/MaterialFunctions/MF_Sheen.uasset" 1079
"../../../Engine/Plugins/Interchange/Assets/Content/gltf/MaterialFunctions/MF_Sheen.uexp" 1080
"../../../Engine/Plugins/Interchange/Assets/Content/gltf/MaterialBodies/MF_Sheen_Body.uasset" 1081
"../../../Engine/Plugins/Interchange/Assets/Content/gltf/MaterialBodies/MF_Sheen_Body.uexp" 1082
"../../../Engine/Plugins/Interchange/Assets/Content/gltf/M_Sheen.uasset" 1083
"../../../Engine/Plugins/Interchange/Assets/Content/gltf/M_Sheen.uexp" 1084
"../../../Engine/Plugins/Interchange/Assets/Content/gltf/MaterialInstances/MI_Sheen_Opaque_DS.uasset" 1085
"../../../Engine/Plugins/Interchange/Assets/Content/gltf/MaterialInstances/MI_Sheen_Opaque_DS.uexp" 1086
"../../../Engine/Plugins/Interchange/Assets/Content/gltf/MaterialInstances/MI_Sheen_Opaque.uasset" 1087
"../../../Engine/Plugins/Interchange/Assets/Content/gltf/MaterialInstances/MI_Sheen_Opaque.uexp" 1088
"../../../Engine/Plugins/Interchange/Assets/Content/gltf/MaterialInstances/MI_Sheen_Mask_DS.uasset" 1089
"../../../Engine/Plugins/Interchange/Assets/Content/gltf/MaterialInstances/MI_Sheen_Mask_DS.uexp" 1090
"../../../Engine/Plugins/Interchange/Assets/Content/gltf/MaterialInstances/MI_Sheen_Mask.uasset" 1091
"../../../Engine/Plugins/Interchange/Assets/Content/gltf/MaterialInstances/MI_Sheen_Mask.uexp" 1092
"../../../Engine/Plugins/Interchange/Assets/Content/gltf/MaterialInstances/MI_Sheen_Blend_DS.uasset" 1093
"../../../Engine/Plugins/Interchange/Assets/Content/gltf/MaterialInstances/MI_Sheen_Blend_DS.uexp" 1094
"../../../Engine/Plugins/Interchange/Assets/Content/gltf/MaterialInstances/MI_Sheen_Blend.uasset" 1095
"../../../Engine/Plugins/Interchange/Assets/Content/gltf/MaterialInstances/MI_Sheen_Blend.uexp" 1096
"../../../Engine/Plugins/Interchange/Assets/Content/gltf/MaterialBodies/MF_Default_Body.uasset" 1097
"../../../Engine/Plugins/Interchange/Assets/Content/gltf/MaterialBodies/MF_Default_Body.uexp" 1098
"../../../Engine/Plugins/Interchange/Assets/Content/gltf/M_Default.uasset" 1099
"../../../Engine/Plugins/Interchange/Assets/Content/gltf/M_Default.uexp" 1100
"../../../Engine/Plugins/Interchange/Assets/Content/gltf/MaterialInstances/MI_Default_Opaque_DS.uasset" 1101
"../../../Engine/Plugins/Interchange/Assets/Content/gltf/MaterialInstances/MI_Default_Opaque_DS.uexp" 1102
"../../../Engine/Plugins/Interchange/Assets/Content/gltf/MaterialInstances/MI_Default_Opaque.uasset" 1103
"../../../Engine/Plugins/Interchange/Assets/Content/gltf/MaterialInstances/MI_Default_Opaque.uexp" 1104
"../../../Engine/Plugins/Interchange/Assets/Content/gltf/MaterialInstances/MI_Default_Mask_DS.uasset" 1105
"../../../Engine/Plugins/Interchange/Assets/Content/gltf/MaterialInstances/MI_Default_Mask_DS.uexp" 1106
"../../../Engine/Plugins/Interchange/Assets/Content/gltf/MaterialInstances/MI_Default_Mask.uasset" 1107
"../../../Engine/Plugins/Interchange/Assets/Content/gltf/MaterialInstances/MI_Default_Mask.uexp" 1108
"../../../Engine/Plugins/Interchange/Assets/Content/gltf/MaterialInstances/MI_Default_Blend_DS.uasset" 1109
"../../../Engine/Plugins/Interchange/Assets/Content/gltf/MaterialInstances/MI_Default_Blend_DS.uexp" 1110
"../../../Engine/Plugins/Interchange/Assets/Content/gltf/MaterialInstances/MI_Default_Blend.uasset" 1111
"../../../Engine/Plugins/Interchange/Assets/Content/gltf/MaterialInstances/MI_Default_Blend.uexp" 1112
"../../../Engine/Content/Functions/Engine_MaterialFunctions01/Texturing/FlattenNormal.uasset" 1113
"../../../Engine/Content/Functions/Engine_MaterialFunctions01/Texturing/FlattenNormal.uexp" 1114
"../../../Engine/Plugins/Interchange/Assets/Content/gltf/MaterialFunctions/MF_Clearcoat.uasset" 1115
"../../../Engine/Plugins/Interchange/Assets/Content/gltf/MaterialFunctions/MF_Clearcoat.uexp" 1116
"../../../Engine/Plugins/Interchange/Assets/Content/gltf/MaterialBodies/MF_ClearCoat_Body.uasset" 1117
"../../../Engine/Plugins/Interchange/Assets/Content/gltf/MaterialBodies/MF_ClearCoat_Body.uexp" 1118
"../../../Engine/Plugins/Interchange/Assets/Content/gltf/M_ClearCoat.uasset" 1119
"../../../Engine/Plugins/Interchange/Assets/Content/gltf/M_ClearCoat.uexp" 1120
"../../../Engine/Plugins/Interchange/Assets/Content/gltf/MaterialInstances/MI_ClearCoat_Opaque_DS.uasset" 1121
"../../../Engine/Plugins/Interchange/Assets/Content/gltf/MaterialInstances/MI_ClearCoat_Opaque_DS.uexp" 1122
"../../../Engine/Plugins/Interchange/Assets/Content/gltf/MaterialInstances/MI_ClearCoat_Opaque.uasset" 1123
"../../../Engine/Plugins/Interchange/Assets/Content/gltf/MaterialInstances/MI_ClearCoat_Opaque.uexp" 1124
"../../../Engine/Plugins/Interchange/Assets/Content/gltf/MaterialInstances/MI_ClearCoat_Mask_DS.uasset" 1125
"../../../Engine/Plugins/Interchange/Assets/Content/gltf/MaterialInstances/MI_ClearCoat_Mask_DS.uexp" 1126
"../../../Engine/Plugins/Interchange/Assets/Content/gltf/MaterialInstances/MI_ClearCoat_Mask.uasset" 1127
"../../../Engine/Plugins/Interchange/Assets/Content/gltf/MaterialInstances/MI_ClearCoat_Mask.uexp" 1128
"../../../Engine/Plugins/Interchange/Assets/Content/gltf/MaterialInstances/MI_ClearCoat_Blend_DS.uasset" 1129
"../../../Engine/Plugins/Interchange/Assets/Content/gltf/MaterialInstances/MI_ClearCoat_Blend_DS.uexp" 1130
"../../../Engine/Plugins/Interchange/Assets/Content/gltf/MaterialInstances/MI_ClearCoat_Blend.uasset" 1131
"../../../Engine/Plugins/Interchange/Assets/Content/gltf/MaterialInstances/MI_ClearCoat_Blend.uexp" 1132
"../../../Engine/Content/EngineMaterials/Substrate/Volume/SubstrateSimpleVolumeLUT3D.uasset" 1133
"../../../Engine/Content/EngineMaterials/Substrate/Volume/SubstrateSimpleVolumeLUT3D.uexp" 1134
"../../../Engine/Content/EngineMaterials/Substrate/Volume/SubstrateSimpleVolumeEnvLUT3D.uasset" 1135
"../../../Engine/Content/EngineMaterials/Substrate/Volume/SubstrateSimpleVolumeEnvLUT3D.uexp" 1136
"../../../Engine/Plugins/NNE/NNEDenoiser/Content/NNED_Oidn2-3_HighQuality_Alpha.uasset" 1137
"../../../Engine/Plugins/NNE/NNEDenoiser/Content/NNED_Oidn2-3_HighQuality_Alpha.uexp" 1138
"../../../Engine/Plugins/NNE/NNEDenoiser/Content/NNED_Oidn2-3_HighQuality.uasset" 1139
"../../../Engine/Plugins/NNE/NNEDenoiser/Content/NNED_Oidn2-3_HighQuality.uexp" 1140
"../../../Engine/Plugins/NNE/NNEDenoiser/Content/NNED_Oidn2-3_Fast_Alpha.uasset" 1141
"../../../Engine/Plugins/NNE/NNEDenoiser/Content/NNED_Oidn2-3_Fast_Alpha.uexp" 1142
"../../../Engine/Plugins/NNE/NNEDenoiser/Content/NNED_Oidn2-3_Fast.uasset" 1143
"../../../Engine/Plugins/NNE/NNEDenoiser/Content/NNED_Oidn2-3_Fast.uexp" 1144
"../../../Engine/Plugins/NNE/NNEDenoiser/Content/NNED_Oidn2-3_Balanced_Alpha.uasset" 1145
"../../../Engine/Plugins/NNE/NNEDenoiser/Content/NNED_Oidn2-3_Balanced_Alpha.uexp" 1146
"../../../Engine/Plugins/NNE/NNEDenoiser/Content/NNED_Oidn2-3_Balanced.uasset" 1147
"../../../Engine/Plugins/NNE/NNEDenoiser/Content/NNED_Oidn2-3_Balanced.uexp" 1148
"../../../Engine/Plugins/NNE/NNEDenoiser/Content/NNEDT_Oidn2-3_Balanced_Alpha.uasset" 1149
"../../../Engine/Plugins/NNE/NNEDenoiser/Content/NNEDT_Oidn2-3_Balanced_Alpha.uexp" 1150
"../../../Engine/Plugins/NNE/NNEDenoiser/Content/NNEDT_Oidn2-3_Balanced.uasset" 1151
"../../../Engine/Plugins/NNE/NNEDenoiser/Content/NNEDT_Oidn2-3_Balanced.uexp" 1152
"../../../Engine/Plugins/Animation/DeformerGraph/Content/DeformerFunctions/DG_Function_LinearBlendSkin_Morph_Cloth_PositionOnly.uasset" 1153
"../../../Engine/Plugins/Animation/DeformerGraph/Content/DeformerFunctions/DG_Function_LinearBlendSkin_Morph_Cloth_PositionOnly.uexp" 1154
"../../../Engine/Plugins/Animation/DeformerGraph/Content/DeformerFunctions/DG_Function_ComputeNormalsTangents.uasset" 1155
"../../../Engine/Plugins/Animation/DeformerGraph/Content/DeformerFunctions/DG_Function_ComputeNormalsTangents.uexp" 1156
"../../../Engine/Plugins/Animation/DeformerGraph/Content/Deformers/DG_LinearBlendSkin_Morph_Cloth_RecomputeNormals.uasset" 1157
"../../../Engine/Plugins/Animation/DeformerGraph/Content/Deformers/DG_LinearBlendSkin_Morph_Cloth_RecomputeNormals.uexp" 1158
"../../../Engine/Plugins/Animation/DeformerGraph/Content/DeformerFunctions/DG_Function_LinearBlendSkin_Morph_Cloth.uasset" 1159
"../../../Engine/Plugins/Animation/DeformerGraph/Content/DeformerFunctions/DG_Function_LinearBlendSkin_Morph_Cloth.uexp" 1160
"../../../Engine/Plugins/Animation/DeformerGraph/Content/Deformers/DG_LinearBlendSkin_Morph_Cloth.uasset" 1161
"../../../Engine/Plugins/Animation/DeformerGraph/Content/Deformers/DG_LinearBlendSkin_Morph_Cloth.uexp" 1162
"../../../Engine/Content/Maps/Entry_BuiltData.uasset" 1163
"../../../Engine/Content/Maps/Entry_BuiltData.uexp" 1164
"../../../Engine/Content/Maps/Entry.umap" 1165
"../../../Engine/Content/Maps/Entry.uexp" 1166
"E:/Game Engines/Unreal Engine Things/UnrealProjects/HorrorMaze/Content/MazeEscape/Blueprints/UI/Horror_Maze_Main.uasset" 1167
"E:/Game Engines/Unreal Engine Things/UnrealProjects/HorrorMaze/Content/MazeEscape/Blueprints/UI/Horror_Maze_Main.uexp" 1168
"E:/Game Engines/Unreal Engine Things/UnrealProjects/HorrorMaze/Content/MazeEscape/Blueprints/UI/WBP_MainMenu.uasset" 1169
"E:/Game Engines/Unreal Engine Things/UnrealProjects/HorrorMaze/Content/MazeEscape/Blueprints/UI/WBP_MainMenu.uexp" 1170
"E:/Game Engines/Unreal Engine Things/UnrealProjects/HorrorMaze/Content/MazeEscape/Blueprints/Game/BP_MainMenuGameMode.uasset" 1171
"E:/Game Engines/Unreal Engine Things/UnrealProjects/HorrorMaze/Content/MazeEscape/Blueprints/Game/BP_MainMenuGameMode.uexp" 1172
"E:/Game Engines/Unreal Engine Things/UnrealProjects/HorrorMaze/Content/MazeEscape/Maps/MainMenu.umap" 1173
"E:/Game Engines/Unreal Engine Things/UnrealProjects/HorrorMaze/Content/MazeEscape/Maps/MainMenu.uexp" 1174
"../../../Engine/Content/EditorResources/BadBlueprintSprite.uasset" 1175
"../../../Engine/Content/EditorResources/BadBlueprintSprite.ubulk" 1176
"../../../Engine/Content/EditorResources/BadBlueprintSprite.uexp" 1177
"E:/Game Engines/Unreal Engine Things/UnrealProjects/HorrorMaze/Content/MazeEscape/Maps/MainLevel.umap" 1178
"E:/Game Engines/Unreal Engine Things/UnrealProjects/HorrorMaze/Content/MazeEscape/Maps/MainLevel.uexp" 1179
