"E:/Game Engines/Unreal Engine Things/UnrealProjects/B3_Maze/B3_Maze.uproject" 1
"../../../Engine/Plugins/AudioGameplay/AudioGameplay.uplugin" 2
"../../../Engine/Plugins/AudioGameplayVolume/AudioGameplayVolume.uplugin" 3
"../../../Engine/Plugins/BlueprintFileUtils/BlueprintFileUtils.uplugin" 4
"../../../Engine/Plugins/AudioInsights/AudioInsights.uplugin" 5
"../../../Engine/Plugins/ChaosCloth/ChaosCloth.uplugin" 6
"../../../Engine/Plugins/Bridge/Bridge.uplugin" 7
"../../../Engine/Plugins/ChaosClothAssetEditor/ChaosClothAssetEditor.uplugin" 8
"../../../Engine/Plugins/ChaosClothAsset/ChaosClothAsset.uplugin" 9
"../../../Engine/Plugins/ChaosInsights/ChaosInsights.uplugin" 10
"../../../Engine/Plugins/CmdLinkServer/CmdLinkServer.uplugin" 11
"../../../Engine/Plugins/DiscoveryBeaconReceiver/DiscoveryBeaconReceiver.uplugin" 12
"../../../Engine/Plugins/Chooser/Chooser.uplugin" 13
"../../../Engine/Plugins/ChaosVD/ChaosVD.uplugin" 14
"../../../Engine/Plugins/EnhancedInput/EnhancedInput.uplugin" 15
"../../../Engine/Plugins/Fab/Fab.uplugin" 16
"../../../Engine/Plugins/FastBuildController/FastBuildController.uplugin" 17
"../../../Engine/Plugins/IoStoreInsights/IoStoreInsights.uplugin" 18
"../../../Engine/Plugins/JsonBlueprintUtilities/JsonBlueprintUtilities.uplugin" 19
"../../../Engine/Plugins/LightWeightInstancesEditor/LightWeightInstancesEditor.uplugin" 20
"../../../Engine/Plugins/MassInsights/MassInsights.uplugin" 21
"../../../Engine/Plugins/MemoryUsageQueries/MemoryUsageQueries.uplugin" 22
"../../../Engine/Plugins/MeshPainting/MeshPainting.uplugin" 23
"../../../Engine/Plugins/Mutable/Mutable.uplugin" 24
"../../../Engine/Plugins/PCG/PCG.uplugin" 25
"../../../Engine/Plugins/TextureGraph/TextureGraph.uplugin" 26
"../../../Engine/Plugins/TraceUtilities/TraceUtilities.uplugin" 27
"../../../Engine/Plugins/ScriptPlugin/ScriptPlugin.uplugin" 28
"../../../Engine/Plugins/WorldMetrics/WorldMetrics.uplugin" 29
"../../../Engine/Plugins/XGEController/XGEController.uplugin" 30
"../../../Engine/Plugins/Enterprise/AxFImporter/AxFImporter.uplugin" 31
"../../../Engine/Plugins/UbaController/UbaController.uplugin" 32
"../../../Engine/Plugins/Enterprise/DataprepEditor/DataprepEditor.uplugin" 33
"../../../Engine/Plugins/Enterprise/DatasmithCADImporter/DatasmithCADImporter.uplugin" 34
"../../../Engine/Plugins/Enterprise/DatasmithContent/DatasmithContent.uplugin" 35
"../../../Engine/Plugins/Enterprise/DatasmithFBXImporter/DatasmithFBXImporter.uplugin" 36
"../../../Engine/Plugins/Enterprise/DatasmithImporter/DatasmithImporter.uplugin" 37
"../../../Engine/Plugins/Enterprise/DatasmithC4DImporter/DatasmithC4DImporter.uplugin" 38
"../../../Engine/Plugins/Enterprise/GLTFExporter/GLTFExporter.uplugin" 39
"../../../Engine/Plugins/Enterprise/LidarPointCloud/LidarPointCloud.uplugin" 40
"../../../Engine/Plugins/Enterprise/MDLImporter/MDLImporter.uplugin" 41
"../../../Engine/Plugins/Enterprise/VariantManager/VariantManager.uplugin" 42
"../../../Engine/Plugins/Importers/AlembicImporter/AlembicImporter.uplugin" 43
"../../../Engine/Plugins/Importers/AlembicHairImporter/AlembicHairImporter.uplugin" 44
"../../../Engine/Plugins/Importers/USDImporter/USDImporter.uplugin" 45
"../../../Engine/Plugins/Importers/USDImporterMDL/USDImporterMDL.uplugin" 46
"../../../Engine/Plugins/Enterprise/VariantManagerContent/VariantManagerContent.uplugin" 47
"../../../Engine/Plugins/Importers/USDMultiUser/USDMultiUser.uplugin" 48
"../../../Engine/Plugins/Media/AndroidCamera/AndroidCamera.uplugin" 49
"../../../Engine/Plugins/Media/AndroidMedia/AndroidMedia.uplugin" 50
"../../../Engine/Plugins/Media/AjaMedia/AjaMedia.uplugin" 51
"../../../Engine/Plugins/Media/AppleProResMedia/AppleProResMedia.uplugin" 52
"../../../Engine/Plugins/Media/AppleProResDecoderElectra/AppleProResDecoderElectra.uplugin" 53
"../../../Engine/Plugins/Media/AvfMedia/AvfMedia.uplugin" 54
"../../../Engine/Plugins/Media/AudioCaptureTimecodeProvider/AudioCaptureTimecodeProvider.uplugin" 55
"../../../Engine/Plugins/Media/AvidDNxHDDecoderElectra/AvidDNxHDDecoderElectra.uplugin" 56
"../../../Engine/Plugins/Media/AvidDNxMedia/AvidDNxMedia.uplugin" 57
"../../../Engine/Plugins/Media/BinkMedia/BinkMedia.uplugin" 58
"../../../Engine/Plugins/Media/D3D12VideoDecodersElectra/D3D12VideoDecodersElectra.uplugin" 59
"../../../Engine/Plugins/Media/BlackmagicMedia/BlackmagicMedia.uplugin" 60
"../../../Engine/Plugins/Media/ElectraCodecs/ElectraCodecs.uplugin" 61
"../../../Engine/Plugins/Media/ElectraPlayer/ElectraPlayer.uplugin" 62
"../../../Engine/Plugins/Media/ElectraUtil/ElectraUtil.uplugin" 63
"../../../Engine/Plugins/Media/ElectraCDM/ElectraCDM.uplugin" 64
"../../../Engine/Plugins/Media/HAPDecoderElectra/HAPDecoderElectra.uplugin" 65
"../../../Engine/Plugins/Media/HAPMedia/HAPMedia.uplugin" 66
"../../../Engine/Plugins/Media/HardwareEncoders/HardwareEncoders.uplugin" 67
"../../../Engine/Plugins/Media/ImgMedia/ImgMedia.uplugin" 68
"../../../Engine/Plugins/RenderGraphInsights/RenderGraphInsights.uplugin" 69
"../../../Engine/Plugins/Media/MediaIOFramework/MediaIOFramework.uplugin" 70
"../../../Engine/Plugins/Media/MediaMovieStreamer/MediaMovieStreamer.uplugin" 71
"../../../Engine/Plugins/Media/MediaPlate/MediaPlate.uplugin" 72
"../../../Engine/Plugins/Media/MediaPlayerEditor/MediaPlayerEditor.uplugin" 73
"../../../Engine/Plugins/Media/MfMedia/MfMedia.uplugin" 74
"../../../Engine/Plugins/Media/NDIMedia/NDIMedia.uplugin" 75
"../../../Engine/Plugins/Media/WebMMedia/WebMMedia.uplugin" 76
"../../../Engine/Plugins/Media/OpusDecoderElectra/OpusDecoderElectra.uplugin" 77
"../../../Engine/Plugins/Media/WmfMedia/WmfMedia.uplugin" 78
"../../../Engine/Plugins/Media/MediaCompositing/MediaCompositing.uplugin" 79
"../../../Engine/Plugins/Media/FlacDecoderElectra/FlacDecoderElectra.uplugin" 80
"../../../Engine/Plugins/Media/ElectraSubtitles/ElectraSubtitles.uplugin" 81
"../../../Engine/Plugins/Media/PixelCapture/PixelCapture.uplugin" 82
"../../../Engine/Plugins/Media/VPxDecoderElectra/VPxDecoderElectra.uplugin" 83
"../../../Engine/Plugins/Media/PixelStreaming2/PixelStreaming2.uplugin" 84
"../../../Engine/Plugins/Messaging/MessagingDebugger/MessagingDebugger.uplugin" 85
"../../../Engine/Plugins/Messaging/TcpMessaging/TcpMessaging.uplugin" 86
"../../../Engine/Plugins/MovieScene/ActorSequence/ActorSequence.uplugin" 87
"../../../Engine/Plugins/Messaging/UdpMessaging/UdpMessaging.uplugin" 88
"../../../Engine/Plugins/MovieScene/LevelSequenceEditor/LevelSequenceEditor.uplugin" 89
"../../../Engine/Plugins/MovieScene/CustomizableSequencerTracks/CustomizableSequencerTracks.uplugin" 90
"../../../Engine/Plugins/MovieScene/MovieRenderPipeline/MovieRenderPipeline.uplugin" 91
"../../../Engine/Plugins/MovieScene/MovieSceneTextTrack/MovieSceneTextTrack.uplugin" 92
"../../../Engine/Plugins/MovieScene/ReplayTracks/ReplayTracks.uplugin" 93
"../../../Engine/Plugins/MovieScene/TemplateSequence/TemplateSequence.uplugin" 94
"../../../Engine/Plugins/NetcodeUnitTest/NUTUnrealEngine/NUTUnrealEngine.uplugin" 95
"../../../Engine/Plugins/Media/PixelStreaming/PixelStreaming.uplugin" 96
"../../../Engine/Plugins/Online/EOSOverlayInputProvider/EOSOverlayInputProvider.uplugin" 97
"../../../Engine/Plugins/Media/LinearTimecode/LinearTimecode.uplugin" 98
"../../../Engine/Plugins/Media/MediaFrameworkUtilities/MediaFrameworkUtilities.uplugin" 99
"../../../Engine/Plugins/Online/OnlineBase/OnlineBase.uplugin" 100
"../../../Engine/Plugins/Media/TimecodeSynchronizer/TimecodeSynchronizer.uplugin" 101
"../../../Engine/Plugins/Online/EOSShared/EOSShared.uplugin" 102
"../../../Engine/Plugins/NetcodeUnitTest/NetcodeUnitTest/NetcodeUnitTest.uplugin" 103
"../../../Engine/Plugins/Online/OnlineFramework/OnlineFramework.uplugin" 104
"../../../Engine/Plugins/Online/OnlineServices/OnlineServices.uplugin" 105
"../../../Engine/Plugins/Online/OnlineServicesEOS/OnlineServicesEOS.uplugin" 106
"../../../Engine/Plugins/Online/OnlineServicesEOSGS/OnlineServicesEOSGS.uplugin" 107
"../../../Engine/Plugins/Online/OnlineServicesOSSAdapter/OnlineServicesOSSAdapter.uplugin" 108
"../../../Engine/Plugins/Online/OnlineServicesEpicCommon/OnlineServicesEpicCommon.uplugin" 109
"../../../Engine/Plugins/Online/OnlineServicesNull/OnlineServicesNull.uplugin" 110
"../../../Engine/Plugins/Online/OnlineSubsystemAmazon/OnlineSubsystemAmazon.uplugin" 111
"../../../Engine/Plugins/MovieScene/MoviePipelineMaskRenderPass/MoviePipelineMaskRenderPass.uplugin" 112
"../../../Engine/Plugins/Online/OnlineSubsystemFacebook/OnlineSubsystemFacebook.uplugin" 113
"../../../Engine/Plugins/Online/OnlineSubsystemGoogle/OnlineSubsystemGoogle.uplugin" 114
"../../../Engine/Plugins/Online/OnlineSubsystem/OnlineSubsystem.uplugin" 115
"../../../Engine/Plugins/Online/OnlineSubsystemUtils/OnlineSubsystemUtils.uplugin" 116
"../../../Engine/Plugins/Online/SocketSubsystemSteamIP/SocketSubsystemSteamIP.uplugin" 117
"../../../Engine/Plugins/Portal/LauncherChunkInstaller/LauncherChunkInstaller.uplugin" 118
"../../../Engine/Plugins/Online/SocketSubsystemEOS/SocketSubsystemEOS.uplugin" 119
"../../../Engine/Plugins/Online/OnlineSubsystemSteam/OnlineSubsystemSteam.uplugin" 120
"../../../Engine/Plugins/Online/OnlineSubsystemApple/OnlineSubsystemApple.uplugin" 121
"../../../Engine/Plugins/MovieScene/SequencerScripting/SequencerScripting.uplugin" 122
"../../../Engine/Plugins/Slate/SlateScripting/SlateScripting.uplugin" 123
"../../../Engine/Plugins/Slate/SlateInsights/SlateInsights.uplugin" 124
"../../../Engine/Plugins/Online/WebAuth/WebAuth.uplugin" 125
"../../../Engine/Plugins/Online/OnlineSubsystemEOS/OnlineSubsystemEOS.uplugin" 126
"../../../Engine/Plugins/Tests/AutomationDriverTests/AutomationDriverTests.uplugin" 127
"../../../Engine/Plugins/Tests/CQTest/CQTest.uplugin" 128
"../../../Engine/Plugins/Tests/FbxAutomationTestBuilder/FbxAutomationTestBuilder.uplugin" 129
"../../../Engine/Plugins/Tests/EditorTests/EditorTests.uplugin" 130
"../../../Engine/Plugins/Tests/FunctionalTestingEditor/FunctionalTestingEditor.uplugin" 131
"../../../Engine/Plugins/Tests/CQTestEnhancedInput/CQTestEnhancedInput.uplugin" 132
"../../../Engine/Plugins/Tests/InterchangeTests/InterchangeTests.uplugin" 133
"../../../Engine/Plugins/Tests/TestFramework/TestFramework.uplugin" 134
"../../../Engine/Plugins/Tests/TestSamples/TestSamples.uplugin" 135
"../../../Engine/Plugins/Tests/RuntimeTests/RuntimeTests.uplugin" 136
"../../../Engine/Plugins/Tests/WidgetAutomationTests/WidgetAutomationTests.uplugin" 137
"../../../Engine/Plugins/Tests/RHITests/RHITests.uplugin" 138
"../../../Engine/Plugins/Web/HttpBlueprint/HttpBlueprint.uplugin" 139
"../../../Engine/Plugins/AI/AISupport/AISupport.uplugin" 140
"../../../Engine/Plugins/AI/HTNPlanner/HTNPlanner.uplugin" 141
"../../../Engine/Plugins/AI/MassCrowd/MassCrowd.uplugin" 142
"../../../Engine/Plugins/AI/MLAdapter/MLAdapter.uplugin" 143
"../../../Engine/Plugins/AI/MassAI/MassAI.uplugin" 144
"../../../Engine/Plugins/AI/EnvironmentQueryEditor/EnvironmentQueryEditor.uplugin" 145
"../../../Engine/Plugins/Online/OnlineSubsystemNull/OnlineSubsystemNull.uplugin" 146
"../../../Engine/Plugins/Animation/AnimationLocomotionLibrary/AnimationLocomotionLibrary.uplugin" 147
"../../../Engine/Plugins/Animation/AnimationData/AnimationData.uplugin" 148
"../../../Engine/Plugins/Animation/AnimatorKit/AnimatorKit.uplugin" 149
"../../../Engine/Plugins/Online/OnlineSubsystemTencent/OnlineSubsystemTencent.uplugin" 150
"../../../Engine/Plugins/Animation/BlendSpaceMotionAnalysis/BlendSpaceMotionAnalysis.uplugin" 151
"../../../Engine/Plugins/Tests/PythonAutomationTest/PythonAutomationTest.uplugin" 152
"../../../Engine/Plugins/2D/Paper2D/Paper2D.uplugin" 153
"../../../Engine/Plugins/Animation/BlendStack/BlendStack.uplugin" 154
"../../../Engine/Plugins/Animation/AnimationModifierLibrary/AnimationModifierLibrary.uplugin" 155
"../../../Engine/Plugins/Animation/ControlRigSpline/ControlRigSpline.uplugin" 156
"../../../Engine/Plugins/Animation/DeformerGraph/DeformerGraph.uplugin" 157
"../../../Engine/Plugins/Animation/GameplayInsights/GameplayInsights.uplugin" 158
"../../../Engine/Plugins/Animation/IKRig/IKRig.uplugin" 159
"../../../Engine/Plugins/Animation/ControlRigModules/ControlRigModules.uplugin" 160
"../../../Engine/Plugins/Animation/DNACalib/DNACalib.uplugin" 161
"../../../Engine/Plugins/Animation/GeneSplicer/GeneSplicer.uplugin" 162
"../../../Engine/Plugins/Animation/ACLPlugin/ACLPlugin.uplugin" 163
"../../../Engine/Plugins/Animation/LiveLinkCurveDebugUI/LiveLinkCurveDebugUI.uplugin" 164
"../../../Engine/Plugins/Animation/LiveLink/LiveLink.uplugin" 165
"../../../Engine/Plugins/Animation/LiveLinkHub/LiveLinkHub.uplugin" 166
"../../../Engine/Plugins/Animation/LiveLinkDevice/LiveLinkDevice.uplugin" 167
"../../../Engine/Plugins/Animation/MotionWarping/MotionWarping.uplugin" 168
"../../../Engine/Plugins/Animation/RigLogic/RigLogic.uplugin" 169
"../../../Engine/Plugins/Animation/AnimationWarping/AnimationWarping.uplugin" 170
"../../../Engine/Plugins/Animation/LiveLinkExampleDevice/LiveLinkExampleDevice.uplugin" 171
"../../../Engine/Plugins/Cameras/CameraShakePreviewer/CameraShakePreviewer.uplugin" 172
"../../../Engine/Plugins/Animation/ControlRig/ControlRig.uplugin" 173
"../../../Engine/Plugins/Cameras/EngineCameras/EngineCameras.uplugin" 174
"../../../Engine/Plugins/Animation/TweeningUtils/TweeningUtils.uplugin" 175
"../../../Engine/Plugins/Cameras/GameplayCameras/GameplayCameras.uplugin" 176
"../../../Engine/Plugins/Compositing/Composure/Composure.uplugin" 177
"../../../Engine/Plugins/Compositing/OpenCVLensDistortion/OpenCVLensDistortion.uplugin" 178
"../../../Engine/Plugins/Developer/AnimationSharing/AnimationSharing.uplugin" 179
"../../../Engine/Plugins/Compression/OodleNetwork/OodleNetwork.uplugin" 180
"../../../Engine/Plugins/Compositing/LensDistortion/LensDistortion.uplugin" 181
"../../../Engine/Plugins/Developer/BlankPlugin/BlankPlugin.uplugin" 182
"../../../Engine/Plugins/Developer/CodeLiteSourceCodeAccess/CodeLiteSourceCodeAccess.uplugin" 183
"../../../Engine/Plugins/Developer/DirectoryPlaceholder/DirectoryPlaceholder.uplugin" 184
"../../../Engine/Plugins/Developer/DumpGPUServices/DumpGPUServices.uplugin" 185
"../../../Engine/Plugins/Animation/PoseSearch/PoseSearch.uplugin" 186
"../../../Engine/Plugins/Developer/FieldNotificationTrace/FieldNotificationTrace.uplugin" 187
"../../../Engine/Plugins/Compositing/OpenColorIO/OpenColorIO.uplugin" 188
"../../../Engine/Plugins/Developer/KDevelopSourceCodeAccess/KDevelopSourceCodeAccess.uplugin" 189
"../../../Engine/Plugins/Developer/N10XSourceCodeAccess/N10XSourceCodeAccess.uplugin" 190
"../../../Engine/Plugins/Developer/CLionSourceCodeAccess/CLionSourceCodeAccess.uplugin" 191
"../../../Engine/Plugins/Developer/PixWinPlugin/PixWinPlugin.uplugin" 192
"../../../Engine/Plugins/Developer/NullSourceCodeAccess/NullSourceCodeAccess.uplugin" 193
"../../../Engine/Plugins/Developer/PlasticSourceControl/PlasticSourceControl.uplugin" 194
"../../../Engine/Plugins/Developer/GitSourceControl/GitSourceControl.uplugin" 195
"../../../Engine/Plugins/Developer/RenderDocPlugin/RenderDocPlugin.uplugin" 196
"../../../Engine/Plugins/Developer/ProjectLauncher/ProjectLauncher.uplugin" 197
"../../../Engine/Plugins/Developer/SubversionSourceControl/SubversionSourceControl.uplugin" 198
"../../../Engine/Plugins/Animation/PerformanceCaptureCore/PerformanceCaptureCore.uplugin" 199
"../../../Engine/Plugins/Developer/PluginUtils/PluginUtils.uplugin" 200
"../../../Engine/Plugins/Developer/PerforceSourceControl/PerforceSourceControl.uplugin" 201
"../../../Engine/Plugins/Developer/TraceDataFiltering/TraceDataFilters.uplugin" 202
"../../../Engine/Plugins/Developer/RiderSourceCodeAccess/RiderSourceCodeAccess.uplugin" 203
"../../../Engine/Plugins/Developer/TextureFormatOodle/TextureFormatOodle.uplugin" 204
"../../../Engine/Plugins/Developer/TraceSourceFiltering/TraceSourceFilters.uplugin" 205
"../../../Engine/Plugins/Developer/UObjectPlugin/UObjectPlugin.uplugin" 206
"../../../Engine/Plugins/Developer/VisualStudioCodeSourceCodeAccess/VisualStudioCodeSourceCodeAccess.uplugin" 207
"../../../Engine/Plugins/Developer/XcodeGPUDebuggerPlugin/XcodeGPUDebuggerPlugin.uplugin" 208
"../../../Engine/Plugins/Developer/XCodeSourceCodeAccess/XCodeSourceCodeAccess.uplugin" 209
"../../../Engine/Plugins/Editor/AssetManagerEditor/AssetManagerEditor.uplugin" 210
"../../../Engine/Plugins/Editor/AssetRegistryExport/AssetRegistryExport.uplugin" 211
"../../../Engine/Plugins/Editor/BlueprintMaterialTextureNodes/BlueprintMaterialTextureNodes.uplugin" 212
"../../../Engine/Plugins/Editor/AssetReferenceRestrictions/AssetReferenceRestrictions.uplugin" 213
"../../../Engine/Plugins/Editor/BlueprintHeaderView/BlueprintHeaderView.uplugin" 214
"../../../Engine/Plugins/Editor/AssetSearch/AssetSearch.uplugin" 215
"../../../Engine/Plugins/Editor/ChangelistReview/ChangelistReview.uplugin" 216
"../../../Engine/Plugins/Developer/NamingTokens/NamingTokens.uplugin" 217
"../../../Engine/Plugins/Editor/ConsoleVariablesEditor/ConsoleVariables.uplugin" 218
"../../../Engine/Plugins/Editor/CurveEditorTools/CurveEditorTools.uplugin" 219
"../../../Engine/Plugins/Editor/DisplayClusterLaunch/DisplayClusterLaunch.uplugin" 220
"../../../Engine/Plugins/Editor/EditorScriptingUtilities/EditorScriptingUtilities.uplugin" 221
"../../../Engine/Plugins/Editor/DataValidation/DataValidation.uplugin" 222
"../../../Engine/Plugins/Editor/CryptoKeys/CryptoKeys.uplugin" 223
"../../../Engine/Plugins/Editor/EditorDebugTools/EditorDebugTools.uplugin" 224
"../../../Engine/Plugins/Developer/PropertyAccessNode/PropertyAccessNode.uplugin" 225
"../../../Engine/Plugins/Editor/FacialAnimation/FacialAnimation.uplugin" 226
"../../../Engine/Plugins/Editor/GeometryMode/GeometryMode.uplugin" 227
"../../../Engine/Plugins/Editor/LiveUpdateForSlate/LiveUpdateForSlate.uplugin" 228
"../../../Engine/Plugins/Editor/EngineAssetDefinitions/EngineAssetDefinitions.uplugin" 229
"../../../Engine/Plugins/Editor/GameplayTagsEditor/GameplayTagsEditor.uplugin" 230
"../../../Engine/Plugins/Editor/MeshLODToolset/MeshLODToolset.uplugin" 231
"../../../Engine/Plugins/Editor/MacGraphicsSwitching/MacGraphicsSwitching.uplugin" 232
"../../../Engine/Plugins/Editor/MobileLauncherProfileWizard/MobileLauncherProfileWizard.uplugin" 233
"../../../Engine/Plugins/Editor/MakeCookedEditorAsDLC/MakeCookedEditorAsDLC.uplugin" 234
"../../../Engine/Plugins/Editor/GuidedTutorials/GuidedTutorials.uplugin" 235
"../../../Engine/Plugins/Editor/ModelViewViewModelPreview/ModelViewViewModelPreview.uplugin" 236
"../../../Engine/Plugins/Developer/OneSkyLocalizationService/OneSkyLocalizationService.uplugin" 237
"../../../Engine/Plugins/Editor/PluginBrowser/PluginBrowser.uplugin" 238
"../../../Engine/Plugins/Animation/SkeletalMeshModelingTools/SkeletalMeshModelingTools.uplugin" 239
"../../../Engine/Plugins/Editor/ProxyLODPlugin/ProxyLODPlugin.uplugin" 240
"../../../Engine/Plugins/Editor/SampleToolsEditorMode/SampleToolsEditorMode.uplugin" 241
"../../../Engine/Plugins/Editor/SequencerAnimTools/SequencerAnimTools.uplugin" 242
"../../../Engine/Plugins/Editor/ColorGrading/ColorGrading.uplugin" 243
"../../../Engine/Plugins/Editor/UVEditor/UVEditor.uplugin" 244
"../../../Engine/Plugins/Editor/WorldPartitionHLODUtilities/WorldPartitionHLODUtilities.uplugin" 245
"../../../Engine/Plugins/Editor/WaveformEditor/WaveformEditor.uplugin" 246
"../../../Engine/Plugins/Experimental/AbilitySystemGameFeatureActions/AbilitySystemGameFeatureActions.uplugin" 247
"../../../Engine/Plugins/Editor/ModelingToolsEditorMode/ModelingToolsEditorMode.uplugin" 248
"../../../Engine/Plugins/Experimental/ActorPalette/ActorPalette.uplugin" 249
"../../../Engine/Plugins/Editor/SpeedTreeImporter/SpeedTreeImporter.uplugin" 250
"../../../Engine/Plugins/Editor/StaticMeshEditorModeling/StaticMeshEditorModeling.uplugin" 251
"../../../Engine/Plugins/Developer/VisualStudioSourceCodeAccess/VisualStudioSourceCodeAccess.uplugin" 252
"../../../Engine/Plugins/Experimental/AdvancedRenamer/AdvancedRenamer.uplugin" 253
"../../../Engine/Plugins/Experimental/AnimNext/AnimNext.uplugin" 254
"../../../Engine/Plugins/Editor/ScriptableToolsEditorMode/ScriptableToolsEditorMode.uplugin" 255
"../../../Engine/Plugins/Editor/EditorSysConfigAssistant/EditorSysConfigAssistant.uplugin" 256
"../../../Engine/Plugins/Editor/UMGWidgetPreview/UMGWidgetPreview.uplugin" 257
"../../../Engine/Plugins/Experimental/AnimNextAnimGraph/AnimNextAnimGraph.uplugin" 258
"../../../Engine/Plugins/Experimental/AnimNextControlRig/AnimNextControlRig.uplugin" 259
"../../../Engine/Plugins/Experimental/AnimNextWarping/AnimNextWarping.uplugin" 260
"../../../Engine/Plugins/Experimental/AnimToTexture/AnimToTexture.uplugin" 261
"../../../Engine/Plugins/Experimental/AsyncMessageSystem/AsyncMessageSystem.uplugin" 262
"../../../Engine/Plugins/Experimental/AutomationUtils/AutomationUtils.uplugin" 263
"../../../Engine/Plugins/Experimental/AvalancheDataLink/AvalancheDataLink.uplugin" 264
"../../../Engine/Plugins/Editor/StylusInput/StylusInput.uplugin" 265
"../../../Engine/Plugins/Experimental/AsyncMessageSystemTests/AsyncMessageSystemTests.uplugin" 266
"../../../Engine/Plugins/Editor/MaterialAnalyzer/MaterialAnalyzer.uplugin" 267
"../../../Engine/Plugins/Experimental/AvalancheDisplayCluster/AvalancheDisplayCluster.uplugin" 268
"../../../Engine/Plugins/Experimental/BlueprintSnapNodes/BlueprintSnapNodes.uplugin" 269
"../../../Engine/Plugins/Experimental/CelestialVault/CelestialVault.uplugin" 270
"../../../Engine/Plugins/Experimental/ChaosClothEditor/ChaosClothEditor.uplugin" 271
"../../../Engine/Plugins/Experimental/BlueprintStats/BlueprintStats.uplugin" 272
"../../../Engine/Plugins/Experimental/AnimNextPoseSearch/AnimNextPoseSearch.uplugin" 273
"../../../Engine/Plugins/Experimental/BackChannel/BackChannel.uplugin" 274
"../../../Engine/Plugins/Experimental/ChaosEditor/ChaosEditor.uplugin" 275
"../../../Engine/Plugins/Experimental/ChaosCachingUSD/ChaosCachingUSD.uplugin" 276
"../../../Engine/Plugins/Experimental/Buoyancy/Buoyancy.uplugin" 277
"../../../Engine/Plugins/Experimental/ChaosModularVehicleExamples/ChaosModularVehicleExamples.uplugin" 278
"../../../Engine/Plugins/Experimental/ChaosMover/ChaosMover.uplugin" 279
"../../../Engine/Plugins/Experimental/ChaosNiagara/ChaosNiagara.uplugin" 280
"../../../Engine/Plugins/Experimental/ChaosOutfitAsset/ChaosOutfitAsset.uplugin" 281
"../../../Engine/Plugins/Experimental/ChaosSolverPlugin/ChaosSolverPlugin.uplugin" 282
"../../../Engine/Plugins/Experimental/ChaosFlesh/ChaosFlesh.uplugin" 283
"../../../Engine/Plugins/Experimental/ChaosUserDataPT/ChaosUserDataPT.uplugin" 284
"../../../Engine/Plugins/Experimental/ChaosVehiclesPlugin/ChaosVehiclesPlugin.uplugin" 285
"../../../Engine/Plugins/Experimental/ChaosModularVehicle/ChaosModularVehicle.uplugin" 286
"../../../Engine/Plugins/Experimental/CharacterAI/CharacterAI.uplugin" 287
"../../../Engine/Plugins/Experimental/CineCameraRigs/CineCameraRigs.uplugin" 288
"../../../Engine/Plugins/Experimental/CineCameraSceneCapture/CineCameraSceneCapture.uplugin" 289
"../../../Engine/Plugins/Experimental/ChaosCaching/ChaosCaching.uplugin" 290
"../../../Engine/Plugins/Experimental/CommonConversation/CommonConversation.uplugin" 291
"../../../Engine/Plugins/Experimental/CodeView/CodeView.uplugin" 292
"../../../Engine/Plugins/Experimental/CodeEditor/CodeEditor.uplugin" 293
"../../../Engine/Plugins/Experimental/Dataflow/Dataflow.uplugin" 294
"../../../Engine/Plugins/Experimental/CinematicPrestreaming/CinematicPrestreaming.uplugin" 295
"../../../Engine/Plugins/Experimental/DataLink/DataLink.uplugin" 296
"../../../Engine/Plugins/Experimental/DataLinkOAuth/DataLinkOAuth.uplugin" 297
"../../../Engine/Plugins/Experimental/ControlFlows/ControlFlows.uplugin" 298
"../../../Engine/Plugins/Experimental/ColorCorrectRegions/ColorCorrectRegions.uplugin" 299
"../../../Engine/Plugins/Experimental/DynamicMaterialMediaStreamBridge/DynamicMaterialMediaStreamBridge.uplugin" 300
"../../../Engine/Plugins/Experimental/DaySequence/DaySequence.uplugin" 301
"../../../Engine/Plugins/Experimental/AvalancheSequenceNavigator/AvalancheSequenceNavigator.uplugin" 302
"../../../Engine/Plugins/Experimental/EditorTelemetry/EditorTelemetry.uplugin" 303
"../../../Engine/Plugins/Experimental/EditorDataStorageFeatures/EditorDataStorageFeatures.uplugin" 304
"../../../Engine/Plugins/Experimental/DefaultInstallBundleManager/DefaultInstallBundleManager.uplugin" 305
"../../../Engine/Plugins/Experimental/EditorPerformance/EditorPerformance.uplugin" 306
"../../../Engine/Plugins/Experimental/FieldSystemPlugin/FieldSystemPlugin.uplugin" 307
"../../../Engine/Plugins/Experimental/AvalancheSceneState/AvalancheSceneState.uplugin" 308
"../../../Engine/Plugins/Experimental/FastGeoStreaming/FastGeoStreaming.uplugin" 309
"../../../Engine/Plugins/Experimental/FloatingProperties/FloatingProperties.uplugin" 310
"../../../Engine/Plugins/Experimental/Fracture/Fracture.uplugin" 311
"../../../Engine/Plugins/Experimental/GameplayTargetingSystem/TargetingSystem.uplugin" 312
"../../../Engine/Plugins/Experimental/Gauntlet/Gauntlet.uplugin" 313
"../../../Engine/Plugins/Experimental/FullBodyIK/FullBodyIK.uplugin" 314
"../../../Engine/Plugins/Experimental/GeometryCacheAbcFile/GeometryCacheAbcFile.uplugin" 315
"../../../Engine/Plugins/Experimental/GeometryCacheLevelSequenceBaker/GeometryCacheLevelSequenceBaker.uplugin" 316
"../../../Engine/Plugins/Experimental/GeometryCollectionPlugin/GeometryCollectionPlugin.uplugin" 317
"../../../Engine/Plugins/Experimental/GeometryFlow/GeometryFlow.uplugin" 318
"../../../Engine/Plugins/Experimental/GizmoEdMode/GizmoEdMode.uplugin" 319
"../../../Engine/Plugins/Experimental/HairModelingToolset/HairModelingToolset.uplugin" 320
"../../../Engine/Plugins/Experimental/GizmoFramework/GizmoFramework.uplugin" 321
"../../../Engine/Plugins/Experimental/GameplayBehaviors/GameplayBehaviors.uplugin" 322
"../../../Engine/Plugins/Experimental/GameInputWindows/GameInputWindows.uplugin" 323
"../../../Engine/Plugins/Experimental/GameplayGraph/GameplayGraph.uplugin" 324
"../../../Engine/Plugins/Experimental/ImagePlate/ImagePlate.uplugin" 325
"../../../Engine/Plugins/Experimental/GPULightmass/GPULightmass.uplugin" 326
"../../../Engine/Plugins/Experimental/GeometryDataflow/GeometryDataflow.uplugin" 327
"../../../Engine/Plugins/Experimental/ImpostorBaker/ImpostorBaker.uplugin" 328
"../../../Engine/Plugins/Experimental/AnimNextChooser/AnimNextChooser.uplugin" 329
"../../../Engine/Plugins/Experimental/AnimNextStateTree/AnimNextStateTree.uplugin" 330
"../../../Engine/Plugins/Experimental/ImageWidgets/ImageWidgets.uplugin" 331
"../../../Engine/Plugins/Experimental/EditorDataStorage/EditorDataStorage.uplugin" 332
"../../../Engine/Plugins/Experimental/HairStrandsMutable/HairStrandsMutable.uplugin" 333
"../../../Engine/Plugins/Experimental/InlineMaterialInstance/InlineMaterialInstance.uplugin" 334
"../../../Engine/Plugins/Experimental/JWT/JWT.uplugin" 335
"../../../Engine/Plugins/Experimental/Landmass/Landmass.uplugin" 336
"../../../Engine/Plugins/Experimental/LandscapePatch/LandscapePatch.uplugin" 337
"../../../Engine/Plugins/Experimental/LevelSequenceNavigatorBridge/LevelSequenceNavigatorBridge.uplugin" 338
"../../../Engine/Plugins/Experimental/InstanceDataObjectFixupTool/InstanceDataObjectFixupTool.uplugin" 339
"../../../Engine/Plugins/Experimental/Iris/Iris.uplugin" 340
"../../../Engine/Plugins/Experimental/LiveLinkFaceImporter/LiveLinkFaceImporter.uplugin" 341
"../../../Engine/Plugins/Experimental/LowLevelNetTrace/LowLevelNetTrace.uplugin" 342
"../../../Engine/Plugins/Experimental/LiveLinkOpenVR/LiveLinkOpenVR.uplugin" 343
"../../../Engine/Plugins/Experimental/LiveLinkControlRig/LiveLinkControlRig.uplugin" 344
"../../../Engine/Plugins/Experimental/MeshResizing/MeshResizing.uplugin" 345
"../../../Engine/Plugins/Experimental/HairCardGenerator/HairCardGenerator.uplugin" 346
"../../../Engine/Plugins/Experimental/LearningAgents/LearningAgents.uplugin" 347
"../../../Engine/Plugins/Experimental/LocalizableMessage/LocalizableMessage.uplugin" 348
"../../../Engine/Plugins/Experimental/EvaluationNotifies/EvaluationNotifies.uplugin" 349
"../../../Engine/Plugins/Experimental/MediaStream/MediaStream.uplugin" 350
"../../../Engine/Plugins/Experimental/InteractionInterface/InteractionInterface.uplugin" 351
"../../../Engine/Plugins/Experimental/MetasoundExperimental/MetasoundExperimental.uplugin" 352
"../../../Engine/Plugins/Experimental/MediaViewer/MediaViewer.uplugin" 353
"../../../Engine/Plugins/Experimental/MotoSynth/MotoSynth.uplugin" 354
"../../../Engine/Plugins/Experimental/MoverAnimNext/MoverAnimNext.uplugin" 355
"../../../Engine/Plugins/Experimental/MotorSimOutputMotoSynth/MotorSimOutputMotoSynth.uplugin" 356
"../../../Engine/Plugins/Experimental/MovieSceneAnimMixer/MovieSceneAnimMixer.uplugin" 357
"../../../Engine/Plugins/Experimental/MoverTests/MoverTests.uplugin" 358
"../../../Engine/Plugins/Experimental/NaniteDisplacedMesh/NaniteDisplacedMesh.uplugin" 359
"../../../Engine/Plugins/Experimental/NNERuntimeCoreML/NNERuntimeCoreML.uplugin" 360
"../../../Engine/Plugins/Experimental/MutableClothing/MutableClothing.uplugin" 361
"../../../Engine/Plugins/Experimental/MLflow/MLflow.uplugin" 362
"../../../Engine/Plugins/Experimental/MoverIntegrations/MoverIntegrations.uplugin" 363
"../../../Engine/Plugins/Experimental/MovieScenePoseSearchTracks/MovieScenePoseSearchTracks.uplugin" 364
"../../../Engine/Plugins/Experimental/MeshModelingToolsetExp/MeshModelingToolsetExp.uplugin" 365
"../../../Engine/Plugins/Experimental/Mover/Mover.uplugin" 366
"../../../Engine/Plugins/Experimental/NFORDenoise/NFORDenoise.uplugin" 367
"../../../Engine/Plugins/Experimental/MutablePopulation/MutablePopulation.uplugin" 368
"../../../Engine/Plugins/Experimental/PanoramicCapture/PanoramicCapture.uplugin" 369
"../../../Engine/Plugins/Experimental/NNERuntimeBasicCpu/NNERuntimeBasicCpu.uplugin" 370
"../../../Engine/Plugins/Experimental/OpenImageDenoise/OpenImageDenoise.uplugin" 371
"../../../Engine/Plugins/Experimental/NeuralRendering/NeuralRendering.uplugin" 372
"../../../Engine/Plugins/Experimental/NNERuntimeIREE/NNERuntimeIREE.uplugin" 373
"../../../Engine/Plugins/Experimental/OptiXDenoise/OptiXDenoise.uplugin" 374
"../../../Engine/Plugins/Experimental/PlainPropsUObject/PlainPropsUObject.uplugin" 375
"../../../Engine/Plugins/Experimental/PlainProps/PlainProps.uplugin" 376
"../../../Engine/Plugins/Experimental/PCGBiomeSample/PCGBiomeSample.uplugin" 377
"../../../Engine/Plugins/Experimental/PluginReferenceViewer/PluginReferenceViewer.uplugin" 378
"../../../Engine/Plugins/Experimental/PlanarCutPlugin/PlanarCut.uplugin" 379
"../../../Engine/Plugins/Experimental/NNERuntimeRDG/NNERuntimeRDG.uplugin" 380
"../../../Engine/Plugins/Experimental/MoverExamples/MoverExamples.uplugin" 381
"../../../Engine/Plugins/Experimental/PCGBiomeCore/PCGBiomeCore.uplugin" 382
"../../../Engine/Plugins/Experimental/PhysicsControl/PhysicsControl.uplugin" 383
"../../../Engine/Plugins/Experimental/PlatformCrypto/PlatformCrypto.uplugin" 384
"../../../Engine/Plugins/Experimental/PostProcessMaterialChainGraph/PostProcessMaterialChainGraph.uplugin" 385
"../../../Engine/Plugins/Experimental/PluginAudit/PluginAudit.uplugin" 386
"../../../Engine/Plugins/Experimental/PSDImporter/PSDImporter.uplugin" 387
"../../../Engine/Plugins/Experimental/RawInput/RawInput.uplugin" 388
"../../../Engine/Plugins/Experimental/PluginTemplateTool/PluginTemplateTool.uplugin" 389
"../../../Engine/Plugins/Experimental/PythonScriptPlugin/PythonScriptPlugin.uplugin" 390
"../../../Engine/Plugins/Experimental/PythonFoundationPackages/PythonFoundationPackages.uplugin" 391
"../../../Engine/Plugins/Experimental/RenderGrid/RenderGrid.uplugin" 392
"../../../Engine/Plugins/Experimental/RemoteControlComponents/RemoteControlComponents.uplugin" 393
"../../../Engine/Plugins/Experimental/QuicMessaging/QuicMessaging.uplugin" 394
"../../../Engine/Plugins/Experimental/SceneState/SceneState.uplugin" 395
"../../../Engine/Plugins/Experimental/ScreenReader/ScreenReader.uplugin" 396
"../../../Engine/Plugins/Experimental/RazerChromaDevices/RazerChromaDevices.uplugin" 397
"../../../Engine/Plugins/Experimental/RuntimeTelemetry/RuntimeTelemetry.uplugin" 398
"../../../Engine/Plugins/Experimental/RigLogicMutable/RigLogicMutable.uplugin" 399
"../../../Engine/Plugins/Experimental/RemoteSession/RemoteSession.uplugin" 400
"../../../Engine/Plugins/Experimental/Shotgrid/Shotgrid.uplugin" 401
"../../../Engine/Plugins/Experimental/RigLogicAnimNext/RigLogicAnimNext.uplugin" 402
"../../../Engine/Plugins/Experimental/SecuritySandbox/SecuritySandbox.uplugin" 403
"../../../Engine/Plugins/Experimental/SerializationUtils/SerializationUtils.uplugin" 404
"../../../Engine/Plugins/Experimental/SequenceNavigator/SequenceNavigator.uplugin" 405
"../../../Engine/Plugins/Experimental/SimpleHMD/SimpleHMD.uplugin" 406
"../../../Engine/Plugins/Experimental/SlateModelViewViewModel/SlateModelViewViewModel.uplugin" 407
"../../../Engine/Plugins/Experimental/SlateScreenReader/SlateScreenReader.uplugin" 408
"../../../Engine/Plugins/Experimental/SpatialReadiness/SpatialReadiness.uplugin" 409
"../../../Engine/Plugins/Experimental/SkeletalReduction/SkeletalReduction.uplugin" 410
"../../../Engine/Plugins/Experimental/StateGraph/StateGraph.uplugin" 411
"../../../Engine/Plugins/Experimental/SlateIM/SlateIM.uplugin" 412
"../../../Engine/Plugins/Experimental/SVGImporter/SVGImporter.uplugin" 413
"../../../Engine/Plugins/Experimental/SubtitlesAndClosedCaptions/SubtitlesAndClosedCaptions.uplugin" 414
"../../../Engine/Plugins/Experimental/TextureMediaPlayer/TextureMediaPlayer.uplugin" 415
"../../../Engine/Plugins/Experimental/TetMeshing/TetMeshing.uplugin" 416
"../../../Engine/Plugins/Experimental/TechAudioTools/TechAudioTools.uplugin" 417
"../../../Engine/Plugins/Experimental/SubmitToolEditor/SubmitToolEditor.uplugin" 418
"../../../Engine/Plugins/Experimental/PixelStreamingPlayer/PixelStreamingPlayer.uplugin" 419
"../../../Engine/Plugins/Experimental/ToolPresets/ToolPresets.uplugin" 420
"../../../Engine/Plugins/Experimental/SurfaceEffects/SurfaceEffects.uplugin" 421
"../../../Engine/Plugins/Experimental/TargetDeviceServicesScripting/TargetDeviceServicesScripting.uplugin" 422
"../../../Engine/Plugins/Experimental/UserToolBoxCore/UserToolBoxCore.uplugin" 423
"../../../Engine/Plugins/Experimental/UserToolBoxBasicCommand/UserToolBoxBasicCommand.uplugin" 424
"../../../Engine/Plugins/Experimental/UIFramework/UIFramework.uplugin" 425
"../../../Engine/Plugins/Experimental/VirtualHeightfieldMesh/VirtualHeightfieldMesh.uplugin" 426
"../../../Engine/Plugins/Experimental/TextToSpeech/TextToSpeech.uplugin" 427
"../../../Engine/Plugins/Experimental/StructUtils/StructUtils.uplugin" 428
"../../../Engine/Plugins/Experimental/WaterAdvanced/WaterAdvanced.uplugin" 429
"../../../Engine/Plugins/Experimental/VirtualProductionUtilities/VirtualProductionUtilities.uplugin" 430
"../../../Engine/Plugins/Experimental/Volumetrics/Volumetrics.uplugin" 431
"../../../Engine/Plugins/Experimental/WidgetEditorToolPalette/WidgetEditorToolPalette.uplugin" 432
"../../../Engine/Plugins/Experimental/Text3D/Text3D.uplugin" 433
"../../../Engine/Plugins/Experimental/XRCreativeFramework/XRCreativeFramework.uplugin" 434
"../../../Engine/Plugins/Experimental/Workspace/Workspace.uplugin" 435
"../../../Engine/Plugins/Experimental/WaveFunctionCollapse/WaveFunctionCollapse.uplugin" 436
"../../../Engine/Plugins/FX/Cascade/Cascade.uplugin" 437
"../../../Engine/Plugins/FX/NiagaraMRQ/NiagaraMRQ.uplugin" 438
"../../../Engine/Plugins/FX/ExampleCustomDataInterface/ExampleCustomDataInterface.uplugin" 439
"../../../Engine/Plugins/Experimental/WebSocketMessaging/WebSocketMessaging.uplugin" 440
"../../../Engine/Plugins/FX/Niagara/Niagara.uplugin" 441
"../../../Engine/Plugins/FX/NiagaraSimCaching/NiagaraSimCaching.uplugin" 442
"../../../Engine/Plugins/FX/NiagaraFluids/NiagaraFluids.uplugin" 443
"../../../Engine/Plugins/Interchange/Assets/InterchangeAssets.uplugin" 444
"../../../Engine/Plugins/Interchange/Editor/InterchangeEditor.uplugin" 445
"../../../Engine/Plugins/FX/CascadeToNiagaraConverter/CascadeToNiagaraConverter.uplugin" 446
"../../../Engine/Plugins/Experimental/Water/Water.uplugin" 447
"../../../Engine/Plugins/Interchange/Runtime/Interchange.uplugin" 448
"../../../Engine/Plugins/Experimental/WaterExtras/WaterExtras.uplugin" 449
"../../../Engine/Plugins/MetaHuman/MetaHumanCoreTechLib/MetaHumanCoreTech.uplugin" 450
"../../../Engine/Plugins/MetaHuman/MetaHumanLiveLink/MetaHumanLiveLink.uplugin" 451
"../../../Engine/Plugins/MetaHuman/MetaHumanCharacter/MetaHumanCharacter.uplugin" 452
"../../../Engine/Plugins/NNE/NNERuntimeORT/NNERuntimeORT.uplugin" 453
"../../../Engine/Plugins/NNE/NNEDenoiser/NNEDenoiser.uplugin" 454
"../../../Engine/Plugins/Experimental/Tensorboard/Tensorboard.uplugin" 455
"../../../Engine/Plugins/MetaHuman/MetaHumanAnimator/MetaHuman.uplugin" 456
"../../../Engine/Plugins/Performance/AutomatedPerfTesting/AutomatedPerfTesting.uplugin" 457
"../../../Engine/Plugins/Experimental/WebSocketNetworking/WebSocketNetworking.uplugin" 458
"../../../Engine/Plugins/PCGInterops/PCGGeometryScriptInterop/PCGGeometryScriptInterop.uplugin" 459
"../../../Engine/Plugins/PCGInterops/PCGExternalDataInterop/PCGExternalDataInterop.uplugin" 460
"../../../Engine/Plugins/MetaHuman/MetaHumanSDK/MetaHumanSDK.uplugin" 461
"../../../Engine/Plugins/MetaHuman/MetaHumanCalibrationProcessing/MetaHumanCalibrationProcessing.uplugin" 462
"../../../Engine/Plugins/Performance/PerformanceMonitor/PerformanceMonitor.uplugin" 463
"../../../Engine/Plugins/Experimental/PSDImporterMaterialDesignerBridge/PSDImporterMaterialDesignerBridge.uplugin" 464
"../../../Engine/Plugins/Runtime/AndroidFileServer/AndroidFileServer.uplugin" 465
"../../../Engine/Plugins/Runtime/ADM/ADM.uplugin" 466
"../../../Engine/Plugins/Runtime/AndroidBackgroundService/AndroidBackgroundService.uplugin" 467
"../../../Engine/Plugins/Protocols/MQTT/MQTT.uplugin" 468
"../../../Engine/Plugins/Runtime/ApexDestruction/ApexDestruction.uplugin" 469
"../../../Engine/Plugins/Runtime/AndroidPermission/AndroidPermission.uplugin" 470
"../../../Engine/Plugins/Runtime/AndroidDeviceProfileSelector/AndroidDeviceProfileSelector.uplugin" 471
"../../../Engine/Plugins/Runtime/AppleMoviePlayer/AppleMoviePlayer.uplugin" 472
"../../../Engine/Plugins/Runtime/AnimationBudgetAllocator/AnimationBudgetAllocator.uplugin" 473
"../../../Engine/Plugins/Runtime/AppleImageUtils/AppleImageUtils.uplugin" 474
"../../../Engine/Plugins/Runtime/AndroidMoviePlayer/AndroidMoviePlayer.uplugin" 475
"../../../Engine/Plugins/Runtime/AssetTags/AssetTags.uplugin" 476
"../../../Engine/Plugins/Runtime/AudioSynesthesia/AudioSynesthesia.uplugin" 477
"../../../Engine/Plugins/Runtime/ArchVisCharacter/ArchVisCharacter.uplugin" 478
"../../../Engine/Plugins/Runtime/AudioMotorSim/AudioMotorSim.uplugin" 479
"../../../Engine/Plugins/Runtime/CableComponent/CableComponent.uplugin" 480
"../../../Engine/Plugins/Runtime/ActorLayerUtilities/ActorLayerUtilities.uplugin" 481
"../../../Engine/Plugins/Runtime/AudioModulation/AudioModulation.uplugin" 482
"../../../Engine/Plugins/Runtime/AudioCapture/AudioCapture.uplugin" 483
"../../../Engine/Plugins/Runtime/CommonUI/CommonUI.uplugin" 484
"../../../Engine/Plugins/Runtime/Firebase/Firebase.uplugin" 485
"../../../Engine/Plugins/Runtime/GameFeatures/GameFeatures.uplugin" 486
"../../../Engine/Plugins/Runtime/CustomMeshComponent/CustomMeshComponent.uplugin" 487
"../../../Engine/Plugins/Runtime/ChunkDownloader/ChunkDownloader.uplugin" 488
"../../../Engine/Plugins/Runtime/ExampleDeviceProfileSelector/ExampleDeviceProfileSelector.uplugin" 489
"../../../Engine/Plugins/Runtime/GameplayAbilities/GameplayAbilities.uplugin" 490
"../../../Engine/Plugins/Runtime/GameplayInteractions/GameplayInteractions.uplugin" 491
"../../../Engine/Plugins/Runtime/ComputeFramework/ComputeFramework.uplugin" 492
"../../../Engine/Plugins/Runtime/DataRegistry/DataRegistry.uplugin" 493
"../../../Engine/Plugins/Runtime/GameInput/GameInput.uplugin" 494
"../../../Engine/Plugins/Runtime/GameplayBehaviorSmartObjects/GameplayBehaviorSmartObjects.uplugin" 495
"../../../Engine/Plugins/Runtime/GeometryProcessing/GeometryProcessing.uplugin" 496
"../../../Engine/Plugins/Runtime/GeoReferencing/GeoReferencing.uplugin" 497
"../../../Engine/Plugins/Runtime/GameplayStateTree/GameplayStateTree.uplugin" 498
"../../../Engine/Plugins/Runtime/IOSDeviceProfileSelector/IOSDeviceProfileSelector.uplugin" 499
"../../../Engine/Plugins/Runtime/InputDebugging/InputDebugging.uplugin" 500
"../../../Engine/Plugins/Runtime/GeometryCache/GeometryCache.uplugin" 501
"../../../Engine/Plugins/Runtime/GoogleCloudMessaging/GoogleCloudMessaging.uplugin" 502
"../../../Engine/Plugins/Runtime/GeometryScripting/GeometryScripting.uplugin" 503
"../../../Engine/Plugins/Runtime/LinuxDeviceProfileSelector/LinuxDeviceProfileSelector.uplugin" 504
"../../../Engine/Plugins/Runtime/LocationServicesBPLibrary/LocationServicesBPLibrary.uplugin" 505
"../../../Engine/Plugins/Runtime/Harmonix/Harmonix.uplugin" 506
"../../../Engine/Plugins/Runtime/GooglePAD/GooglePAD.uplugin" 507
"../../../Engine/Plugins/Runtime/AudioWidgets/AudioWidgets.uplugin" 508
"../../../Engine/Plugins/Runtime/LiveLinkOvernDisplay/LiveLinkOverNDisplay.uplugin" 509
"../../../Engine/Plugins/Runtime/MassEntity/MassEntity.uplugin" 510
"../../../Engine/Plugins/Runtime/HairStrands/HairStrands.uplugin" 511
"../../../Engine/Plugins/Runtime/LocationServicesIOSImpl/LocationServicesIOSImpl.uplugin" 512
"../../../Engine/Plugins/Runtime/MassGameplay/MassGameplay.uplugin" 513
"../../../Engine/Plugins/Runtime/HTTPChunkInstaller/HTTPChunkInstaller.uplugin" 514
"../../../Engine/Plugins/Runtime/HDRIBackdrop/HDRIBackdrop.uplugin" 515
"../../../Engine/Plugins/Runtime/IOSReplayKit/IOSReplayKit.uplugin" 516
"../../../Engine/Plugins/Runtime/InstancedActors/InstancedActors.uplugin" 517
"../../../Engine/Plugins/Runtime/MobilePatchingUtils/MobilePatchingUtils.uplugin" 518
"../../../Engine/Plugins/Runtime/MIDIDevice/MIDIDevice.uplugin" 519
"../../../Engine/Plugins/Runtime/MeshModelingToolset/MeshModelingToolset.uplugin" 520
"../../../Engine/Plugins/Runtime/MixedRealityCaptureFramework/MixedRealityCaptureFramework.uplugin" 521
"../../../Engine/Plugins/Runtime/LocationServicesAndroidImpl/LocationServicesAndroidImpl.uplugin" 522
"../../../Engine/Plugins/Runtime/MicrosoftSpatialAudio/MicroSoftSpatialSound.uplugin" 523
"../../../Engine/Plugins/Runtime/ModelViewViewModel/ModelViewViewModel.uplugin" 524
"../../../Engine/Plugins/Runtime/ModularGameplay/ModularGameplay.uplugin" 525
"../../../Engine/Plugins/Runtime/HPMotionController/HPMotionController.uplugin" 526
"../../../Engine/Plugins/Runtime/MsQuic/MsQuic.uplugin" 527
"../../../Engine/Plugins/Runtime/Metasound/Metasound.uplugin" 528
"../../../Engine/Plugins/Runtime/MultiServerReplication/MultiServerReplication.uplugin" 529
"../../../Engine/Plugins/Runtime/MobileFSR/MobileFSR.uplugin" 530
"../../../Engine/Plugins/Runtime/NetworkPrediction/NetworkPrediction.uplugin" 531
"../../../Engine/Plugins/Runtime/MusicEnvironment/MusicEnvironment.uplugin" 532
"../../../Engine/Plugins/Runtime/LevelStreamingPersistence/LevelStreamingPersistence.uplugin" 533
"../../../Engine/Plugins/Runtime/NetworkPredictionExtras/NetworkPredictionExtras.uplugin" 534
"../../../Engine/Plugins/Runtime/OpenCV/OpenCV.uplugin" 535
"../../../Engine/Plugins/Runtime/OpenXRHandTracking/OpenXRHandTracking.uplugin" 536
"../../../Engine/Plugins/Runtime/OpenXR/OpenXR.uplugin" 537
"../../../Engine/Plugins/Runtime/NetworkPredictionInsights/NetworkPredictionInsights.uplugin" 538
"../../../Engine/Plugins/Runtime/OpenXRViveTracker/OpenXRViveTracker.uplugin" 539
"../../../Engine/Plugins/Runtime/OpenXRMsftHandInteraction/OpenXRMsftHandInteraction.uplugin" 540
"../../../Engine/Plugins/Runtime/OpenXREyeTracker/OpenXREyeTracker.uplugin" 541
"../../../Engine/Plugins/Runtime/nDisplayModularFeatures/nDisplayModularFeatures.uplugin" 542
"../../../Engine/Plugins/Runtime/ProceduralMeshComponent/ProceduralMeshComponent.uplugin" 543
"../../../Engine/Plugins/Runtime/PreLoadScreenMoviePlayer/PreLoadScreenMoviePlayer.uplugin" 544
"../../../Engine/Plugins/Runtime/NavCorridor/NavCorridor.uplugin" 545
"../../../Engine/Plugins/Runtime/OptionalMobileFeaturesBPLibrary/OptionalMobileFeaturesBPLibrary.uplugin" 546
"../../../Engine/Plugins/Runtime/PropertyAccess/PropertyAccessEditor.uplugin" 547
"../../../Engine/Plugins/Runtime/PropertyBindingUtils/PropertyBindingUtils.uplugin" 548
"../../../Engine/Plugins/Runtime/ReplicationGraph/ReplicationGraph.uplugin" 549
"../../../Engine/Plugins/Runtime/nDisplay/nDisplay.uplugin" 550
"../../../Engine/Plugins/Runtime/ReplicationSystemTestPlugin/ReplicationSystemTestPlugin.uplugin" 551
"../../../Engine/Plugins/Runtime/ScriptableToolsFramework/ScriptableToolsFramework.uplugin" 552
"../../../Engine/Plugins/Runtime/OSC/OSC.uplugin" 553
"../../../Engine/Plugins/Runtime/RenderTrace/RenderTrace.uplugin" 554
"../../../Engine/Plugins/Runtime/ResonanceAudio/ResonanceAudio.uplugin" 555
"../../../Engine/Plugins/Runtime/SmartObjects/SmartObjects.uplugin" 556
"../../../Engine/Plugins/Runtime/SoundCueTemplates/SoundCueTemplates.uplugin" 557
"../../../Engine/Plugins/Runtime/RigVM/RigVM.uplugin" 558
"../../../Engine/Plugins/Runtime/SignificanceManager/SignificanceManager.uplugin" 559
"../../../Engine/Plugins/Runtime/SkeletalMerging/SkeletalMerging.uplugin" 560
"../../../Engine/Plugins/Runtime/SunPosition/SunPosition.uplugin" 561
"../../../Engine/Plugins/Runtime/Spatialization/Spatialization.uplugin" 562
"../../../Engine/Plugins/Runtime/Synthesis/Synthesis.uplugin" 563
"../../../Engine/Plugins/Runtime/SoundMod/SoundMod.uplugin" 564
"../../../Engine/Plugins/Runtime/USDCore/USDCore.uplugin" 565
"../../../Engine/Plugins/Runtime/SoundFields/SoundFields.uplugin" 566
"../../../Engine/Plugins/Runtime/StateTree/StateTree.uplugin" 567
"../../../Engine/Plugins/Runtime/Soundscape/Soundscape.uplugin" 568
"../../../Engine/Plugins/Runtime/WaveTable/WaveTable.uplugin" 569
"../../../Engine/Plugins/Runtime/WarpUtils/WarpUtils.uplugin" 570
"../../../Engine/Plugins/Runtime/SoundUtilities/SoundUtilities.uplugin" 571
"../../../Engine/Plugins/Runtime/WebBrowserNativeProxy/WebBrowserNativeProxy.uplugin" 572
"../../../Engine/Plugins/Runtime/WebBrowserWidget/WebBrowserWidget.uplugin" 573
"../../../Engine/Plugins/Runtime/WebMMoviePlayer/WebMMoviePlayer.uplugin" 574
"../../../Engine/Plugins/Runtime/ZoneGraphAnnotations/ZoneGraphAnnotations.uplugin" 575
"../../../Engine/Plugins/VirtualProduction/ActorModifier/ActorModifier.uplugin" 576
"../../../Engine/Plugins/Runtime/WindowsDeviceProfileSelector/WindowsDeviceProfileSelector.uplugin" 577
"../../../Engine/Plugins/VirtualProduction/ActorModifierCore/ActorModifierCore.uplugin" 578
"../../../Engine/Plugins/VirtualProduction/Avalanche/Avalanche.uplugin" 579
"../../../Engine/Plugins/VirtualProduction/CameraCalibration/CameraCalibration.uplugin" 580
"../../../Engine/Plugins/Runtime/XRBase/XRBase.uplugin" 581
"../../../Engine/Plugins/VirtualProduction/CinematicAssemblyTools/CinematicAssemblyTools.uplugin" 582
"../../../Engine/Plugins/VirtualProduction/CompositePlane/CompositePlane.uplugin" 583
"../../../Engine/Plugins/VirtualProduction/ClonerEffector/ClonerEffector.uplugin" 584
"../../../Engine/Plugins/VirtualProduction/CameraCalibrationML/CameraCalibrationML.uplugin" 585
"../../../Engine/Plugins/VirtualProduction/CustomDetailsView/CustomDetailsView.uplugin" 586
"../../../Engine/Plugins/VirtualProduction/DataCharts/DataCharts.uplugin" 587
"../../../Engine/Plugins/VirtualProduction/CameraCalibrationCore/CameraCalibrationCore.uplugin" 588
"../../../Engine/Plugins/VirtualProduction/ICVFX/ICVFX.uplugin" 589
"../../../Engine/Plugins/VirtualProduction/CaptureData/CaptureData.uplugin" 590
"../../../Engine/Plugins/Runtime/WorldConditions/WorldConditions.uplugin" 591
"../../../Engine/Plugins/VirtualProduction/ICVFXTesting/ICVFXTesting.uplugin" 592
"../../../Engine/Plugins/VirtualProduction/DynamicMaterial/DynamicMaterial.uplugin" 593
"../../../Engine/Plugins/Runtime/ZoneGraph/ZoneGraph.uplugin" 594
"../../../Engine/Plugins/VirtualProduction/LevelSnapshots/LevelSnapshots.uplugin" 595
"../../../Engine/Plugins/VirtualProduction/LensComponent/LensComponent.uplugin" 596
"../../../Engine/Plugins/VirtualProduction/EpicStageApp/EpicStageApp.uplugin" 597
"../../../Engine/Plugins/VirtualProduction/LiveLinkCamera/LiveLinkCamera.uplugin" 598
"../../../Engine/Plugins/VirtualProduction/LiveLinkInputDevice/LiveLinkInputDevice.uplugin" 599
"../../../Engine/Plugins/VirtualProduction/GeometryMask/GeometryMask.uplugin" 600
"../../../Engine/Plugins/VirtualProduction/LiveLinkLens/LiveLinkLens.uplugin" 601
"../../../Engine/Plugins/VirtualProduction/LiveLinkFreeD/LiveLinkFreeD.uplugin" 602
"../../../Engine/Plugins/VirtualProduction/LiveLinkMasterLockit/LiveLinkMasterLockit.uplugin" 603
"../../../Engine/Plugins/VirtualProduction/LiveLinkPrestonMDR/LiveLinkPrestonMDR.uplugin" 604
"../../../Engine/Plugins/Runtime/WindowsMoviePlayer/WindowsMoviePlayer.uplugin" 605
"../../../Engine/Plugins/VirtualProduction/LiveLinkOpenTrackIO/LiveLinkOpenTrackIO.uplugin" 606
"../../../Engine/Plugins/VirtualProduction/PropertyAnimatorCore/PropertyAnimatorCore.uplugin" 607
"../../../Engine/Plugins/VirtualProduction/LiveLinkXR/LiveLinkXR.uplugin" 608
"../../../Engine/Plugins/VirtualProduction/RemoteControlInterception/RemoteControlInterception.uplugin" 609
"../../../Engine/Plugins/VirtualProduction/MultiUserTakes/MultiUserTakes.uplugin" 610
"../../../Engine/Plugins/VirtualProduction/RemoteControlProtocolMIDI/RemoteControlProtocolMIDI.uplugin" 611
"../../../Engine/Plugins/VirtualProduction/RemoteControlProtocolDMX/RemoteControlProtocolDMX.uplugin" 612
"../../../Engine/Plugins/VirtualProduction/OperatorStack/OperatorStack.uplugin" 613
"../../../Engine/Plugins/VirtualProduction/RemoteControl/RemoteControl.uplugin" 614
"../../../Engine/Plugins/VirtualProduction/StageMonitoring/StageMonitoring.uplugin" 615
"../../../Engine/Plugins/VirtualProduction/LiveLinkVRPN/LiveLinkVRPN.uplugin" 616
"../../../Engine/Plugins/VirtualProduction/PropertyAnimator/PropertyAnimator.uplugin" 617
"../../../Engine/Plugins/VirtualProduction/PerformanceCaptureWorkflow/PerformanceCaptureWorkflow.uplugin" 618
"../../../Engine/Plugins/VirtualProduction/Takes/Takes.uplugin" 619
"../../../Engine/Plugins/VirtualProduction/StormSyncAvalancheBridge/StormSyncAvalancheBridge.uplugin" 620
"../../../Engine/Plugins/VirtualProduction/Switchboard/Switchboard.uplugin" 621
"../../../Engine/Plugins/VirtualProduction/SequencerPlaylists/SequencerPlaylists.uplugin" 622
"../../../Engine/Plugins/VirtualProduction/VirtualCamera/VirtualCamera.uplugin" 623
"../../../Engine/Plugins/VirtualProduction/StormSync/StormSync.uplugin" 624
"../../../Engine/Plugins/VirtualProduction/TimedDataMonitor/TimedDataMonitor.uplugin" 625
"../../../Engine/Plugins/VirtualProduction/VirtualScouting/VirtualScouting.uplugin" 626
"../../../Engine/Plugins/VirtualProduction/VirtualCameraCore/VirtualCameraCore.uplugin" 627
"../../../Engine/Plugins/VirtualProduction/TextureShare/TextureShare.uplugin" 628
"../../../Engine/Plugins/Online/IOS/OnlineSubsystemIOS/OnlineSubsystemIOS.uplugin" 629
"../../../Engine/Plugins/Online/VoiceChat/EOSVoiceChat/EOSVoiceChat.uplugin" 630
"../../../Engine/Plugins/VirtualProduction/RemoteControlProtocolOSC/RemoteControlProtocolOSC.uplugin" 631
"../../../Engine/Plugins/Editor/ContentBrowser/ContentBrowserAliasDataSource/ContentBrowserAliasDataSource.uplugin" 632
"../../../Engine/Plugins/Editor/ContentBrowser/ContentBrowserClassDataSource/ContentBrowserClassDataSource.uplugin" 633
"../../../Engine/Plugins/Online/VoiceChat/VoiceChat/VoiceChat.uplugin" 634
"../../../Engine/Plugins/Editor/ContentBrowser/ContentBrowserFileDataSource/ContentBrowserFileDataSource.uplugin" 635
"../../../Engine/Plugins/Animation/MLDeformer/ChaosClothGenerator/ChaosClothGenerator.uplugin" 636
"../../../Engine/Plugins/Editor/ContentBrowser/ContentBrowserAssetDataSource/ContentBrowserAssetDataSource.uplugin" 637
"../../../Engine/Plugins/Animation/MLDeformer/NeuralMorphModel/NeuralMorphModel.uplugin" 638
"../../../Engine/Plugins/Animation/MLDeformer/NearestNeighborModel/NearestNeighborModel.uplugin" 639
"../../../Engine/Plugins/Experimental/Web/WebAPI/WebAPI.uplugin" 640
"../../../Engine/Plugins/Animation/MLDeformer/MLDeformerFramework/MLDeformerFramework.uplugin" 641
"../../../Engine/Plugins/Experimental/PCGInterops/PCGNiagaraInterop/PCGNiagaraInterop.uplugin" 642
"../../../Engine/Plugins/Animation/MLDeformer/ChaosFleshGenerator/ChaosFleshGenerator.uplugin" 643
"../../../Engine/Plugins/Experimental/CharacterFXEditor/BaseCharacterFXEditor/BaseCharacterFXEditor.uplugin" 644
"../../../Engine/Plugins/Animation/MLDeformer/VertexDeltaModel/VertexDeltaModel.uplugin" 645
"../../../Engine/Plugins/Experimental/Animation/ContextualAnimation/ContextualAnimation.uplugin" 646
"../../../Engine/Plugins/VirtualProduction/RemoteControlWebInterface/RemoteControlWebInterface.uplugin" 647
"../../../Engine/Plugins/Experimental/PCGInterops/PCGWaterInterop/PCGWaterInterop.uplugin" 648
"../../../Engine/Plugins/Runtime/PacketHandlers/AESGCMHandlerComponent/AESGCMHandlerComponent.uplugin" 649
"../../../Engine/Plugins/Experimental/Animation/HierarchyTable/HierarchyTable.uplugin" 650
"../../../Engine/Plugins/Experimental/Animation/MotionTrajectory/MotionTrajectory.uplugin" 651
"../../../Engine/Plugins/Runtime/PacketHandlers/DTLSHandlerComponent/DTLSHandlerComponent.uplugin" 652
"../../../Engine/Plugins/Experimental/Animation/Optimus/Optimus.uplugin" 653
"../../../Engine/Plugins/Experimental/Animation/TrajectoryTools/TrajectoryTools.uplugin" 654
"../../../Engine/Plugins/Experimental/Animation/RigMapper/RigMapper.uplugin" 655
"../../../Engine/Plugins/Runtime/PacketHandlers/AESHandlerComponent/AESHandlerComponent.uplugin" 656
"../../../Engine/Plugins/Interchange/Extensions/OpenVDB/InterchangeOpenVDB.uplugin" 657
"../../../Engine/Plugins/Experimental/Enterprise/DatasmithInterchange/DatasmithInterchange.uplugin" 658
"../../../Engine/Plugins/Experimental/Enterprise/DataprepGeometryOperations/DataprepGeometryOperations.uplugin" 659
"../../../Engine/Plugins/Interchange/Extensions/OpenUSD/InterchangeOpenUSD.uplugin" 660
"../../../Engine/Plugins/Experimental/Enterprise/DatasmithRuntime/DatasmithRuntime.uplugin" 661
"../../../Engine/Plugins/VirtualProduction/CaptureManager/CaptureManagerApp/CaptureManagerApp.uplugin" 662
"../../../Engine/Plugins/Experimental/MetaHuman/MetaHumanRuntime/MetaHumanRuntime.uplugin" 663
"../../../Engine/Plugins/VirtualProduction/CaptureManager/CaptureManagerCore/CaptureManagerCore.uplugin" 664
"../../../Engine/Plugins/Editor/ObjectMixer/LightMixer/LightMixer.uplugin" 665
"../../../Engine/Plugins/Editor/Localization/PortableObjectFileDataSource/PortableObjectFileDataSource.uplugin" 666
"../../../Engine/Plugins/VirtualProduction/CaptureManager/CaptureManagerDevices/CaptureManagerDevices.uplugin" 667
"../../../Engine/Plugins/VirtualProduction/CaptureManager/CaptureManagerEditor/CaptureManagerEditor.uplugin" 668
"../../../Engine/Plugins/Experimental/AVCodecs/LibVpxCodecs/LibVpxCodecs.uplugin" 669
"../../../Engine/Plugins/Experimental/AVCodecs/AMFCodecs/AMFCodecs.uplugin" 670
"../../../Engine/Plugins/Editor/ObjectMixer/ObjectMixer/ObjectMixer.uplugin" 671
"../../../Engine/Plugins/Experimental/AVCodecs/AVCodecsCore/AVCodecsCore.uplugin" 672
"../../../Engine/Plugins/Experimental/AVCodecs/NVCodecs/NVCodecs.uplugin" 673
"../../../Engine/Plugins/Experimental/CharacterFXEditor/ExampleCharacterFXEditor/ExampleCharacterFXEditor.uplugin" 674
"../../../Engine/Plugins/Experimental/AVCodecs/VTCodecs/VTCodecs.uplugin" 675
"../../../Engine/Plugins/Experimental/Compositing/HoldoutComposite/HoldoutComposite.uplugin" 676
"../../../Engine/Plugins/Experimental/VirtualProduction/VPSettings/VPSettings.uplugin" 677
"../../../Engine/Plugins/Experimental/VirtualProduction/LedWallCalibration/LedWallCalibration.uplugin" 678
"../../../Engine/Plugins/Runtime/Advertising/IOSTapJoy/IOSTapJoy.uplugin" 679
"../../../Engine/Plugins/Experimental/Compositing/CompositeCore/CompositeCore.uplugin" 680
"../../../Engine/Plugins/Experimental/Animation/PackedAttributes/PackedAttributes.uplugin" 681
"../../../Engine/Plugins/Experimental/AVCodecs/WMFCodecs/WMFCodecs.uplugin" 682
"../../../Engine/Plugins/Runtime/Windows/XInputDevice/XInputDevice.uplugin" 683
"../../../Engine/Plugins/Runtime/Steam/SteamShared/SteamShared.uplugin" 684
"../../../Engine/Plugins/Runtime/Steam/SteamController/SteamController.uplugin" 685
"../../../Engine/Plugins/Runtime/Windows/WinDualShock/WinDualShock.uplugin" 686
"../../../Engine/Plugins/Runtime/Analytics/AnalyticsBlueprintLibrary/AnalyticsBlueprintLibrary.uplugin" 687
"../../../Engine/Plugins/Experimental/Animation/Locomotor/Locomotor.uplugin" 688
"../../../Engine/Plugins/Runtime/Steam/SteamSockets/SteamSockets.uplugin" 689
"../../../Engine/Plugins/Experimental/Animation/CurveExpression/CurveExpression.uplugin" 690
"../../../Engine/Plugins/Experimental/Animation/HierarchyTableAnimation/HierarchyTableAnimation.uplugin" 691
"../../../Engine/Plugins/Experimental/Animation/SkeletonTemplateFramework/SkeletonTemplateFramework.uplugin" 692
"../../../Engine/Plugins/Experimental/Animation/SkeletalMeshMorphTargetEditingTools/SkeletalMeshMorphTargetEditingTools.uplugin" 693
"../../../Engine/Plugins/Runtime/Analytics/Adjust/Adjust.uplugin" 694
"../../../Engine/Plugins/Runtime/AR/ARUtilities/ARUtilities.uplugin" 695
"../../../Engine/Plugins/Runtime/Database/ADOSupport/ADOSupport.uplugin" 696
"../../../Engine/Plugins/Runtime/Analytics/AnalyticsMulticast/AnalyticsMulticast.uplugin" 697
"../../../Engine/Plugins/Runtime/Database/RemoteDatabaseSupport/RemoteDatabaseSupport.uplugin" 698
"../../../Engine/Plugins/Runtime/Analytics/FileLogging/FileLogging.uplugin" 699
"../../../Engine/Plugins/Runtime/Database/DatabaseSupport/DatabaseSupport.uplugin" 700
"../../../Engine/Plugins/Runtime/Nvidia/GeForceNOWWrapper/GeForceNOWWrapper.uplugin" 701
"../../../Engine/Plugins/Runtime/Database/SQLiteSupport/SQLiteSupport.uplugin" 702
"../../../Engine/Plugins/Runtime/Steam/SteamAudio/SteamAudio.uplugin" 703
"../../../Engine/Plugins/Runtime/Database/SQLiteCore/SQLiteCore.uplugin" 704
"../../../Engine/Plugins/Runtime/Nvidia/Reflex/Reflex.uplugin" 705
"../../../Engine/Plugins/Runtime/XR/XRScribe/XRScribe.uplugin" 706
"../../../Engine/Plugins/Runtime/MeshReconstruction/DummyMeshReconstructor/DummyMeshReconstructor.uplugin" 707
"../../../Engine/Plugins/VirtualProduction/DMX/DMXDisplayCluster/DMXDisplayCluster.uplugin" 708
"../../../Engine/Plugins/Runtime/XR/XRVisualization/XRVisualization.uplugin" 709
"../../../Engine/Plugins/VirtualProduction/DMX/DatasmithMVR/DatasmithMVR.uplugin" 710
"../../../Engine/Plugins/VirtualProduction/DMX/DMXFixtures/DMXFixtures.uplugin" 711
"../../../Engine/Plugins/VirtualProduction/DMX/DMXEngine/DMXEngine.uplugin" 712
"../../../Engine/Plugins/VirtualProduction/DMX/DMXControlConsole/DMXControlConsole.uplugin" 713
"../../../Engine/Plugins/VirtualProduction/DMX/DMXGDTF/DMXGDTF.uplugin" 714
"../../../Engine/Plugins/VirtualProduction/DMX/DMXModularFeatures/DMXModularFeatures.uplugin" 715
"../../../Engine/Plugins/VirtualProduction/Rivermax/RivermaxMedia/RivermaxMedia.uplugin" 716
"../../../Engine/Plugins/VirtualProduction/Rivermax/RivermaxCore/RivermaxCore.uplugin" 717
"../../../Engine/Plugins/VirtualProduction/DMX/DMXPixelMapping/DMXPixelMapping.uplugin" 718
"../../../Engine/Plugins/VirtualProduction/Rivermax/RivermaxSync/RivermaxSync.uplugin" 719
"../../../Engine/Plugins/Experimental/PCGInterops/PCGInstancedActorsInterop/PCGInstancedActorsInterop.uplugin" 720
"../../../Engine/Plugins/Developer/Concert/ConcertMain/ConcertMain.uplugin" 721
"../../../Engine/Plugins/VirtualProduction/DMX/DMXProtocol/DMXProtocol.uplugin" 722
"../../../Engine/Plugins/Online/Android/OnlineSubsystemGooglePlay/OnlineSubsystemGooglePlay.uplugin" 723
"../../../Engine/Plugins/Developer/Concert/ConcertApp/MultiUserClient/MultiUserClient.uplugin" 724
"../../../Engine/Plugins/Runtime/AR/Google/GoogleARCore/GoogleARCore.uplugin" 725
"../../../Engine/Plugins/Online/Android/AndroidFetchBackgroundDownload/AndroidFetchBackgroundDownload.uplugin" 726
"../../../Engine/Plugins/Developer/Concert/ConcertApp/DisasterRecoveryClient/DisasterRecoveryClient.uplugin" 727
"../../../Engine/Plugins/Experimental/Animation/MLDeformer/DetailPoseModel/DetailPoseModel.uplugin" 728
"../../../Engine/Plugins/Developer/Concert/ConcertUI/ConcertClientSharedSlate/ConcertClientSharedSlate.uplugin" 729
"../../../Engine/Plugins/Developer/Concert/ConcertApp/MultiUserServer/MultiUserServer.uplugin" 730
"../../../Engine/Plugins/Developer/Concert/ConcertInsights/ConcertInsightsServer/ConcertInsightsServer.uplugin" 731
"../../../Engine/Plugins/Runtime/AR/Google/GoogleARCoreServices/GoogleARCoreServices.uplugin" 732
"../../../Engine/Plugins/Developer/Concert/ConcertInsights/ConcertInsightsClient/ConcertInsightsClient.uplugin" 733
"../../../Engine/Plugins/Experimental/VirtualProduction/VPRoles/VPRoles.uplugin" 734
"../../../Engine/Plugins/Developer/Concert/ConcertInsights/ConcertInsightsCore/ConcertInsightsCore.uplugin" 735
"../../../Engine/Plugins/Developer/Concert/ConcertUI/ConcertSharedSlate/ConcertSharedSlate.uplugin" 736
"../../../Engine/Plugins/Developer/Concert/ConcertSync/ConcertSyncServer/ConcertSyncServer.uplugin" 737
"../../../Engine/Plugins/Developer/Concert/ConcertSync/ConcertSyncTest/ConcertSyncTest.uplugin" 738
"../../../Engine/Plugins/Runtime/AR/AppleAR/AppleARKitFaceSupport/AppleARKitFaceSupport.uplugin" 739
"../../../Engine/Plugins/Developer/Concert/ConcertInsights/ConcertInsightsVisualizer/ConcertInsightsVisualizer.uplugin" 740
"../../../Engine/Plugins/Runtime/AR/AppleAR/AppleARKit/AppleARKit.uplugin" 741
"../../../Engine/Plugins/Developer/Concert/ConcertSync/ConcertSyncCore/ConcertSyncCore.uplugin" 742
"../../../Engine/Plugins/Developer/Concert/ConcertSync/ConcertSyncClient/ConcertSyncClient.uplugin" 743
"../../../Engine/Plugins/Developer/Concert/ConcertScripting/ConcertReplicationScripting/ConcertReplicationScripting.uplugin" 744
"../../../Engine/Platforms/Android/Plugins/RigLogic/RigLogic_Android.uplugin" 745
"../../../Engine/Platforms/Android/Plugins/Animation/ACLPlugin/ACLPlugin_Android.uplugin" 746
"../../../Engine/Platforms/IOS/Plugins/RigLogic/RigLogic_IOS.uplugin" 747
"../../../Engine/Content/Internationalization/icudt64l/cnvalias.icu" 748
"../../../Engine/Content/Internationalization/icudt64l/res_index.res" 749
"../../../Engine/Content/Internationalization/icudt64l/plurals.res" 750
"../../../Engine/Content/Internationalization/icudt64l/lang/en_IN.res" 751
"../../../Engine/Content/Internationalization/icudt64l/lang/pool.res" 752
"../../../Engine/Content/Internationalization/icudt64l/lang/en_001.res" 753
"../../../Engine/Content/Internationalization/icudt64l/lang/en.res" 754
"../../../Engine/Content/Internationalization/icudt64l/lang/root.res" 755
"../../../Engine/Content/Internationalization/icudt64l/region/en_IN.res" 756
"../../../Engine/Content/Internationalization/icudt64l/region/pool.res" 757
"../../../Engine/Content/Internationalization/icudt64l/region/en.res" 758
"../../../Engine/Content/Internationalization/icudt64l/region/root.res" 759
"../../../Engine/Content/Internationalization/icudt64l/lang/en_GB.res" 760
"../../../Engine/Content/Internationalization/icudt64l/region/en_GB.res" 761
"../../../Engine/Content/Internationalization/icudt64l/windowsZones.res" 762
"../../../Engine/Content/Internationalization/icudt64l/zoneinfo64.res" 763
"../../../Engine/Content/Internationalization/icudt64l/keyTypeData.res" 764
"../../../Engine/Content/Internationalization/icudt64l/timezoneTypes.res" 765
"../../../Engine/Content/Internationalization/icudt64l/likelySubtags.res" 766
"../../../Engine/Content/Internationalization/icudt64l/en_GB.res" 767
"../../../Engine/Content/Internationalization/icudt64l/pool.res" 768
"../../../Engine/Content/Internationalization/icudt64l/en_001.res" 769
"../../../Engine/Content/Internationalization/icudt64l/en.res" 770
"../../../Engine/Content/Internationalization/icudt64l/root.res" 771
"../../../Engine/Content/Internationalization/icudt64l/supplementalData.res" 772
"../../../Engine/Config/ConfigRedirects.ini" 773
"C:/Users/rudra/AppData/Local/UnrealEngine/5.6/Saved/Config/WindowsEditor/Manifest.ini" 774
"../../../Engine/Config/BaseEngine.ini" 775
"../../../Engine/Config/Windows/BaseWindowsEngine.ini" 776
"E:/Game Engines/Unreal Engine Things/UnrealProjects/B3_Maze/Config/DefaultEngine.ini" 777
"../../../Engine/Config/BaseGame.ini" 778
"E:/Game Engines/Unreal Engine Things/UnrealProjects/B3_Maze/Config/DefaultGame.ini" 779
"../../../Engine/Config/Windows/WindowsGame.ini" 780
"../../../Engine/Config/BaseInput.ini" 781
"../../../Engine/Config/Windows/BaseWindowsInput.ini" 782
"E:/Game Engines/Unreal Engine Things/UnrealProjects/B3_Maze/Config/DefaultInput.ini" 783
"../../../Engine/Config/Windows/WindowsInput.ini" 784
"../../../Engine/Config/BaseDeviceProfiles.ini" 785
"../../../Engine/Config/BaseGameUserSettings.ini" 786
"E:/Game Engines/Unreal Engine Things/UnrealProjects/B3_Maze/Saved/Config/WindowsEditor/GameUserSettings.ini" 787
"../../../Engine/Config/BaseScalability.ini" 788
"../../../Engine/Config/BaseRuntimeOptions.ini" 789
"../../../Engine/Config/BaseInstallBundle.ini" 790
"../../../Engine/Config/BaseHardware.ini" 791
"../../../Engine/Config/BaseCompat.ini" 792
"../../../Engine/Config/BaseLightmass.ini" 793
"../../../Engine/Config/BaseEditor.ini" 794
"E:/Game Engines/Unreal Engine Things/UnrealProjects/B3_Maze/Config/DefaultEditor.ini" 795
"E:/Game Engines/Unreal Engine Things/UnrealProjects/B3_Maze/Saved/Config/WindowsEditor/Editor.ini" 796
"../../../Engine/Config/BaseMaterialExpressions.ini" 797
"../../../Engine/Config/BaseEditorPerProjectUserSettings.ini" 798
"E:/Game Engines/Unreal Engine Things/UnrealProjects/B3_Maze/Config/DefaultEditorPerProjectUserSettings.ini" 799
"../../../Engine/Config/Windows/WindowsEditorPerProjectUserSettings.ini" 800
"E:/Game Engines/Unreal Engine Things/UnrealProjects/B3_Maze/Saved/Config/WindowsEditor/EditorPerProjectUserSettings.ini" 801
"../../../Engine/Config/BaseEditorSettings.ini" 802
"../../../Engine/Config/Windows/WindowsEditorSettings.ini" 803
"C:/Users/rudra/AppData/Local/UnrealEngine/5.6/Saved/Config/WindowsEditor/EditorSettings.ini" 804
"../../../Engine/Config/BaseEditorKeyBindings.ini" 805
"C:/Users/rudra/AppData/Local/UnrealEngine/5.6/Saved/Config/WindowsEditor/EditorLayout.ini" 806
"../../../Engine/Config/IOS/BaseIOSEngine.ini" 807
"../../../Engine/Config/Mac/BaseMacEngine.ini" 808
"../../../Engine/Config/Android/BaseAndroidEngine.ini" 809
"../../../Engine/Config/Linux/BaseLinuxEngine.ini" 810
"../../../Engine/Platforms/VisionOS/Config/BaseVisionOSEngine.ini" 811
"../../../Engine/Config/Android/AndroidEngine.ini" 812
"../../../Engine/Config/TVOS/TVOSEngine.ini" 813
"../../../Engine/Config/Unix/UnixEngine.ini" 814
"../../../Engine/Platforms/VisionOS/Config/VisionOSEngine.ini" 815
"../../../Engine/Config/Linux/LinuxEngine.ini" 816
"E:/Game Engines/Unreal Engine Things/UnrealProjects/B3_Maze/Binaries/Win64/B3_Maze.target" 817
"../../../Engine/Config/IOS/BaseIOSGame.ini" 818
"../../../Engine/Config/Android/BaseAndroidGame.ini" 819
"../../../Engine/Binaries/Win64/BootstrapPackagedGame-Win64-Shipping.target" 820
"../../../Engine/Binaries/Win64/BuildPatchTool-Win64-Shipping.target" 821
"../../../Engine/Binaries/Win64/CrashReportClient-Win64-Shipping.target" 822
"../../../Engine/Config/IOS/IOSGame.ini" 823
"../../../Engine/Config/Mac/MacGame.ini" 824
"../../../Engine/Binaries/Win64/CrashReportClientEditor-Win64-Shipping.target" 825
"../../../Engine/Binaries/Win64/DatasmithCADWorker.target" 826
"../../../Engine/Binaries/Win64/EpicWebHelper-Win64-Shipping.target" 827
"../../../Engine/Binaries/Win64/InterchangeWorker.target" 828
"../../../Engine/Binaries/Win64/LiveCodingConsole.target" 829
"../../../Engine/Config/Android/BaseAndroidInput.ini" 830
"../../../Engine/Config/IOS/BaseIOSInput.ini" 831
"../../../Engine/Config/Mac/BaseMacInput.ini" 832
"../../../Engine/Binaries/Win64/LiveLinkHub.target" 833
"../../../Engine/Config/Linux/LinuxGame.ini" 834
"../../../Engine/Config/Android/AndroidScalability.ini" 835
"../../../Engine/Config/IOS/IOSScalability.ini" 836
"../../../Engine/Binaries/Win64/ShaderCompileWorker.target" 837
"../../../Engine/Binaries/Win64/SwitchboardListener.target" 838
"../../../Engine/Binaries/Win64/SwitchboardListenerHelper.target" 839
"../../../Engine/Binaries/Win64/UnrealEditor-Win64-DebugGame.target" 840
"../../../Engine/Config/Android/BaseAndroidInstallBundle.ini" 841
"../../../Engine/Config/IOS/BaseIOSInstallBundle.ini" 842
"../../../Engine/Binaries/Win64/UnrealEditor.target" 843
"../../../Engine/Config/PluginBase.ini" 844
"../../../Engine/Plugins/ChaosVD/Config/DefaultChaosVD.ini" 845
"../../../Engine/Plugins/EnhancedInput/Config/BaseEnhancedInput.ini" 846
"../../../Engine/Plugins/Fab/Config/BaseFab.ini" 847
"../../../Engine/Plugins/TraceUtilities/Config/BaseTraceUtilities.ini" 848
"../../../Engine/Plugins/Enterprise/DatasmithContent/Config/BaseDatasmithContent.ini" 849
"../../../Engine/Plugins/Enterprise/GLTFExporter/Config/BaseGLTFExporter.ini" 850
"../../../Engine/Plugins/Enterprise/GLTFExporter/Config/DefaultGLTFExporter.ini" 851
"../../../Engine/Plugins/Enterprise/VariantManagerContent/Config/BaseVariantManagerContent.ini" 852
"../../../Engine/Plugins/2D/Paper2D/Config/BasePaper2D.ini" 853
"../../../Engine/Plugins/Animation/ControlRig/Config/BaseControlRig.ini" 854
"../../../Engine/Plugins/Animation/DeformerGraph/Config/BaseDeformerGraph.ini" 855
"../../../Engine/Plugins/Animation/IKRig/Config/BaseIKRig.ini" 856
"../../../Engine/Plugins/Cameras/GameplayCameras/Config/BaseGameplayCameras.ini" 857
"../../../Engine/Plugins/Editor/EditorScriptingUtilities/Config/BaseEditorScriptingUtilities.ini" 858
"../../../Engine/Plugins/Experimental/FullBodyIK/Config/BaseFullBodyIK.ini" 859
"../../../Engine/Plugins/Experimental/ToolPresets/Config/BaseToolPresets.ini" 860
"../../../Engine/Plugins/FX/Niagara/Config/BaseNiagara.ini" 861
"../../../Engine/Plugins/Interchange/Assets/Config/BaseInterchangeAssets.ini" 862
"../../../Engine/Plugins/Interchange/Runtime/Config/BaseInterchange.ini" 863
"../../../Engine/Plugins/MetaHuman/MetaHumanSDK/Config/BaseMetaHumanSDK.ini" 864
"../../../Engine/Plugins/Runtime/GameplayStateTree/Config/BaseGameplayStateTree.ini" 865
"../../../Engine/Plugins/Runtime/HairStrands/Config/BaseHairStrands.ini" 866
"../../../Engine/Plugins/Runtime/Metasound/Config/BaseMetasound.ini" 867
"../../../Engine/Plugins/Runtime/Metasound/Config/DefaultMetasound.ini" 868
"../../../Engine/Plugins/Runtime/PropertyBindingUtils/Config/BasePropertyBindingUtils.ini" 869
"../../../Engine/Plugins/Runtime/RigVM/Config/BaseRigVM.ini" 870
"../../../Engine/Plugins/Runtime/Synthesis/Config/BaseSynthesis.ini" 871
"../../../Engine/Plugins/Runtime/StateTree/Config/BaseStateTree.ini" 872
"../../../Engine/Plugins/VirtualProduction/CameraCalibrationCore/Config/BaseCameraCalibrationCore.ini" 873
"../../../Engine/Plugins/VirtualProduction/Takes/Config/BaseTakes.ini" 874
"../../../Engine/Plugins/Experimental/Compositing/CompositeCore/Config/BaseCompositeCore.ini" 875
"../../../Engine/Plugins/ChaosVD/Config/Engine.ini" 876
"../../../Engine/Plugins/EnhancedInput/Config/Input.ini" 877
"../../../Engine/Plugins/Runtime/InputDebugging/Config/Input.ini" 878
"../../../Engine/Plugins/Runtime/Windows/XInputDevice/Config/Input.ini" 879
"../../../Engine/Plugins/Online/OnlineSubsystemUtils/Config/Editor.ini" 880
"../../../Engine/Plugins/Runtime/RigVM/Config/Editor.ini" 881
"../../../Engine/Plugins/NNE/NNEDenoiser/Config/Game.ini" 882
"../../../Engine/Plugins/Editor/ModelingToolsEditorMode/Binaries/Win64/UnrealEditor.modules" 883
"../../../Engine/Plugins/Runtime/MeshModelingToolset/Binaries/Win64/UnrealEditor.modules" 884
"../../../Engine/Plugins/Experimental/MeshModelingToolsetExp/Binaries/Win64/UnrealEditor.modules" 885
"../../../Engine/Plugins/Editor/MeshLODToolset/Binaries/Win64/UnrealEditor.modules" 886
"../../../Engine/Plugins/Experimental/ToolPresets/Binaries/Win64/UnrealEditor.modules" 887
"../../../Engine/Plugins/Editor/StylusInput/Binaries/Win64/UnrealEditor.modules" 888
"../../../Engine/Plugins/Runtime/GeometryProcessing/Binaries/Win64/UnrealEditor.modules" 889
"../../../Engine/Plugins/Editor/ProxyLODPlugin/Binaries/Win64/UnrealEditor.modules" 890
"../../../Engine/Plugins/Experimental/PlanarCutPlugin/Binaries/Win64/UnrealEditor.modules" 891
"../../../Engine/Plugins/Runtime/GeometryCache/Binaries/Win64/UnrealEditor.modules" 892
"../../../Engine/Plugins/Experimental/GeometryFlow/Binaries/Win64/UnrealEditor.modules" 893
"../../../Engine/Plugins/Editor/EditorScriptingUtilities/Binaries/Win64/UnrealEditor.modules" 894
"../../../Engine/Plugins/FX/Niagara/Binaries/Win64/UnrealEditor.modules" 895
"../../../Engine/Plugins/Experimental/PythonScriptPlugin/Binaries/Win64/UnrealEditor.modules" 896
"../../../Engine/Plugins/Editor/ContentBrowser/ContentBrowserFileDataSource/Binaries/Win64/UnrealEditor.modules" 897
"../../../Engine/Plugins/Runtime/GameplayStateTree/Binaries/Win64/UnrealEditor.modules" 898
"../../../Engine/Plugins/Runtime/StateTree/Binaries/Win64/UnrealEditor.modules" 899
"../../../Engine/Plugins/Animation/GameplayInsights/Binaries/Win64/UnrealEditor.modules" 900
"../../../Engine/Plugins/Runtime/PropertyAccess/Binaries/Win64/UnrealEditor.modules" 901
"../../../Engine/Plugins/Runtime/PropertyBindingUtils/Binaries/Win64/UnrealEditor.modules" 902
"../../../Engine/Plugins/Bridge/Binaries/Win64/UnrealEditor.modules" 903
"../../../Engine/Plugins/MetaHuman/MetaHumanSDK/Binaries/Win64/UnrealEditor.modules" 904
"../../../Engine/Plugins/Animation/ControlRig/Binaries/Win64/UnrealEditor.modules" 905
"../../../Engine/Plugins/Runtime/HairStrands/Binaries/Win64/UnrealEditor.modules" 906
"../../../Engine/Plugins/Animation/RigLogic/Binaries/Win64/UnrealEditor.modules" 907
"../../../Engine/Plugins/Online/EOSShared/Binaries/Win64/UnrealEditor.modules" 908
"../../../Engine/Plugins/Runtime/RigVM/Binaries/Win64/UnrealEditor.modules" 909
"../../../Engine/Plugins/MovieScene/LevelSequenceEditor/Binaries/Win64/UnrealEditor.modules" 910
"../../../Engine/Plugins/MovieScene/SequencerScripting/Binaries/Win64/UnrealEditor.modules" 911
"../../../Engine/Plugins/Animation/TweeningUtils/Binaries/Win64/UnrealEditor.modules" 912
"../../../Engine/Plugins/Animation/DeformerGraph/Binaries/Win64/UnrealEditor.modules" 913
"../../../Engine/Plugins/Experimental/Dataflow/Binaries/Win64/UnrealEditor.modules" 914
"../../../Engine/Plugins/Runtime/ComputeFramework/Binaries/Win64/UnrealEditor.modules" 915
"../../../Engine/Plugins/Experimental/CharacterFXEditor/BaseCharacterFXEditor/Binaries/Win64/UnrealEditor.modules" 916
"../../../Engine/Plugins/Runtime/ProceduralMeshComponent/Binaries/Win64/UnrealEditor.modules" 917
"../../../Engine/Plugins/Experimental/ChaosCaching/Binaries/Win64/UnrealEditor.modules" 918
"../../../Engine/Plugins/Experimental/EditorDataStorage/Binaries/Win64/UnrealEditor.modules" 919
"../../../Engine/Plugins/Experimental/EditorDataStorageFeatures/Binaries/Win64/UnrealEditor.modules" 920
"../../../Engine/Plugins/VirtualProduction/Takes/Binaries/Win64/UnrealEditor.modules" 921
"../../../Engine/Plugins/Runtime/AudioCapture/Binaries/Win64/UnrealEditor.modules" 922
"../../../Engine/Plugins/Developer/NamingTokens/Binaries/Win64/UnrealEditor.modules" 923
"../../../Engine/Plugins/Editor/EngineAssetDefinitions/Binaries/Win64/UnrealEditor.modules" 924
"../../../Engine/Plugins/ChaosCloth/Binaries/Win64/UnrealEditor.modules" 925
"../../../Engine/Plugins/ChaosInsights/Binaries/Win64/UnrealEditor.modules" 926
"../../../Engine/Plugins/ChaosVD/Binaries/Win64/UnrealEditor.modules" 927
"../../../Engine/Plugins/CmdLinkServer/Binaries/Win64/UnrealEditor.modules" 928
"../../../Engine/Plugins/EnhancedInput/Binaries/Win64/UnrealEditor.modules" 929
"../../../Engine/Plugins/Editor/DataValidation/Binaries/Win64/UnrealEditor.modules" 930
"../../../Engine/Plugins/Fab/Binaries/Win64/UnrealEditor.modules" 931
"../../../Engine/Plugins/Interchange/Runtime/Binaries/Win64/UnrealEditor.modules" 932
"../../../Engine/Plugins/Enterprise/VariantManagerContent/Binaries/Win64/UnrealEditor.modules" 933
"../../../Engine/Plugins/Enterprise/VariantManager/Binaries/Win64/UnrealEditor.modules" 934
"../../../Engine/Plugins/Interchange/Assets/Binaries/Win64/UnrealEditor.modules" 935
"../../../Engine/Plugins/FastBuildController/Binaries/Win64/UnrealEditor.modules" 936
"../../../Engine/Plugins/IoStoreInsights/Binaries/Win64/UnrealEditor.modules" 937
"../../../Engine/Plugins/MassInsights/Binaries/Win64/UnrealEditor.modules" 938
"../../../Engine/Plugins/MeshPainting/Binaries/Win64/UnrealEditor.modules" 939
"../../../Engine/Plugins/Interchange/Editor/Binaries/Win64/UnrealEditor.modules" 940
"../../../Engine/Plugins/RenderGraphInsights/Binaries/Win64/UnrealEditor.modules" 941
"../../../Engine/Plugins/TraceUtilities/Binaries/Win64/UnrealEditor.modules" 942
"../../../Engine/Plugins/UbaController/Binaries/Win64/UnrealEditor.modules" 943
"../../../Engine/Plugins/WorldMetrics/Binaries/Win64/UnrealEditor.modules" 944
"../../../Engine/Plugins/XGEController/Binaries/Win64/UnrealEditor.modules" 945
"../../../Engine/Plugins/Enterprise/DatasmithContent/Binaries/Win64/UnrealEditor.modules" 946
"../../../Engine/Plugins/Enterprise/GLTFExporter/Binaries/Win64/UnrealEditor.modules" 947
"../../../Engine/Plugins/Importers/AlembicImporter/Binaries/Win64/UnrealEditor.modules" 948
"../../../Engine/Plugins/Media/AndroidMedia/Binaries/Win64/UnrealEditor.modules" 949
"../../../Engine/Plugins/Media/AvfMedia/Binaries/Win64/UnrealEditor.modules" 950
"../../../Engine/Plugins/Media/ImgMedia/Binaries/Win64/UnrealEditor.modules" 951
"../../../Engine/Plugins/Media/MediaPlayerEditor/Binaries/Win64/UnrealEditor.modules" 952
"../../../Engine/Plugins/Media/MediaCompositing/Binaries/Win64/UnrealEditor.modules" 953
"../../../Engine/Plugins/Media/MediaPlate/Binaries/Win64/UnrealEditor.modules" 954
"../../../Engine/Plugins/Experimental/Compositing/CompositeCore/Binaries/Win64/UnrealEditor.modules" 955
"../../../Engine/Plugins/Media/WmfMedia/Binaries/Win64/UnrealEditor.modules" 956
"../../../Engine/Plugins/Messaging/TcpMessaging/Binaries/Win64/UnrealEditor.modules" 957
"../../../Engine/Plugins/MovieScene/ActorSequence/Binaries/Win64/UnrealEditor.modules" 958
"../../../Engine/Plugins/Messaging/UdpMessaging/Binaries/Win64/UnrealEditor.modules" 959
"../../../Engine/Plugins/Online/OnlineBase/Binaries/Win64/UnrealEditor.modules" 960
"../../../Engine/Plugins/Online/OnlineSubsystem/Binaries/Win64/UnrealEditor.modules" 961
"../../../Engine/Plugins/Online/OnlineSubsystemNull/Binaries/Win64/UnrealEditor.modules" 962
"../../../Engine/Plugins/Online/OnlineSubsystemUtils/Binaries/Win64/UnrealEditor.modules" 963
"../../../Engine/Plugins/Online/OnlineServices/Binaries/Win64/UnrealEditor.modules" 964
"../../../Engine/Plugins/Portal/LauncherChunkInstaller/Binaries/Win64/UnrealEditor.modules" 965
"../../../Engine/Plugins/Tests/InterchangeTests/Binaries/Win64/UnrealEditor.modules" 966
"../../../Engine/Plugins/2D/Paper2D/Binaries/Win64/UnrealEditor.modules" 967
"../../../Engine/Plugins/AI/AISupport/Binaries/Win64/UnrealEditor.modules" 968
"../../../Engine/Plugins/AI/EnvironmentQueryEditor/Binaries/Win64/UnrealEditor.modules" 969
"../../../Engine/Plugins/Animation/ACLPlugin/Binaries/Win64/UnrealEditor.modules" 970
"../../../Engine/Plugins/Animation/AnimationData/Binaries/Win64/UnrealEditor.modules" 971
"../../../Engine/Plugins/Animation/AnimationModifierLibrary/Binaries/Win64/UnrealEditor.modules" 972
"../../../Engine/Plugins/Animation/BlendSpaceMotionAnalysis/Binaries/Win64/UnrealEditor.modules" 973
"../../../Engine/Plugins/Animation/ControlRigSpline/Binaries/Win64/UnrealEditor.modules" 974
"../../../Engine/Plugins/Animation/IKRig/Binaries/Win64/UnrealEditor.modules" 975
"../../../Engine/Plugins/Experimental/FullBodyIK/Binaries/Win64/UnrealEditor.modules" 976
"../../../Engine/Plugins/Animation/SkeletalMeshModelingTools/Binaries/Win64/UnrealEditor.modules" 977
"../../../Engine/Plugins/Cameras/CameraShakePreviewer/Binaries/Win64/UnrealEditor.modules" 978
"../../../Engine/Plugins/Cameras/GameplayCameras/Binaries/Win64/UnrealEditor.modules" 979
"../../../Engine/Plugins/VirtualProduction/CameraCalibrationCore/Binaries/Win64/UnrealEditor.modules" 980
"../../../Engine/Plugins/MovieScene/TemplateSequence/Binaries/Win64/UnrealEditor.modules" 981
"../../../Engine/Plugins/Cameras/EngineCameras/Binaries/Win64/UnrealEditor.modules" 982
"../../../Engine/Plugins/Developer/AnimationSharing/Binaries/Win64/UnrealEditor.modules" 983
"../../../Engine/Plugins/Runtime/SignificanceManager/Binaries/Win64/UnrealEditor.modules" 984
"../../../Engine/Plugins/Compression/OodleNetwork/Binaries/Win64/UnrealEditor.modules" 985
"../../../Engine/Plugins/Developer/CLionSourceCodeAccess/Binaries/Win64/UnrealEditor.modules" 986
"../../../Engine/Plugins/Developer/DumpGPUServices/Binaries/Win64/UnrealEditor.modules" 987
"../../../Engine/Plugins/Developer/GitSourceControl/Binaries/Win64/UnrealEditor.modules" 988
"../../../Engine/Plugins/Developer/N10XSourceCodeAccess/Binaries/Win64/UnrealEditor.modules" 989
"../../../Engine/Plugins/Developer/PerforceSourceControl/Binaries/Win64/UnrealEditor.modules" 990
"../../../Engine/Plugins/Developer/PixWinPlugin/Binaries/Win64/UnrealEditor.modules" 991
"../../../Engine/Plugins/Developer/PlasticSourceControl/Binaries/Win64/UnrealEditor.modules" 992
"../../../Engine/Plugins/Developer/PluginUtils/Binaries/Win64/UnrealEditor.modules" 993
"../../../Engine/Plugins/Developer/ProjectLauncher/Binaries/Win64/UnrealEditor.modules" 994
"../../../Engine/Plugins/Developer/RenderDocPlugin/Binaries/Win64/UnrealEditor.modules" 995
"../../../Engine/Plugins/Developer/PropertyAccessNode/Binaries/Win64/UnrealEditor.modules" 996
"../../../Engine/Plugins/Developer/SubversionSourceControl/Binaries/Win64/UnrealEditor.modules" 997
"../../../Engine/Plugins/Developer/RiderSourceCodeAccess/Binaries/Win64/UnrealEditor.modules" 998
"../../../Engine/Plugins/Developer/TextureFormatOodle/Binaries/Win64/UnrealEditor.modules" 999
"../../../Engine/Plugins/Developer/UObjectPlugin/Binaries/Win64/UnrealEditor.modules" 1000
"../../../Engine/Plugins/Developer/VisualStudioSourceCodeAccess/Binaries/Win64/UnrealEditor.modules" 1001
"../../../Engine/Plugins/Developer/VisualStudioCodeSourceCodeAccess/Binaries/Win64/UnrealEditor.modules" 1002
"../../../Engine/Plugins/Editor/AssetManagerEditor/Binaries/Win64/UnrealEditor.modules" 1003
"../../../Engine/Plugins/Editor/ContentBrowser/ContentBrowserAssetDataSource/Binaries/Win64/UnrealEditor.modules" 1004
"../../../Engine/Plugins/Editor/BlueprintHeaderView/Binaries/Win64/UnrealEditor.modules" 1005
"../../../Engine/Plugins/Editor/ChangelistReview/Binaries/Win64/UnrealEditor.modules" 1006
"../../../Engine/Plugins/Editor/ColorGrading/Binaries/Win64/UnrealEditor.modules" 1007
"../../../Engine/Plugins/Editor/ObjectMixer/ObjectMixer/Binaries/Win64/UnrealEditor.modules" 1008
"../../../Engine/Plugins/Editor/CryptoKeys/Binaries/Win64/UnrealEditor.modules" 1009
"../../../Engine/Plugins/Editor/CurveEditorTools/Binaries/Win64/UnrealEditor.modules" 1010
"../../../Engine/Plugins/Editor/EditorDebugTools/Binaries/Win64/UnrealEditor.modules" 1011
"../../../Engine/Plugins/Editor/FacialAnimation/Binaries/Win64/UnrealEditor.modules" 1012
"../../../Engine/Plugins/Editor/GameplayTagsEditor/Binaries/Win64/UnrealEditor.modules" 1013
"../../../Engine/Plugins/Editor/GeometryMode/Binaries/Win64/UnrealEditor.modules" 1014
"../../../Engine/Plugins/Editor/MaterialAnalyzer/Binaries/Win64/UnrealEditor.modules" 1015
"../../../Engine/Plugins/Editor/MobileLauncherProfileWizard/Binaries/Win64/UnrealEditor.modules" 1016
"../../../Engine/Plugins/Editor/PluginBrowser/Binaries/Win64/UnrealEditor.modules" 1017
"../../../Engine/Plugins/Editor/SequencerAnimTools/Binaries/Win64/UnrealEditor.modules" 1018
"../../../Engine/Plugins/Editor/SpeedTreeImporter/Binaries/Win64/UnrealEditor.modules" 1019
"../../../Engine/Plugins/Editor/UMGWidgetPreview/Binaries/Win64/UnrealEditor.modules" 1020
"../../../Engine/Plugins/Editor/UVEditor/Binaries/Win64/UnrealEditor.modules" 1021
"../../../Engine/Plugins/Editor/WorldPartitionHLODUtilities/Binaries/Win64/UnrealEditor.modules" 1022
"../../../Engine/Plugins/Experimental/AdvancedRenamer/Binaries/Win64/UnrealEditor.modules" 1023
"../../../Engine/Plugins/Experimental/AutomationUtils/Binaries/Win64/UnrealEditor.modules" 1024
"../../../Engine/Plugins/Experimental/BackChannel/Binaries/Win64/UnrealEditor.modules" 1025
"../../../Engine/Plugins/Experimental/ChaosEditor/Binaries/Win64/UnrealEditor.modules" 1026
"../../../Engine/Plugins/Experimental/GeometryCollectionPlugin/Binaries/Win64/UnrealEditor.modules" 1027
"../../../Engine/Plugins/Experimental/Fracture/Binaries/Win64/UnrealEditor.modules" 1028
"../../../Engine/Plugins/Experimental/ChaosSolverPlugin/Binaries/Win64/UnrealEditor.modules" 1029
"../../../Engine/Plugins/Experimental/GeometryDataflow/Binaries/Win64/UnrealEditor.modules" 1030
"../../../Engine/Plugins/Experimental/ChaosNiagara/Binaries/Win64/UnrealEditor.modules" 1031
"../../../Engine/Plugins/Experimental/ChaosUserDataPT/Binaries/Win64/UnrealEditor.modules" 1032
"../../../Engine/Plugins/Experimental/CharacterAI/Binaries/Win64/UnrealEditor.modules" 1033
"../../../Engine/Plugins/Experimental/EditorTelemetry/Binaries/Win64/UnrealEditor.modules" 1034
"../../../Engine/Plugins/Experimental/EditorPerformance/Binaries/Win64/UnrealEditor.modules" 1035
"../../../Engine/Plugins/Experimental/LevelSequenceNavigatorBridge/Binaries/Win64/UnrealEditor.modules" 1036
"../../../Engine/Plugins/Experimental/SequenceNavigator/Binaries/Win64/UnrealEditor.modules" 1037
"../../../Engine/Plugins/Experimental/LocalizableMessage/Binaries/Win64/UnrealEditor.modules" 1038
"../../../Engine/Plugins/Experimental/NFORDenoise/Binaries/Win64/UnrealEditor.modules" 1039
"../../../Engine/Plugins/Experimental/PlatformCrypto/Binaries/Win64/UnrealEditor.modules" 1040
"../../../Engine/Plugins/Experimental/RuntimeTelemetry/Binaries/Win64/UnrealEditor.modules" 1041
"../../../Engine/Plugins/Experimental/SkeletalReduction/Binaries/Win64/UnrealEditor.modules" 1042
"../../../Engine/Plugins/FX/Cascade/Binaries/Win64/UnrealEditor.modules" 1043
"../../../Engine/Plugins/FX/NiagaraSimCaching/Binaries/Win64/UnrealEditor.modules" 1044
"../../../Engine/Plugins/NNE/NNEDenoiser/Binaries/Win64/UnrealEditor.modules" 1045
"../../../Engine/Plugins/NNE/NNERuntimeORT/Binaries/Win64/UnrealEditor.modules" 1046
"../../../Engine/Plugins/Runtime/ActorLayerUtilities/Binaries/Win64/UnrealEditor.modules" 1047
"../../../Engine/Plugins/Runtime/AndroidFileServer/Binaries/Win64/UnrealEditor.modules" 1048
"../../../Engine/Plugins/Runtime/AndroidPermission/Binaries/Win64/UnrealEditor.modules" 1049
"../../../Engine/Plugins/Runtime/AndroidDeviceProfileSelector/Binaries/Win64/UnrealEditor.modules" 1050
"../../../Engine/Plugins/Runtime/AppleImageUtils/Binaries/Win64/UnrealEditor.modules" 1051
"../../../Engine/Plugins/Runtime/ArchVisCharacter/Binaries/Win64/UnrealEditor.modules" 1052
"../../../Engine/Plugins/Runtime/AssetTags/Binaries/Win64/UnrealEditor.modules" 1053
"../../../Engine/Plugins/Runtime/CableComponent/Binaries/Win64/UnrealEditor.modules" 1054
"../../../Engine/Plugins/Runtime/CustomMeshComponent/Binaries/Win64/UnrealEditor.modules" 1055
"../../../Engine/Plugins/Runtime/ChunkDownloader/Binaries/Win64/UnrealEditor.modules" 1056
"../../../Engine/Plugins/Runtime/ExampleDeviceProfileSelector/Binaries/Win64/UnrealEditor.modules" 1057
"../../../Engine/Plugins/Runtime/GooglePAD/Binaries/Win64/UnrealEditor.modules" 1058
"../../../Engine/Plugins/Runtime/InputDebugging/Binaries/Win64/UnrealEditor.modules" 1059
"../../../Engine/Plugins/Runtime/LocationServicesBPLibrary/Binaries/Win64/UnrealEditor.modules" 1060
"../../../Engine/Plugins/Runtime/MobilePatchingUtils/Binaries/Win64/UnrealEditor.modules" 1061
"../../../Engine/Plugins/Runtime/Metasound/Binaries/Win64/UnrealEditor.modules" 1062
"../../../Engine/Plugins/Runtime/AudioWidgets/Binaries/Win64/UnrealEditor.modules" 1063
"../../../Engine/Plugins/Runtime/AudioSynesthesia/Binaries/Win64/UnrealEditor.modules" 1064
"../../../Engine/Plugins/Runtime/WaveTable/Binaries/Win64/UnrealEditor.modules" 1065
"../../../Engine/Plugins/Runtime/MsQuic/Binaries/Win64/UnrealEditor.modules" 1066
"../../../Engine/Plugins/Runtime/ResonanceAudio/Binaries/Win64/UnrealEditor.modules" 1067
"../../../Engine/Plugins/Runtime/Synthesis/Binaries/Win64/UnrealEditor.modules" 1068
"../../../Engine/Plugins/Runtime/SoundFields/Binaries/Win64/UnrealEditor.modules" 1069
"../../../Engine/Plugins/Runtime/WebMMoviePlayer/Binaries/Win64/UnrealEditor.modules" 1070
"../../../Engine/Plugins/Media/WebMMedia/Binaries/Win64/UnrealEditor.modules" 1071
"../../../Engine/Plugins/Runtime/WindowsMoviePlayer/Binaries/Win64/UnrealEditor.modules" 1072
"../../../Engine/Plugins/Runtime/WindowsDeviceProfileSelector/Binaries/Win64/UnrealEditor.modules" 1073
"../../../Engine/Plugins/Editor/ContentBrowser/ContentBrowserClassDataSource/Binaries/Win64/UnrealEditor.modules" 1074
"../../../Engine/Plugins/Editor/ObjectMixer/LightMixer/Binaries/Win64/UnrealEditor.modules" 1075
"../../../Engine/Plugins/Editor/Localization/PortableObjectFileDataSource/Binaries/Win64/UnrealEditor.modules" 1076
"../../../Engine/Plugins/Runtime/Windows/XInputDevice/Binaries/Win64/UnrealEditor.modules" 1077
"../../../Engine/Config/BaseSourceControlSettings.ini" 1078
"../../../Engine/Content/Internationalization/icudt64l/coll/ucadata.icu" 1079
"../../../Engine/Content/Internationalization/icudt64l/coll/en.res" 1080
"../../../Engine/Content/Internationalization/icudt64l/coll/root.res" 1081
"../../../Engine/Content/Certificates/ThirdParty/cacert.pem" 1082
"../../../Engine/Config/ConsoleVariables.ini" 1083
"../../../Engine/Binaries/Win64/Android/UnrealEditor.modules" 1084
"../../../Engine/Binaries/Win64/IOS/UnrealEditor.modules" 1085
"../../../Engine/Binaries/Win64/Linux/UnrealEditor.modules" 1086
"../../../Engine/Content/Localization/Editor/en/Editor.locres" 1087
"../../../Engine/Content/Localization/EditorTutorials/en/EditorTutorials.locres" 1088
"../../../Engine/Content/Localization/Keywords/en/Keywords.locres" 1089
"../../../Engine/Content/Localization/Category/en/Category.locres" 1090
"../../../Engine/Content/Localization/ToolTips/en/ToolTips.locres" 1091
"../../../Engine/Content/Localization/PropertyNames/en/PropertyNames.locres" 1092
"../../../Engine/Content/Localization/Engine/en/Engine.locres" 1093
"../../../Engine/Plugins/Online/OnlineSubsystem/Content/Localization/OnlineSubsystem/en/OnlineSubsystem.locres" 1094
"../../../Engine/Plugins/Online/OnlineSubsystemUtils/Content/Localization/OnlineSubsystemUtils/en/OnlineSubsystemUtils.locres" 1095
"../../../Engine/Plugins/MetaHuman/MetaHumanSDK/Content/Localization/MetaHumanSDK/en/MetaHumanSDK.locres" 1096
"../../../Engine/Plugins/Online/IOS/OnlineSubsystemIOS/Content/Localization/OnlineSubsystemIOS/en/OnlineSubsystemIOS.locres" 1097
"../../../Engine/Plugins/Online/Android/OnlineSubsystemGooglePlay/Content/Localization/OnlineSubsystemGooglePlay/en/OnlineSubsystemGooglePlay.locres" 1098
"../../../Engine/Content/Internationalization/icudt64l/en_IN.res" 1099
"../../../Engine/Content/Internationalization/icudt64l/numberingSystems.res" 1100
"../../../Engine/Content/Internationalization/icudt64l/curr/supplementalData.res" 1101
"../../../Engine/Content/Internationalization/icudt64l/curr/en_IN.res" 1102
"../../../Engine/Content/Internationalization/icudt64l/curr/pool.res" 1103
"../../../Engine/Content/Internationalization/icudt64l/curr/en_001.res" 1104
"../../../Engine/Content/Internationalization/icudt64l/curr/en.res" 1105
"../../../Engine/Content/Internationalization/icudt64l/curr/root.res" 1106
"../../../Engine/Content/Internationalization/icudt64l/lang/af.res" 1107
"../../../Engine/Content/Internationalization/icudt64l/region/af.res" 1108
"../../../Engine/Content/Internationalization/icudt64l/lang/agq.res" 1109
"../../../Engine/Content/Internationalization/icudt64l/region/agq.res" 1110
"../../../Engine/Content/Internationalization/icudt64l/lang/ak.res" 1111
"../../../Engine/Content/Internationalization/icudt64l/region/ak.res" 1112
"../../../Engine/Content/Internationalization/icudt64l/lang/am.res" 1113
"../../../Engine/Content/Internationalization/icudt64l/region/am.res" 1114
"../../../Engine/Content/Internationalization/icudt64l/lang/ar.res" 1115
"../../../Engine/Content/Internationalization/icudt64l/region/ar.res" 1116
"../../../Engine/Content/Internationalization/icudt64l/region/ar_AE.res" 1117
"../../../Engine/Content/Internationalization/icudt64l/lang/ar_EG.res" 1118
"../../../Engine/Content/Internationalization/icudt64l/lang/ar_LY.res" 1119
"../../../Engine/Content/Internationalization/icudt64l/region/ar_LY.res" 1120
"../../../Engine/Content/Internationalization/icudt64l/lang/ar_SA.res" 1121
"../../../Engine/Content/Internationalization/icudt64l/region/ar_SA.res" 1122
"../../../Engine/Content/Internationalization/icudt64l/lang/as.res" 1123
"../../../Engine/Content/Internationalization/icudt64l/region/as.res" 1124
"../../../Engine/Content/Internationalization/icudt64l/lang/asa.res" 1125
"../../../Engine/Content/Internationalization/icudt64l/region/asa.res" 1126
"../../../Engine/Content/Internationalization/icudt64l/lang/ast.res" 1127
"../../../Engine/Content/Internationalization/icudt64l/region/ast.res" 1128
"../../../Engine/Content/Internationalization/icudt64l/lang/az.res" 1129
"../../../Engine/Content/Internationalization/icudt64l/lang/az_Cyrl.res" 1130
"../../../Engine/Content/Internationalization/icudt64l/lang/az_AZ.res" 1131
"../../../Engine/Content/Internationalization/icudt64l/lang/az_Latn_AZ.res" 1132
"../../../Engine/Content/Internationalization/icudt64l/lang/az_Latn.res" 1133
"../../../Engine/Content/Internationalization/icudt64l/region/az_AZ.res" 1134
"../../../Engine/Content/Internationalization/icudt64l/region/az_Latn_AZ.res" 1135
"../../../Engine/Content/Internationalization/icudt64l/region/az_Latn.res" 1136
"../../../Engine/Content/Internationalization/icudt64l/region/az.res" 1137
"../../../Engine/Content/Internationalization/icudt64l/region/az_Cyrl.res" 1138
"../../../Engine/Content/Internationalization/icudt64l/lang/bas.res" 1139
"../../../Engine/Content/Internationalization/icudt64l/region/bas.res" 1140
"../../../Engine/Content/Internationalization/icudt64l/lang/be.res" 1141
"../../../Engine/Content/Internationalization/icudt64l/region/be.res" 1142
"../../../Engine/Content/Internationalization/icudt64l/lang/bem.res" 1143
"../../../Engine/Content/Internationalization/icudt64l/region/bem.res" 1144
"../../../Engine/Content/Internationalization/icudt64l/lang/bez.res" 1145
"../../../Engine/Content/Internationalization/icudt64l/region/bez.res" 1146
"../../../Engine/Content/Internationalization/icudt64l/lang/bg.res" 1147
"../../../Engine/Content/Internationalization/icudt64l/region/bg.res" 1148
"../../../Engine/Content/Internationalization/icudt64l/lang/bm.res" 1149
"../../../Engine/Content/Internationalization/icudt64l/region/bm.res" 1150
"../../../Engine/Content/Internationalization/icudt64l/lang/bn.res" 1151
"../../../Engine/Content/Internationalization/icudt64l/region/bn.res" 1152
"../../../Engine/Content/Internationalization/icudt64l/lang/bn_IN.res" 1153
"../../../Engine/Content/Internationalization/icudt64l/region/bn_IN.res" 1154
"../../../Engine/Content/Internationalization/icudt64l/lang/bo.res" 1155
"../../../Engine/Content/Internationalization/icudt64l/region/bo.res" 1156
"../../../Engine/Content/Internationalization/icudt64l/region/bo_IN.res" 1157
"../../../Engine/Content/Internationalization/icudt64l/lang/br.res" 1158
"../../../Engine/Content/Internationalization/icudt64l/region/br.res" 1159
"../../../Engine/Content/Internationalization/icudt64l/lang/brx.res" 1160
"../../../Engine/Content/Internationalization/icudt64l/region/brx.res" 1161
"../../../Engine/Content/Internationalization/icudt64l/lang/bs.res" 1162
"../../../Engine/Content/Internationalization/icudt64l/lang/bs_Cyrl.res" 1163
"../../../Engine/Content/Internationalization/icudt64l/lang/bs_BA.res" 1164
"../../../Engine/Content/Internationalization/icudt64l/lang/bs_Latn_BA.res" 1165
"../../../Engine/Content/Internationalization/icudt64l/lang/bs_Latn.res" 1166
"../../../Engine/Content/Internationalization/icudt64l/region/bs_BA.res" 1167
"../../../Engine/Content/Internationalization/icudt64l/region/bs_Latn_BA.res" 1168
"../../../Engine/Content/Internationalization/icudt64l/region/bs_Latn.res" 1169
"../../../Engine/Content/Internationalization/icudt64l/region/bs.res" 1170
"../../../Engine/Content/Internationalization/icudt64l/region/bs_Cyrl.res" 1171
"../../../Engine/Content/Internationalization/icudt64l/lang/ca.res" 1172
"../../../Engine/Content/Internationalization/icudt64l/region/ca.res" 1173
"../../../Engine/Content/Internationalization/icudt64l/lang/ccp.res" 1174
"../../../Engine/Content/Internationalization/icudt64l/region/ccp.res" 1175
"../../../Engine/Content/Internationalization/icudt64l/lang/ce.res" 1176
"../../../Engine/Content/Internationalization/icudt64l/region/ce.res" 1177
"../../../Engine/Content/Internationalization/icudt64l/lang/ceb.res" 1178
"../../../Engine/Content/Internationalization/icudt64l/region/ceb.res" 1179
"../../../Engine/Content/Internationalization/icudt64l/lang/cgg.res" 1180
"../../../Engine/Content/Internationalization/icudt64l/region/cgg.res" 1181
"../../../Engine/Content/Internationalization/icudt64l/lang/chr.res" 1182
"../../../Engine/Content/Internationalization/icudt64l/region/chr.res" 1183
"../../../Engine/Content/Internationalization/icudt64l/lang/ckb.res" 1184
"../../../Engine/Content/Internationalization/icudt64l/region/ckb.res" 1185
"../../../Engine/Content/Internationalization/icudt64l/lang/cs.res" 1186
"../../../Engine/Content/Internationalization/icudt64l/region/cs.res" 1187
"../../../Engine/Content/Internationalization/icudt64l/lang/cy.res" 1188
"../../../Engine/Content/Internationalization/icudt64l/region/cy.res" 1189
"../../../Engine/Content/Internationalization/icudt64l/lang/da.res" 1190
"../../../Engine/Content/Internationalization/icudt64l/region/da.res" 1191
"../../../Engine/Content/Internationalization/icudt64l/lang/dav.res" 1192
"../../../Engine/Content/Internationalization/icudt64l/region/dav.res" 1193
"../../../Engine/Content/Internationalization/icudt64l/lang/de.res" 1194
"../../../Engine/Content/Internationalization/icudt64l/lang/de_AT.res" 1195
"../../../Engine/Content/Internationalization/icudt64l/region/de_AT.res" 1196
"../../../Engine/Content/Internationalization/icudt64l/region/de.res" 1197
"../../../Engine/Content/Internationalization/icudt64l/lang/de_CH.res" 1198
"../../../Engine/Content/Internationalization/icudt64l/region/de_CH.res" 1199
"../../../Engine/Content/Internationalization/icudt64l/lang/de_LU.res" 1200
"../../../Engine/Content/Internationalization/icudt64l/lang/dje.res" 1201
"../../../Engine/Content/Internationalization/icudt64l/region/dje.res" 1202
"../../../Engine/Content/Internationalization/icudt64l/lang/dsb.res" 1203
"../../../Engine/Content/Internationalization/icudt64l/region/dsb.res" 1204
"../../../Engine/Content/Internationalization/icudt64l/lang/dua.res" 1205
"../../../Engine/Content/Internationalization/icudt64l/region/dua.res" 1206
"../../../Engine/Content/Internationalization/icudt64l/lang/dyo.res" 1207
"../../../Engine/Content/Internationalization/icudt64l/region/dyo.res" 1208
"../../../Engine/Content/Internationalization/icudt64l/lang/dz.res" 1209
"../../../Engine/Content/Internationalization/icudt64l/region/dz.res" 1210
"../../../Engine/Content/Internationalization/icudt64l/lang/ebu.res" 1211
"../../../Engine/Content/Internationalization/icudt64l/region/ebu.res" 1212
"../../../Engine/Content/Internationalization/icudt64l/lang/ee.res" 1213
"../../../Engine/Content/Internationalization/icudt64l/region/ee.res" 1214
"../../../Engine/Content/Internationalization/icudt64l/lang/el.res" 1215
"../../../Engine/Content/Internationalization/icudt64l/region/el.res" 1216
"../../../Engine/Content/Internationalization/icudt64l/lang/en_150.res" 1217
"../../../Engine/Content/Internationalization/icudt64l/region/en_150.res" 1218
"../../../Engine/Content/Internationalization/icudt64l/lang/en_AG.res" 1219
"../../../Engine/Content/Internationalization/icudt64l/region/en_AG.res" 1220
"../../../Engine/Content/Internationalization/icudt64l/lang/en_AI.res" 1221
"../../../Engine/Content/Internationalization/icudt64l/region/en_AI.res" 1222
"../../../Engine/Content/Internationalization/icudt64l/lang/en_AT.res" 1223
"../../../Engine/Content/Internationalization/icudt64l/region/en_AT.res" 1224
"../../../Engine/Content/Internationalization/icudt64l/lang/en_AU.res" 1225
"../../../Engine/Content/Internationalization/icudt64l/region/en_AU.res" 1226
"../../../Engine/Content/Internationalization/icudt64l/lang/en_BB.res" 1227
"../../../Engine/Content/Internationalization/icudt64l/region/en_BB.res" 1228
"../../../Engine/Content/Internationalization/icudt64l/lang/en_BE.res" 1229
"../../../Engine/Content/Internationalization/icudt64l/region/en_BE.res" 1230
"../../../Engine/Content/Internationalization/icudt64l/lang/en_BM.res" 1231
"../../../Engine/Content/Internationalization/icudt64l/region/en_BM.res" 1232
"../../../Engine/Content/Internationalization/icudt64l/lang/en_BS.res" 1233
"../../../Engine/Content/Internationalization/icudt64l/region/en_BS.res" 1234
"../../../Engine/Content/Internationalization/icudt64l/lang/en_BW.res" 1235
"../../../Engine/Content/Internationalization/icudt64l/region/en_BW.res" 1236
"../../../Engine/Content/Internationalization/icudt64l/lang/en_BZ.res" 1237
"../../../Engine/Content/Internationalization/icudt64l/region/en_BZ.res" 1238
"../../../Engine/Content/Internationalization/icudt64l/lang/en_CA.res" 1239
"../../../Engine/Content/Internationalization/icudt64l/region/en_CA.res" 1240
"../../../Engine/Content/Internationalization/icudt64l/lang/en_CC.res" 1241
"../../../Engine/Content/Internationalization/icudt64l/region/en_CC.res" 1242
"../../../Engine/Content/Internationalization/icudt64l/lang/en_CH.res" 1243
"../../../Engine/Content/Internationalization/icudt64l/region/en_CH.res" 1244
"../../../Engine/Content/Internationalization/icudt64l/lang/en_CK.res" 1245
"../../../Engine/Content/Internationalization/icudt64l/region/en_CK.res" 1246
"../../../Engine/Content/Internationalization/icudt64l/lang/en_CM.res" 1247
"../../../Engine/Content/Internationalization/icudt64l/region/en_CM.res" 1248
"../../../Engine/Content/Internationalization/icudt64l/lang/en_CX.res" 1249
"../../../Engine/Content/Internationalization/icudt64l/region/en_CX.res" 1250
"../../../Engine/Content/Internationalization/icudt64l/lang/en_CY.res" 1251
"../../../Engine/Content/Internationalization/icudt64l/region/en_CY.res" 1252
"../../../Engine/Content/Internationalization/icudt64l/lang/en_DE.res" 1253
"../../../Engine/Content/Internationalization/icudt64l/region/en_DE.res" 1254
"../../../Engine/Content/Internationalization/icudt64l/lang/en_DG.res" 1255
"../../../Engine/Content/Internationalization/icudt64l/region/en_DG.res" 1256
"../../../Engine/Content/Internationalization/icudt64l/lang/en_DK.res" 1257
"../../../Engine/Content/Internationalization/icudt64l/region/en_DK.res" 1258
"../../../Engine/Content/Internationalization/icudt64l/lang/en_DM.res" 1259
"../../../Engine/Content/Internationalization/icudt64l/region/en_DM.res" 1260
"../../../Engine/Content/Internationalization/icudt64l/lang/en_ER.res" 1261
"../../../Engine/Content/Internationalization/icudt64l/region/en_ER.res" 1262
"../../../Engine/Content/Internationalization/icudt64l/lang/en_FI.res" 1263
"../../../Engine/Content/Internationalization/icudt64l/region/en_FI.res" 1264
"../../../Engine/Content/Internationalization/icudt64l/lang/en_FJ.res" 1265
"../../../Engine/Content/Internationalization/icudt64l/region/en_FJ.res" 1266
"../../../Engine/Content/Internationalization/icudt64l/lang/en_FK.res" 1267
"../../../Engine/Content/Internationalization/icudt64l/region/en_FK.res" 1268
"../../../Engine/Content/Internationalization/icudt64l/lang/en_FM.res" 1269
"../../../Engine/Content/Internationalization/icudt64l/region/en_FM.res" 1270
"../../../Engine/Content/Internationalization/icudt64l/lang/en_GD.res" 1271
"../../../Engine/Content/Internationalization/icudt64l/region/en_GD.res" 1272
"../../../Engine/Content/Internationalization/icudt64l/lang/en_GG.res" 1273
"../../../Engine/Content/Internationalization/icudt64l/region/en_GG.res" 1274
"../../../Engine/Content/Internationalization/icudt64l/lang/en_GH.res" 1275
"../../../Engine/Content/Internationalization/icudt64l/region/en_GH.res" 1276
"../../../Engine/Content/Internationalization/icudt64l/lang/en_GI.res" 1277
"../../../Engine/Content/Internationalization/icudt64l/region/en_GI.res" 1278
"../../../Engine/Content/Internationalization/icudt64l/lang/en_GM.res" 1279
"../../../Engine/Content/Internationalization/icudt64l/region/en_GM.res" 1280
"../../../Engine/Content/Internationalization/icudt64l/lang/en_GY.res" 1281
"../../../Engine/Content/Internationalization/icudt64l/region/en_GY.res" 1282
"../../../Engine/Content/Internationalization/icudt64l/lang/en_HK.res" 1283
"../../../Engine/Content/Internationalization/icudt64l/region/en_HK.res" 1284
"../../../Engine/Content/Internationalization/icudt64l/lang/en_IE.res" 1285
"../../../Engine/Content/Internationalization/icudt64l/region/en_IE.res" 1286
"../../../Engine/Content/Internationalization/icudt64l/lang/en_IL.res" 1287
"../../../Engine/Content/Internationalization/icudt64l/region/en_IL.res" 1288
"../../../Engine/Content/Internationalization/icudt64l/lang/en_IM.res" 1289
"../../../Engine/Content/Internationalization/icudt64l/region/en_IM.res" 1290
"../../../Engine/Content/Internationalization/icudt64l/lang/en_IO.res" 1291
"../../../Engine/Content/Internationalization/icudt64l/region/en_IO.res" 1292
"../../../Engine/Content/Internationalization/icudt64l/lang/en_JE.res" 1293
"../../../Engine/Content/Internationalization/icudt64l/region/en_JE.res" 1294
"../../../Engine/Content/Internationalization/icudt64l/lang/en_JM.res" 1295
"../../../Engine/Content/Internationalization/icudt64l/region/en_JM.res" 1296
"../../../Engine/Content/Internationalization/icudt64l/lang/en_KE.res" 1297
"../../../Engine/Content/Internationalization/icudt64l/region/en_KE.res" 1298
"../../../Engine/Content/Internationalization/icudt64l/lang/en_KI.res" 1299
"../../../Engine/Content/Internationalization/icudt64l/region/en_KI.res" 1300
"../../../Engine/Content/Internationalization/icudt64l/lang/en_KN.res" 1301
"../../../Engine/Content/Internationalization/icudt64l/region/en_KN.res" 1302
"../../../Engine/Content/Internationalization/icudt64l/lang/en_KY.res" 1303
"../../../Engine/Content/Internationalization/icudt64l/region/en_KY.res" 1304
"../../../Engine/Content/Internationalization/icudt64l/lang/en_LC.res" 1305
"../../../Engine/Content/Internationalization/icudt64l/region/en_LC.res" 1306
"../../../Engine/Content/Internationalization/icudt64l/lang/en_LR.res" 1307
"../../../Engine/Content/Internationalization/icudt64l/region/en_LR.res" 1308
"../../../Engine/Content/Internationalization/icudt64l/lang/en_LS.res" 1309
"../../../Engine/Content/Internationalization/icudt64l/region/en_LS.res" 1310
"../../../Engine/Content/Internationalization/icudt64l/lang/en_MG.res" 1311
"../../../Engine/Content/Internationalization/icudt64l/region/en_MG.res" 1312
"../../../Engine/Content/Internationalization/icudt64l/lang/en_MO.res" 1313
"../../../Engine/Content/Internationalization/icudt64l/region/en_MO.res" 1314
"../../../Engine/Content/Internationalization/icudt64l/lang/en_MS.res" 1315
"../../../Engine/Content/Internationalization/icudt64l/region/en_MS.res" 1316
"../../../Engine/Content/Internationalization/icudt64l/lang/en_MT.res" 1317
"../../../Engine/Content/Internationalization/icudt64l/region/en_MT.res" 1318
"../../../Engine/Content/Internationalization/icudt64l/lang/en_MU.res" 1319
"../../../Engine/Content/Internationalization/icudt64l/region/en_MU.res" 1320
"../../../Engine/Content/Internationalization/icudt64l/lang/en_MW.res" 1321
"../../../Engine/Content/Internationalization/icudt64l/region/en_MW.res" 1322
"../../../Engine/Content/Internationalization/icudt64l/lang/en_MY.res" 1323
"../../../Engine/Content/Internationalization/icudt64l/region/en_MY.res" 1324
"../../../Engine/Content/Internationalization/icudt64l/lang/en_NA.res" 1325
"../../../Engine/Content/Internationalization/icudt64l/region/en_NA.res" 1326
"../../../Engine/Content/Internationalization/icudt64l/lang/en_NF.res" 1327
"../../../Engine/Content/Internationalization/icudt64l/region/en_NF.res" 1328
"../../../Engine/Content/Internationalization/icudt64l/lang/en_NG.res" 1329
"../../../Engine/Content/Internationalization/icudt64l/region/en_NG.res" 1330
"../../../Engine/Content/Internationalization/icudt64l/lang/en_NL.res" 1331
"../../../Engine/Content/Internationalization/icudt64l/region/en_NL.res" 1332
"../../../Engine/Content/Internationalization/icudt64l/lang/en_NR.res" 1333
"../../../Engine/Content/Internationalization/icudt64l/region/en_NR.res" 1334
"../../../Engine/Content/Internationalization/icudt64l/lang/en_NU.res" 1335
"../../../Engine/Content/Internationalization/icudt64l/region/en_NU.res" 1336
"../../../Engine/Content/Internationalization/icudt64l/lang/en_NZ.res" 1337
"../../../Engine/Content/Internationalization/icudt64l/region/en_NZ.res" 1338
"../../../Engine/Content/Internationalization/icudt64l/lang/en_PG.res" 1339
"../../../Engine/Content/Internationalization/icudt64l/region/en_PG.res" 1340
"../../../Engine/Content/Internationalization/icudt64l/lang/en_PH.res" 1341
"../../../Engine/Content/Internationalization/icudt64l/region/en_PH.res" 1342
"../../../Engine/Content/Internationalization/icudt64l/lang/en_PK.res" 1343
"../../../Engine/Content/Internationalization/icudt64l/region/en_PK.res" 1344
"../../../Engine/Content/Internationalization/icudt64l/lang/en_PN.res" 1345
"../../../Engine/Content/Internationalization/icudt64l/region/en_PN.res" 1346
"../../../Engine/Content/Internationalization/icudt64l/lang/en_PW.res" 1347
"../../../Engine/Content/Internationalization/icudt64l/region/en_PW.res" 1348
"../../../Engine/Content/Internationalization/icudt64l/lang/en_RW.res" 1349
"../../../Engine/Content/Internationalization/icudt64l/region/en_RW.res" 1350
"../../../Engine/Content/Internationalization/icudt64l/lang/en_SB.res" 1351
"../../../Engine/Content/Internationalization/icudt64l/region/en_SB.res" 1352
"../../../Engine/Content/Internationalization/icudt64l/lang/en_SC.res" 1353
"../../../Engine/Content/Internationalization/icudt64l/region/en_SC.res" 1354
"../../../Engine/Content/Internationalization/icudt64l/lang/en_SD.res" 1355
"../../../Engine/Content/Internationalization/icudt64l/region/en_SD.res" 1356
"../../../Engine/Content/Internationalization/icudt64l/lang/en_SE.res" 1357
"../../../Engine/Content/Internationalization/icudt64l/region/en_SE.res" 1358
"../../../Engine/Content/Internationalization/icudt64l/lang/en_SG.res" 1359
"../../../Engine/Content/Internationalization/icudt64l/region/en_SG.res" 1360
"../../../Engine/Content/Internationalization/icudt64l/lang/en_SH.res" 1361
"../../../Engine/Content/Internationalization/icudt64l/region/en_SH.res" 1362
"../../../Engine/Content/Internationalization/icudt64l/lang/en_SI.res" 1363
"../../../Engine/Content/Internationalization/icudt64l/region/en_SI.res" 1364
"../../../Engine/Content/Internationalization/icudt64l/lang/en_SL.res" 1365
"../../../Engine/Content/Internationalization/icudt64l/region/en_SL.res" 1366
"../../../Engine/Content/Internationalization/icudt64l/lang/en_SS.res" 1367
"../../../Engine/Content/Internationalization/icudt64l/region/en_SS.res" 1368
"../../../Engine/Content/Internationalization/icudt64l/lang/en_SX.res" 1369
"../../../Engine/Content/Internationalization/icudt64l/region/en_SX.res" 1370
"../../../Engine/Content/Internationalization/icudt64l/lang/en_SZ.res" 1371
"../../../Engine/Content/Internationalization/icudt64l/region/en_SZ.res" 1372
"../../../Engine/Content/Internationalization/icudt64l/lang/en_TC.res" 1373
"../../../Engine/Content/Internationalization/icudt64l/region/en_TC.res" 1374
"../../../Engine/Content/Internationalization/icudt64l/lang/en_TK.res" 1375
"../../../Engine/Content/Internationalization/icudt64l/region/en_TK.res" 1376
"../../../Engine/Content/Internationalization/icudt64l/lang/en_TO.res" 1377
"../../../Engine/Content/Internationalization/icudt64l/region/en_TO.res" 1378
"../../../Engine/Content/Internationalization/icudt64l/lang/en_TT.res" 1379
"../../../Engine/Content/Internationalization/icudt64l/region/en_TT.res" 1380
"../../../Engine/Content/Internationalization/icudt64l/lang/en_TV.res" 1381
"../../../Engine/Content/Internationalization/icudt64l/region/en_TV.res" 1382
"../../../Engine/Content/Internationalization/icudt64l/lang/en_TZ.res" 1383
"../../../Engine/Content/Internationalization/icudt64l/region/en_TZ.res" 1384
"../../../Engine/Content/Internationalization/icudt64l/lang/en_UG.res" 1385
"../../../Engine/Content/Internationalization/icudt64l/region/en_UG.res" 1386
"../../../Engine/Content/Internationalization/icudt64l/lang/en_VC.res" 1387
"../../../Engine/Content/Internationalization/icudt64l/region/en_VC.res" 1388
"../../../Engine/Content/Internationalization/icudt64l/lang/en_VG.res" 1389
"../../../Engine/Content/Internationalization/icudt64l/region/en_VG.res" 1390
"../../../Engine/Content/Internationalization/icudt64l/lang/en_VU.res" 1391
"../../../Engine/Content/Internationalization/icudt64l/region/en_VU.res" 1392
"../../../Engine/Content/Internationalization/icudt64l/lang/en_WS.res" 1393
"../../../Engine/Content/Internationalization/icudt64l/region/en_WS.res" 1394
"../../../Engine/Content/Internationalization/icudt64l/lang/en_ZA.res" 1395
"../../../Engine/Content/Internationalization/icudt64l/region/en_ZA.res" 1396
"../../../Engine/Content/Internationalization/icudt64l/lang/en_ZM.res" 1397
"../../../Engine/Content/Internationalization/icudt64l/region/en_ZM.res" 1398
"../../../Engine/Content/Internationalization/icudt64l/lang/en_ZW.res" 1399
"../../../Engine/Content/Internationalization/icudt64l/region/en_ZW.res" 1400
"../../../Engine/Content/Internationalization/icudt64l/lang/eo.res" 1401
"../../../Engine/Content/Internationalization/icudt64l/region/eo.res" 1402
"../../../Engine/Content/Internationalization/icudt64l/lang/es.res" 1403
"../../../Engine/Content/Internationalization/icudt64l/lang/es_419.res" 1404
"../../../Engine/Content/Internationalization/icudt64l/region/es_419.res" 1405
"../../../Engine/Content/Internationalization/icudt64l/region/es.res" 1406
"../../../Engine/Content/Internationalization/icudt64l/lang/es_AR.res" 1407
"../../../Engine/Content/Internationalization/icudt64l/region/es_AR.res" 1408
"../../../Engine/Content/Internationalization/icudt64l/lang/es_BO.res" 1409
"../../../Engine/Content/Internationalization/icudt64l/region/es_BO.res" 1410
"../../../Engine/Content/Internationalization/icudt64l/lang/es_BR.res" 1411
"../../../Engine/Content/Internationalization/icudt64l/region/es_BR.res" 1412
"../../../Engine/Content/Internationalization/icudt64l/lang/es_BZ.res" 1413
"../../../Engine/Content/Internationalization/icudt64l/region/es_BZ.res" 1414
"../../../Engine/Content/Internationalization/icudt64l/lang/es_CL.res" 1415
"../../../Engine/Content/Internationalization/icudt64l/region/es_CL.res" 1416
"../../../Engine/Content/Internationalization/icudt64l/lang/es_CO.res" 1417
"../../../Engine/Content/Internationalization/icudt64l/region/es_CO.res" 1418
"../../../Engine/Content/Internationalization/icudt64l/lang/es_CR.res" 1419
"../../../Engine/Content/Internationalization/icudt64l/region/es_CR.res" 1420
"../../../Engine/Content/Internationalization/icudt64l/lang/es_CU.res" 1421
"../../../Engine/Content/Internationalization/icudt64l/region/es_CU.res" 1422
"../../../Engine/Content/Internationalization/icudt64l/lang/es_DO.res" 1423
"../../../Engine/Content/Internationalization/icudt64l/region/es_DO.res" 1424
"../../../Engine/Content/Internationalization/icudt64l/lang/es_EC.res" 1425
"../../../Engine/Content/Internationalization/icudt64l/region/es_EC.res" 1426
"../../../Engine/Content/Internationalization/icudt64l/lang/es_GT.res" 1427
"../../../Engine/Content/Internationalization/icudt64l/region/es_GT.res" 1428
"../../../Engine/Content/Internationalization/icudt64l/lang/es_HN.res" 1429
"../../../Engine/Content/Internationalization/icudt64l/region/es_HN.res" 1430
"../../../Engine/Content/Internationalization/icudt64l/lang/es_MX.res" 1431
"../../../Engine/Content/Internationalization/icudt64l/region/es_MX.res" 1432
"../../../Engine/Content/Internationalization/icudt64l/lang/es_NI.res" 1433
"../../../Engine/Content/Internationalization/icudt64l/region/es_NI.res" 1434
"../../../Engine/Content/Internationalization/icudt64l/lang/es_PA.res" 1435
"../../../Engine/Content/Internationalization/icudt64l/region/es_PA.res" 1436
"../../../Engine/Content/Internationalization/icudt64l/lang/es_PE.res" 1437
"../../../Engine/Content/Internationalization/icudt64l/region/es_PE.res" 1438
"../../../Engine/Content/Internationalization/icudt64l/lang/es_PR.res" 1439
"../../../Engine/Content/Internationalization/icudt64l/region/es_PR.res" 1440
"../../../Engine/Content/Internationalization/icudt64l/lang/es_PY.res" 1441
"../../../Engine/Content/Internationalization/icudt64l/region/es_PY.res" 1442
"../../../Engine/Content/Internationalization/icudt64l/lang/es_SV.res" 1443
"../../../Engine/Content/Internationalization/icudt64l/region/es_SV.res" 1444
"../../../Engine/Content/Internationalization/icudt64l/lang/es_US.res" 1445
"../../../Engine/Content/Internationalization/icudt64l/region/es_US.res" 1446
"../../../Engine/Content/Internationalization/icudt64l/lang/es_UY.res" 1447
"../../../Engine/Content/Internationalization/icudt64l/region/es_UY.res" 1448
"../../../Engine/Content/Internationalization/icudt64l/lang/es_VE.res" 1449
"../../../Engine/Content/Internationalization/icudt64l/region/es_VE.res" 1450
"../../../Engine/Content/Internationalization/icudt64l/lang/et.res" 1451
"../../../Engine/Content/Internationalization/icudt64l/region/et.res" 1452
"../../../Engine/Content/Internationalization/icudt64l/lang/eu.res" 1453
"../../../Engine/Content/Internationalization/icudt64l/region/eu.res" 1454
"../../../Engine/Content/Internationalization/icudt64l/lang/ewo.res" 1455
"../../../Engine/Content/Internationalization/icudt64l/region/ewo.res" 1456
"../../../Engine/Content/Internationalization/icudt64l/lang/fa.res" 1457
"../../../Engine/Content/Internationalization/icudt64l/lang/fa_AF.res" 1458
"../../../Engine/Content/Internationalization/icudt64l/region/fa_AF.res" 1459
"../../../Engine/Content/Internationalization/icudt64l/region/fa.res" 1460
"../../../Engine/Content/Internationalization/icudt64l/lang/ff.res" 1461
"../../../Engine/Content/Internationalization/icudt64l/lang/ff_Latn.res" 1462
"../../../Engine/Content/Internationalization/icudt64l/region/ff.res" 1463
"../../../Engine/Content/Internationalization/icudt64l/region/ff_Latn.res" 1464
"../../../Engine/Content/Internationalization/icudt64l/lang/ff_CM.res" 1465
"../../../Engine/Content/Internationalization/icudt64l/lang/ff_Latn_CM.res" 1466
"../../../Engine/Content/Internationalization/icudt64l/region/ff_CM.res" 1467
"../../../Engine/Content/Internationalization/icudt64l/region/ff_Latn_CM.res" 1468
"../../../Engine/Content/Internationalization/icudt64l/lang/ff_GN.res" 1469
"../../../Engine/Content/Internationalization/icudt64l/lang/ff_Latn_GN.res" 1470
"../../../Engine/Content/Internationalization/icudt64l/region/ff_GN.res" 1471
"../../../Engine/Content/Internationalization/icudt64l/region/ff_Latn_GN.res" 1472
"../../../Engine/Content/Internationalization/icudt64l/lang/ff_MR.res" 1473
"../../../Engine/Content/Internationalization/icudt64l/lang/ff_Latn_MR.res" 1474
"../../../Engine/Content/Internationalization/icudt64l/region/ff_MR.res" 1475
"../../../Engine/Content/Internationalization/icudt64l/region/ff_Latn_MR.res" 1476
"../../../Engine/Content/Internationalization/icudt64l/lang/ff_SN.res" 1477
"../../../Engine/Content/Internationalization/icudt64l/lang/ff_Latn_SN.res" 1478
"../../../Engine/Content/Internationalization/icudt64l/region/ff_SN.res" 1479
"../../../Engine/Content/Internationalization/icudt64l/region/ff_Latn_SN.res" 1480
"../../../Engine/Content/Internationalization/icudt64l/lang/fi.res" 1481
"../../../Engine/Content/Internationalization/icudt64l/region/fi.res" 1482
"../../../Engine/Content/Internationalization/icudt64l/lang/fil.res" 1483
"../../../Engine/Content/Internationalization/icudt64l/lang/fil_PH.res" 1484
"../../../Engine/Content/Internationalization/icudt64l/region/fil_PH.res" 1485
"../../../Engine/Content/Internationalization/icudt64l/region/fil.res" 1486
"../../../Engine/Content/Internationalization/icudt64l/lang/fo.res" 1487
"../../../Engine/Content/Internationalization/icudt64l/region/fo.res" 1488
"../../../Engine/Content/Internationalization/icudt64l/lang/fr.res" 1489
"../../../Engine/Content/Internationalization/icudt64l/lang/fr_BE.res" 1490
"../../../Engine/Content/Internationalization/icudt64l/region/fr_BE.res" 1491
"../../../Engine/Content/Internationalization/icudt64l/region/fr.res" 1492
"../../../Engine/Content/Internationalization/icudt64l/lang/fr_CA.res" 1493
"../../../Engine/Content/Internationalization/icudt64l/region/fr_CA.res" 1494
"../../../Engine/Content/Internationalization/icudt64l/lang/fr_CH.res" 1495
"../../../Engine/Content/Internationalization/icudt64l/lang/fur.res" 1496
"../../../Engine/Content/Internationalization/icudt64l/region/fur.res" 1497
"../../../Engine/Content/Internationalization/icudt64l/lang/fy.res" 1498
"../../../Engine/Content/Internationalization/icudt64l/region/fy.res" 1499
"../../../Engine/Content/Internationalization/icudt64l/lang/ga.res" 1500
"../../../Engine/Content/Internationalization/icudt64l/region/ga.res" 1501
"../../../Engine/Content/Internationalization/icudt64l/lang/gd.res" 1502
"../../../Engine/Content/Internationalization/icudt64l/region/gd.res" 1503
"../../../Engine/Content/Internationalization/icudt64l/lang/gl.res" 1504
"../../../Engine/Content/Internationalization/icudt64l/region/gl.res" 1505
"../../../Engine/Content/Internationalization/icudt64l/lang/gsw.res" 1506
"../../../Engine/Content/Internationalization/icudt64l/region/gsw.res" 1507
"../../../Engine/Content/Internationalization/icudt64l/lang/gu.res" 1508
"../../../Engine/Content/Internationalization/icudt64l/region/gu.res" 1509
"../../../Engine/Content/Internationalization/icudt64l/lang/guz.res" 1510
"../../../Engine/Content/Internationalization/icudt64l/region/guz.res" 1511
"../../../Engine/Content/Internationalization/icudt64l/lang/gv.res" 1512
"../../../Engine/Content/Internationalization/icudt64l/region/gv.res" 1513
"../../../Engine/Content/Internationalization/icudt64l/lang/ha.res" 1514
"../../../Engine/Content/Internationalization/icudt64l/region/ha.res" 1515
"../../../Engine/Content/Internationalization/icudt64l/lang/ha_NE.res" 1516
"../../../Engine/Content/Internationalization/icudt64l/region/ha_NE.res" 1517
"../../../Engine/Content/Internationalization/icudt64l/lang/haw.res" 1518
"../../../Engine/Content/Internationalization/icudt64l/region/haw.res" 1519
"../../../Engine/Content/Internationalization/icudt64l/lang/he.res" 1520
"../../../Engine/Content/Internationalization/icudt64l/lang/he_IL.res" 1521
"../../../Engine/Content/Internationalization/icudt64l/region/he_IL.res" 1522
"../../../Engine/Content/Internationalization/icudt64l/region/he.res" 1523
"../../../Engine/Content/Internationalization/icudt64l/lang/hi.res" 1524
"../../../Engine/Content/Internationalization/icudt64l/region/hi.res" 1525
"../../../Engine/Content/Internationalization/icudt64l/lang/hr.res" 1526
"../../../Engine/Content/Internationalization/icudt64l/region/hr.res" 1527
"../../../Engine/Content/Internationalization/icudt64l/lang/hsb.res" 1528
"../../../Engine/Content/Internationalization/icudt64l/region/hsb.res" 1529
"../../../Engine/Content/Internationalization/icudt64l/lang/hu.res" 1530
"../../../Engine/Content/Internationalization/icudt64l/region/hu.res" 1531
"../../../Engine/Content/Internationalization/icudt64l/lang/hy.res" 1532
"../../../Engine/Content/Internationalization/icudt64l/region/hy.res" 1533
"../../../Engine/Content/Internationalization/icudt64l/lang/ia.res" 1534
"../../../Engine/Content/Internationalization/icudt64l/region/ia.res" 1535
"../../../Engine/Content/Internationalization/icudt64l/lang/id.res" 1536
"../../../Engine/Content/Internationalization/icudt64l/lang/id_ID.res" 1537
"../../../Engine/Content/Internationalization/icudt64l/region/id_ID.res" 1538
"../../../Engine/Content/Internationalization/icudt64l/region/id.res" 1539
"../../../Engine/Content/Internationalization/icudt64l/lang/ig.res" 1540
"../../../Engine/Content/Internationalization/icudt64l/region/ig.res" 1541
"../../../Engine/Content/Internationalization/icudt64l/lang/ii.res" 1542
"../../../Engine/Content/Internationalization/icudt64l/region/ii.res" 1543
"../../../Engine/Content/Internationalization/icudt64l/lang/is.res" 1544
"../../../Engine/Content/Internationalization/icudt64l/region/is.res" 1545
"../../../Engine/Content/Internationalization/icudt64l/lang/it.res" 1546
"../../../Engine/Content/Internationalization/icudt64l/region/it.res" 1547
"../../../Engine/Content/Internationalization/icudt64l/lang/ja.res" 1548
"../../../Engine/Content/Internationalization/icudt64l/lang/ja_JP.res" 1549
"../../../Engine/Content/Internationalization/icudt64l/region/ja_JP.res" 1550
"../../../Engine/Content/Internationalization/icudt64l/region/ja.res" 1551
"../../../Engine/Content/Internationalization/icudt64l/lang/jgo.res" 1552
"../../../Engine/Content/Internationalization/icudt64l/region/jgo.res" 1553
"../../../Engine/Content/Internationalization/icudt64l/lang/jmc.res" 1554
"../../../Engine/Content/Internationalization/icudt64l/region/jmc.res" 1555
"../../../Engine/Content/Internationalization/icudt64l/lang/jv.res" 1556
"../../../Engine/Content/Internationalization/icudt64l/region/jv.res" 1557
"../../../Engine/Content/Internationalization/icudt64l/lang/ka.res" 1558
"../../../Engine/Content/Internationalization/icudt64l/region/ka.res" 1559
"../../../Engine/Content/Internationalization/icudt64l/lang/kab.res" 1560
"../../../Engine/Content/Internationalization/icudt64l/region/kab.res" 1561
"../../../Engine/Content/Internationalization/icudt64l/lang/kam.res" 1562
"../../../Engine/Content/Internationalization/icudt64l/region/kam.res" 1563
"../../../Engine/Content/Internationalization/icudt64l/lang/kde.res" 1564
"../../../Engine/Content/Internationalization/icudt64l/region/kde.res" 1565
"../../../Engine/Content/Internationalization/icudt64l/lang/kea.res" 1566
"../../../Engine/Content/Internationalization/icudt64l/region/kea.res" 1567
"../../../Engine/Content/Internationalization/icudt64l/lang/khq.res" 1568
"../../../Engine/Content/Internationalization/icudt64l/region/khq.res" 1569
"../../../Engine/Content/Internationalization/icudt64l/lang/ki.res" 1570
"../../../Engine/Content/Internationalization/icudt64l/region/ki.res" 1571
"../../../Engine/Content/Internationalization/icudt64l/lang/kk.res" 1572
"../../../Engine/Content/Internationalization/icudt64l/region/kk.res" 1573
"../../../Engine/Content/Internationalization/icudt64l/lang/kkj.res" 1574
"../../../Engine/Content/Internationalization/icudt64l/region/kkj.res" 1575
"../../../Engine/Content/Internationalization/icudt64l/lang/kl.res" 1576
"../../../Engine/Content/Internationalization/icudt64l/region/kl.res" 1577
"../../../Engine/Content/Internationalization/icudt64l/lang/kln.res" 1578
"../../../Engine/Content/Internationalization/icudt64l/region/kln.res" 1579
"../../../Engine/Content/Internationalization/icudt64l/lang/km.res" 1580
"../../../Engine/Content/Internationalization/icudt64l/region/km.res" 1581
"../../../Engine/Content/Internationalization/icudt64l/lang/kn.res" 1582
"../../../Engine/Content/Internationalization/icudt64l/region/kn.res" 1583
"../../../Engine/Content/Internationalization/icudt64l/lang/ko.res" 1584
"../../../Engine/Content/Internationalization/icudt64l/region/ko_KP.res" 1585
"../../../Engine/Content/Internationalization/icudt64l/region/ko.res" 1586
"../../../Engine/Content/Internationalization/icudt64l/lang/kok.res" 1587
"../../../Engine/Content/Internationalization/icudt64l/region/kok.res" 1588
"../../../Engine/Content/Internationalization/icudt64l/lang/ks.res" 1589
"../../../Engine/Content/Internationalization/icudt64l/region/ks.res" 1590
"../../../Engine/Content/Internationalization/icudt64l/lang/ksb.res" 1591
"../../../Engine/Content/Internationalization/icudt64l/region/ksb.res" 1592
"../../../Engine/Content/Internationalization/icudt64l/lang/ksf.res" 1593
"../../../Engine/Content/Internationalization/icudt64l/region/ksf.res" 1594
"../../../Engine/Content/Internationalization/icudt64l/lang/ksh.res" 1595
"../../../Engine/Content/Internationalization/icudt64l/region/ksh.res" 1596
"../../../Engine/Content/Internationalization/icudt64l/lang/ku.res" 1597
"../../../Engine/Content/Internationalization/icudt64l/region/ku.res" 1598
"../../../Engine/Content/Internationalization/icudt64l/lang/kw.res" 1599
"../../../Engine/Content/Internationalization/icudt64l/region/kw.res" 1600
"../../../Engine/Content/Internationalization/icudt64l/lang/ky.res" 1601
"../../../Engine/Content/Internationalization/icudt64l/region/ky.res" 1602
"../../../Engine/Content/Internationalization/icudt64l/lang/lag.res" 1603
"../../../Engine/Content/Internationalization/icudt64l/region/lag.res" 1604
"../../../Engine/Content/Internationalization/icudt64l/lang/lb.res" 1605
"../../../Engine/Content/Internationalization/icudt64l/region/lb.res" 1606
"../../../Engine/Content/Internationalization/icudt64l/lang/lg.res" 1607
"../../../Engine/Content/Internationalization/icudt64l/region/lg.res" 1608
"../../../Engine/Content/Internationalization/icudt64l/lang/lkt.res" 1609
"../../../Engine/Content/Internationalization/icudt64l/region/lkt.res" 1610
"../../../Engine/Content/Internationalization/icudt64l/lang/ln.res" 1611
"../../../Engine/Content/Internationalization/icudt64l/region/ln.res" 1612
"../../../Engine/Content/Internationalization/icudt64l/lang/lo.res" 1613
"../../../Engine/Content/Internationalization/icudt64l/region/lo.res" 1614
"../../../Engine/Content/Internationalization/icudt64l/lang/lrc.res" 1615
"../../../Engine/Content/Internationalization/icudt64l/region/lrc.res" 1616
"../../../Engine/Content/Internationalization/icudt64l/lang/lt.res" 1617
"../../../Engine/Content/Internationalization/icudt64l/region/lt.res" 1618
"../../../Engine/Content/Internationalization/icudt64l/lang/lu.res" 1619
"../../../Engine/Content/Internationalization/icudt64l/region/lu.res" 1620
"../../../Engine/Content/Internationalization/icudt64l/lang/luo.res" 1621
"../../../Engine/Content/Internationalization/icudt64l/region/luo.res" 1622
"../../../Engine/Content/Internationalization/icudt64l/lang/luy.res" 1623
"../../../Engine/Content/Internationalization/icudt64l/region/luy.res" 1624
"../../../Engine/Content/Internationalization/icudt64l/lang/lv.res" 1625
"../../../Engine/Content/Internationalization/icudt64l/region/lv.res" 1626
"../../../Engine/Content/Internationalization/icudt64l/lang/mas.res" 1627
"../../../Engine/Content/Internationalization/icudt64l/region/mas.res" 1628
"../../../Engine/Content/Internationalization/icudt64l/lang/mer.res" 1629
"../../../Engine/Content/Internationalization/icudt64l/region/mer.res" 1630
"../../../Engine/Content/Internationalization/icudt64l/lang/mfe.res" 1631
"../../../Engine/Content/Internationalization/icudt64l/region/mfe.res" 1632
"../../../Engine/Content/Internationalization/icudt64l/lang/mg.res" 1633
"../../../Engine/Content/Internationalization/icudt64l/region/mg.res" 1634
"../../../Engine/Content/Internationalization/icudt64l/lang/mgh.res" 1635
"../../../Engine/Content/Internationalization/icudt64l/region/mgh.res" 1636
"../../../Engine/Content/Internationalization/icudt64l/lang/mgo.res" 1637
"../../../Engine/Content/Internationalization/icudt64l/region/mgo.res" 1638
"../../../Engine/Content/Internationalization/icudt64l/lang/mi.res" 1639
"../../../Engine/Content/Internationalization/icudt64l/region/mi.res" 1640
"../../../Engine/Content/Internationalization/icudt64l/lang/mk.res" 1641
"../../../Engine/Content/Internationalization/icudt64l/region/mk.res" 1642
"../../../Engine/Content/Internationalization/icudt64l/lang/ml.res" 1643
"../../../Engine/Content/Internationalization/icudt64l/region/ml.res" 1644
"../../../Engine/Content/Internationalization/icudt64l/lang/mn.res" 1645
"../../../Engine/Content/Internationalization/icudt64l/region/mn.res" 1646
"../../../Engine/Content/Internationalization/icudt64l/lang/mr.res" 1647
"../../../Engine/Content/Internationalization/icudt64l/region/mr.res" 1648
"../../../Engine/Content/Internationalization/icudt64l/lang/ms.res" 1649
"../../../Engine/Content/Internationalization/icudt64l/region/ms.res" 1650
"../../../Engine/Content/Internationalization/icudt64l/lang/mt.res" 1651
"../../../Engine/Content/Internationalization/icudt64l/region/mt.res" 1652
"../../../Engine/Content/Internationalization/icudt64l/lang/mua.res" 1653
"../../../Engine/Content/Internationalization/icudt64l/region/mua.res" 1654
"../../../Engine/Content/Internationalization/icudt64l/lang/my.res" 1655
"../../../Engine/Content/Internationalization/icudt64l/region/my.res" 1656
"../../../Engine/Content/Internationalization/icudt64l/lang/mzn.res" 1657
"../../../Engine/Content/Internationalization/icudt64l/region/mzn.res" 1658
"../../../Engine/Content/Internationalization/icudt64l/lang/naq.res" 1659
"../../../Engine/Content/Internationalization/icudt64l/region/naq.res" 1660
"../../../Engine/Content/Internationalization/icudt64l/lang/nb.res" 1661
"../../../Engine/Content/Internationalization/icudt64l/lang/nb_NO.res" 1662
"../../../Engine/Content/Internationalization/icudt64l/region/nb_NO.res" 1663
"../../../Engine/Content/Internationalization/icudt64l/region/nb.res" 1664
"../../../Engine/Content/Internationalization/icudt64l/lang/nd.res" 1665
"../../../Engine/Content/Internationalization/icudt64l/region/nd.res" 1666
"../../../Engine/Content/Internationalization/icudt64l/lang/nds.res" 1667
"../../../Engine/Content/Internationalization/icudt64l/region/nds.res" 1668
"../../../Engine/Content/Internationalization/icudt64l/lang/ne.res" 1669
"../../../Engine/Content/Internationalization/icudt64l/region/ne.res" 1670
"../../../Engine/Content/Internationalization/icudt64l/lang/nl.res" 1671
"../../../Engine/Content/Internationalization/icudt64l/region/nl.res" 1672
"../../../Engine/Content/Internationalization/icudt64l/lang/nmg.res" 1673
"../../../Engine/Content/Internationalization/icudt64l/region/nmg.res" 1674
"../../../Engine/Content/Internationalization/icudt64l/lang/nn.res" 1675
"../../../Engine/Content/Internationalization/icudt64l/lang/nn_NO.res" 1676
"../../../Engine/Content/Internationalization/icudt64l/region/nn_NO.res" 1677
"../../../Engine/Content/Internationalization/icudt64l/region/nn.res" 1678
"../../../Engine/Content/Internationalization/icudt64l/lang/nnh.res" 1679
"../../../Engine/Content/Internationalization/icudt64l/region/nnh.res" 1680
"../../../Engine/Content/Internationalization/icudt64l/lang/nus.res" 1681
"../../../Engine/Content/Internationalization/icudt64l/region/nus.res" 1682
"../../../Engine/Content/Internationalization/icudt64l/lang/nyn.res" 1683
"../../../Engine/Content/Internationalization/icudt64l/region/nyn.res" 1684
"../../../Engine/Content/Internationalization/icudt64l/lang/om.res" 1685
"../../../Engine/Content/Internationalization/icudt64l/region/om.res" 1686
"../../../Engine/Content/Internationalization/icudt64l/lang/or.res" 1687
"../../../Engine/Content/Internationalization/icudt64l/region/or.res" 1688
"../../../Engine/Content/Internationalization/icudt64l/lang/os.res" 1689
"../../../Engine/Content/Internationalization/icudt64l/region/os.res" 1690
"../../../Engine/Content/Internationalization/icudt64l/lang/pa.res" 1691
"../../../Engine/Content/Internationalization/icudt64l/lang/pa_Arab.res" 1692
"../../../Engine/Content/Internationalization/icudt64l/lang/pa_PK.res" 1693
"../../../Engine/Content/Internationalization/icudt64l/lang/pa_Arab_PK.res" 1694
"../../../Engine/Content/Internationalization/icudt64l/region/pa_PK.res" 1695
"../../../Engine/Content/Internationalization/icudt64l/region/pa_Arab_PK.res" 1696
"../../../Engine/Content/Internationalization/icudt64l/region/pa_Arab.res" 1697
"../../../Engine/Content/Internationalization/icudt64l/lang/pa_Guru.res" 1698
"../../../Engine/Content/Internationalization/icudt64l/lang/pa_IN.res" 1699
"../../../Engine/Content/Internationalization/icudt64l/lang/pa_Guru_IN.res" 1700
"../../../Engine/Content/Internationalization/icudt64l/region/pa_IN.res" 1701
"../../../Engine/Content/Internationalization/icudt64l/region/pa_Guru_IN.res" 1702
"../../../Engine/Content/Internationalization/icudt64l/region/pa_Guru.res" 1703
"../../../Engine/Content/Internationalization/icudt64l/region/pa.res" 1704
"../../../Engine/Content/Internationalization/icudt64l/lang/pl.res" 1705
"../../../Engine/Content/Internationalization/icudt64l/region/pl.res" 1706
"../../../Engine/Content/Internationalization/icudt64l/lang/ps.res" 1707
"../../../Engine/Content/Internationalization/icudt64l/region/ps.res" 1708
"../../../Engine/Content/Internationalization/icudt64l/lang/ps_PK.res" 1709
"../../../Engine/Content/Internationalization/icudt64l/region/ps_PK.res" 1710
"../../../Engine/Content/Internationalization/icudt64l/lang/pt.res" 1711
"../../../Engine/Content/Internationalization/icudt64l/lang/pt_AO.res" 1712
"../../../Engine/Content/Internationalization/icudt64l/lang/pt_PT.res" 1713
"../../../Engine/Content/Internationalization/icudt64l/region/pt_AO.res" 1714
"../../../Engine/Content/Internationalization/icudt64l/region/pt_PT.res" 1715
"../../../Engine/Content/Internationalization/icudt64l/region/pt.res" 1716
"../../../Engine/Content/Internationalization/icudt64l/lang/pt_CH.res" 1717
"../../../Engine/Content/Internationalization/icudt64l/region/pt_CH.res" 1718
"../../../Engine/Content/Internationalization/icudt64l/lang/pt_CV.res" 1719
"../../../Engine/Content/Internationalization/icudt64l/region/pt_CV.res" 1720
"../../../Engine/Content/Internationalization/icudt64l/lang/pt_GQ.res" 1721
"../../../Engine/Content/Internationalization/icudt64l/region/pt_GQ.res" 1722
"../../../Engine/Content/Internationalization/icudt64l/lang/pt_GW.res" 1723
"../../../Engine/Content/Internationalization/icudt64l/region/pt_GW.res" 1724
"../../../Engine/Content/Internationalization/icudt64l/lang/pt_LU.res" 1725
"../../../Engine/Content/Internationalization/icudt64l/region/pt_LU.res" 1726
"../../../Engine/Content/Internationalization/icudt64l/lang/pt_MO.res" 1727
"../../../Engine/Content/Internationalization/icudt64l/region/pt_MO.res" 1728
"../../../Engine/Content/Internationalization/icudt64l/lang/pt_MZ.res" 1729
"../../../Engine/Content/Internationalization/icudt64l/region/pt_MZ.res" 1730
"../../../Engine/Content/Internationalization/icudt64l/lang/pt_ST.res" 1731
"../../../Engine/Content/Internationalization/icudt64l/region/pt_ST.res" 1732
"../../../Engine/Content/Internationalization/icudt64l/lang/pt_TL.res" 1733
"../../../Engine/Content/Internationalization/icudt64l/region/pt_TL.res" 1734
"../../../Engine/Content/Internationalization/icudt64l/lang/qu.res" 1735
"../../../Engine/Content/Internationalization/icudt64l/region/qu.res" 1736
"../../../Engine/Content/Internationalization/icudt64l/lang/rm.res" 1737
"../../../Engine/Content/Internationalization/icudt64l/region/rm.res" 1738
"../../../Engine/Content/Internationalization/icudt64l/lang/rn.res" 1739
"../../../Engine/Content/Internationalization/icudt64l/region/rn.res" 1740
"../../../Engine/Content/Internationalization/icudt64l/lang/ro.res" 1741
"../../../Engine/Content/Internationalization/icudt64l/lang/ro_MD.res" 1742
"../../../Engine/Content/Internationalization/icudt64l/region/ro_MD.res" 1743
"../../../Engine/Content/Internationalization/icudt64l/region/ro.res" 1744
"../../../Engine/Content/Internationalization/icudt64l/lang/rof.res" 1745
"../../../Engine/Content/Internationalization/icudt64l/region/rof.res" 1746
"../../../Engine/Content/Internationalization/icudt64l/lang/ru.res" 1747
"../../../Engine/Content/Internationalization/icudt64l/region/ru.res" 1748
"../../../Engine/Content/Internationalization/icudt64l/region/ru_UA.res" 1749
"../../../Engine/Content/Internationalization/icudt64l/lang/rw.res" 1750
"../../../Engine/Content/Internationalization/icudt64l/region/rw.res" 1751
"../../../Engine/Content/Internationalization/icudt64l/lang/rwk.res" 1752
"../../../Engine/Content/Internationalization/icudt64l/region/rwk.res" 1753
"../../../Engine/Content/Internationalization/icudt64l/lang/sah.res" 1754
"../../../Engine/Content/Internationalization/icudt64l/region/sah.res" 1755
"../../../Engine/Content/Internationalization/icudt64l/lang/saq.res" 1756
"../../../Engine/Content/Internationalization/icudt64l/region/saq.res" 1757
"../../../Engine/Content/Internationalization/icudt64l/lang/sbp.res" 1758
"../../../Engine/Content/Internationalization/icudt64l/region/sbp.res" 1759
"../../../Engine/Content/Internationalization/icudt64l/lang/sd.res" 1760
"../../../Engine/Content/Internationalization/icudt64l/region/sd.res" 1761
"../../../Engine/Content/Internationalization/icudt64l/lang/se.res" 1762
"../../../Engine/Content/Internationalization/icudt64l/lang/se_FI.res" 1763
"../../../Engine/Content/Internationalization/icudt64l/region/se_FI.res" 1764
"../../../Engine/Content/Internationalization/icudt64l/region/se.res" 1765
"../../../Engine/Content/Internationalization/icudt64l/lang/seh.res" 1766
"../../../Engine/Content/Internationalization/icudt64l/region/seh.res" 1767
"../../../Engine/Content/Internationalization/icudt64l/lang/ses.res" 1768
"../../../Engine/Content/Internationalization/icudt64l/region/ses.res" 1769
"../../../Engine/Content/Internationalization/icudt64l/lang/sg.res" 1770
"../../../Engine/Content/Internationalization/icudt64l/region/sg.res" 1771
"../../../Engine/Content/Internationalization/icudt64l/lang/shi.res" 1772
"../../../Engine/Content/Internationalization/icudt64l/lang/shi_Latn.res" 1773
"../../../Engine/Content/Internationalization/icudt64l/lang/shi_MA.res" 1774
"../../../Engine/Content/Internationalization/icudt64l/lang/shi_Tfng_MA.res" 1775
"../../../Engine/Content/Internationalization/icudt64l/lang/shi_Tfng.res" 1776
"../../../Engine/Content/Internationalization/icudt64l/region/shi_MA.res" 1777
"../../../Engine/Content/Internationalization/icudt64l/region/shi_Tfng_MA.res" 1778
"../../../Engine/Content/Internationalization/icudt64l/region/shi_Tfng.res" 1779
"../../../Engine/Content/Internationalization/icudt64l/region/shi.res" 1780
"../../../Engine/Content/Internationalization/icudt64l/region/shi_Latn.res" 1781
"../../../Engine/Content/Internationalization/icudt64l/lang/si.res" 1782
"../../../Engine/Content/Internationalization/icudt64l/region/si.res" 1783
"../../../Engine/Content/Internationalization/icudt64l/lang/sk.res" 1784
"../../../Engine/Content/Internationalization/icudt64l/region/sk.res" 1785
"../../../Engine/Content/Internationalization/icudt64l/lang/sl.res" 1786
"../../../Engine/Content/Internationalization/icudt64l/region/sl.res" 1787
"../../../Engine/Content/Internationalization/icudt64l/lang/smn.res" 1788
"../../../Engine/Content/Internationalization/icudt64l/region/smn.res" 1789
"../../../Engine/Content/Internationalization/icudt64l/lang/sn.res" 1790
"../../../Engine/Content/Internationalization/icudt64l/region/sn.res" 1791
"../../../Engine/Content/Internationalization/icudt64l/lang/so.res" 1792
"../../../Engine/Content/Internationalization/icudt64l/region/so.res" 1793
"../../../Engine/Content/Internationalization/icudt64l/lang/sq.res" 1794
"../../../Engine/Content/Internationalization/icudt64l/region/sq.res" 1795
"../../../Engine/Content/Internationalization/icudt64l/lang/sr.res" 1796
"../../../Engine/Content/Internationalization/icudt64l/lang/sr_Cyrl.res" 1797
"../../../Engine/Content/Internationalization/icudt64l/lang/sr_BA.res" 1798
"../../../Engine/Content/Internationalization/icudt64l/lang/sr_Cyrl_BA.res" 1799
"../../../Engine/Content/Internationalization/icudt64l/region/sr_BA.res" 1800
"../../../Engine/Content/Internationalization/icudt64l/region/sr_Cyrl_BA.res" 1801
"../../../Engine/Content/Internationalization/icudt64l/region/sr_Cyrl.res" 1802
"../../../Engine/Content/Internationalization/icudt64l/region/sr.res" 1803
"../../../Engine/Content/Internationalization/icudt64l/lang/sr_ME.res" 1804
"../../../Engine/Content/Internationalization/icudt64l/lang/sr_Latn_ME.res" 1805
"../../../Engine/Content/Internationalization/icudt64l/lang/sr_Latn.res" 1806
"../../../Engine/Content/Internationalization/icudt64l/region/sr_ME.res" 1807
"../../../Engine/Content/Internationalization/icudt64l/region/sr_Latn_ME.res" 1808
"../../../Engine/Content/Internationalization/icudt64l/region/sr_Latn.res" 1809
"../../../Engine/Content/Internationalization/icudt64l/lang/sr_Cyrl_ME.res" 1810
"../../../Engine/Content/Internationalization/icudt64l/region/sr_Cyrl_ME.res" 1811
"../../../Engine/Content/Internationalization/icudt64l/lang/sr_RS.res" 1812
"../../../Engine/Content/Internationalization/icudt64l/lang/sr_Cyrl_RS.res" 1813
"../../../Engine/Content/Internationalization/icudt64l/region/sr_RS.res" 1814
"../../../Engine/Content/Internationalization/icudt64l/region/sr_Cyrl_RS.res" 1815
"../../../Engine/Content/Internationalization/icudt64l/lang/sr_XK.res" 1816
"../../../Engine/Content/Internationalization/icudt64l/lang/sr_Cyrl_XK.res" 1817
"../../../Engine/Content/Internationalization/icudt64l/region/sr_XK.res" 1818
"../../../Engine/Content/Internationalization/icudt64l/region/sr_Cyrl_XK.res" 1819
"../../../Engine/Content/Internationalization/icudt64l/lang/sr_Latn_BA.res" 1820
"../../../Engine/Content/Internationalization/icudt64l/region/sr_Latn_BA.res" 1821
"../../../Engine/Content/Internationalization/icudt64l/lang/sr_Latn_RS.res" 1822
"../../../Engine/Content/Internationalization/icudt64l/region/sr_Latn_RS.res" 1823
"../../../Engine/Content/Internationalization/icudt64l/lang/sr_Latn_XK.res" 1824
"../../../Engine/Content/Internationalization/icudt64l/region/sr_Latn_XK.res" 1825
"../../../Engine/Content/Internationalization/icudt64l/lang/sv.res" 1826
"../../../Engine/Content/Internationalization/icudt64l/region/sv.res" 1827
"../../../Engine/Content/Internationalization/icudt64l/lang/sv_FI.res" 1828
"../../../Engine/Content/Internationalization/icudt64l/lang/sw.res" 1829
"../../../Engine/Content/Internationalization/icudt64l/lang/sw_CD.res" 1830
"../../../Engine/Content/Internationalization/icudt64l/region/sw_CD.res" 1831
"../../../Engine/Content/Internationalization/icudt64l/region/sw.res" 1832
"../../../Engine/Content/Internationalization/icudt64l/lang/sw_KE.res" 1833
"../../../Engine/Content/Internationalization/icudt64l/region/sw_KE.res" 1834
"../../../Engine/Content/Internationalization/icudt64l/lang/ta.res" 1835
"../../../Engine/Content/Internationalization/icudt64l/region/ta.res" 1836
"../../../Engine/Content/Internationalization/icudt64l/lang/te.res" 1837
"../../../Engine/Content/Internationalization/icudt64l/region/te.res" 1838
"../../../Engine/Content/Internationalization/icudt64l/lang/teo.res" 1839
"../../../Engine/Content/Internationalization/icudt64l/region/teo.res" 1840
"../../../Engine/Content/Internationalization/icudt64l/lang/tg.res" 1841
"../../../Engine/Content/Internationalization/icudt64l/region/tg.res" 1842
"../../../Engine/Content/Internationalization/icudt64l/lang/th.res" 1843
"../../../Engine/Content/Internationalization/icudt64l/lang/th_TH.res" 1844
"../../../Engine/Content/Internationalization/icudt64l/region/th_TH.res" 1845
"../../../Engine/Content/Internationalization/icudt64l/region/th.res" 1846
"../../../Engine/Content/Internationalization/icudt64l/lang/ti.res" 1847
"../../../Engine/Content/Internationalization/icudt64l/region/ti.res" 1848
"../../../Engine/Content/Internationalization/icudt64l/lang/tk.res" 1849
"../../../Engine/Content/Internationalization/icudt64l/region/tk.res" 1850
"../../../Engine/Content/Internationalization/icudt64l/lang/to.res" 1851
"../../../Engine/Content/Internationalization/icudt64l/region/to.res" 1852
"../../../Engine/Content/Internationalization/icudt64l/lang/tr.res" 1853
"../../../Engine/Content/Internationalization/icudt64l/region/tr.res" 1854
"../../../Engine/Content/Internationalization/icudt64l/lang/tt.res" 1855
"../../../Engine/Content/Internationalization/icudt64l/region/tt.res" 1856
"../../../Engine/Content/Internationalization/icudt64l/lang/twq.res" 1857
"../../../Engine/Content/Internationalization/icudt64l/region/twq.res" 1858
"../../../Engine/Content/Internationalization/icudt64l/lang/tzm.res" 1859
"../../../Engine/Content/Internationalization/icudt64l/region/tzm.res" 1860
"../../../Engine/Content/Internationalization/icudt64l/lang/ug.res" 1861
"../../../Engine/Content/Internationalization/icudt64l/region/ug.res" 1862
"../../../Engine/Content/Internationalization/icudt64l/lang/uk.res" 1863
"../../../Engine/Content/Internationalization/icudt64l/region/uk.res" 1864
"../../../Engine/Content/Internationalization/icudt64l/lang/ur.res" 1865
"../../../Engine/Content/Internationalization/icudt64l/lang/ur_IN.res" 1866
"../../../Engine/Content/Internationalization/icudt64l/region/ur_IN.res" 1867
"../../../Engine/Content/Internationalization/icudt64l/region/ur.res" 1868
"../../../Engine/Content/Internationalization/icudt64l/lang/uz.res" 1869
"../../../Engine/Content/Internationalization/icudt64l/lang/uz_Arab.res" 1870
"../../../Engine/Content/Internationalization/icudt64l/lang/uz_AF.res" 1871
"../../../Engine/Content/Internationalization/icudt64l/lang/uz_Arab_AF.res" 1872
"../../../Engine/Content/Internationalization/icudt64l/region/uz_AF.res" 1873
"../../../Engine/Content/Internationalization/icudt64l/region/uz_Arab_AF.res" 1874
"../../../Engine/Content/Internationalization/icudt64l/region/uz_Arab.res" 1875
"../../../Engine/Content/Internationalization/icudt64l/lang/uz_Cyrl.res" 1876
"../../../Engine/Content/Internationalization/icudt64l/lang/uz_UZ.res" 1877
"../../../Engine/Content/Internationalization/icudt64l/lang/uz_Latn_UZ.res" 1878
"../../../Engine/Content/Internationalization/icudt64l/lang/uz_Latn.res" 1879
"../../../Engine/Content/Internationalization/icudt64l/region/uz_UZ.res" 1880
"../../../Engine/Content/Internationalization/icudt64l/region/uz_Latn_UZ.res" 1881
"../../../Engine/Content/Internationalization/icudt64l/region/uz_Latn.res" 1882
"../../../Engine/Content/Internationalization/icudt64l/region/uz.res" 1883
"../../../Engine/Content/Internationalization/icudt64l/region/uz_Cyrl.res" 1884
"../../../Engine/Content/Internationalization/icudt64l/lang/vai.res" 1885
"../../../Engine/Content/Internationalization/icudt64l/lang/vai_Latn.res" 1886
"../../../Engine/Content/Internationalization/icudt64l/lang/vai_LR.res" 1887
"../../../Engine/Content/Internationalization/icudt64l/lang/vai_Vaii_LR.res" 1888
"../../../Engine/Content/Internationalization/icudt64l/lang/vai_Vaii.res" 1889
"../../../Engine/Content/Internationalization/icudt64l/region/vai_LR.res" 1890
"../../../Engine/Content/Internationalization/icudt64l/region/vai_Vaii_LR.res" 1891
"../../../Engine/Content/Internationalization/icudt64l/region/vai_Vaii.res" 1892
"../../../Engine/Content/Internationalization/icudt64l/region/vai.res" 1893
"../../../Engine/Content/Internationalization/icudt64l/region/vai_Latn.res" 1894
"../../../Engine/Content/Internationalization/icudt64l/lang/vi.res" 1895
"../../../Engine/Content/Internationalization/icudt64l/region/vi.res" 1896
"../../../Engine/Content/Internationalization/icudt64l/lang/vun.res" 1897
"../../../Engine/Content/Internationalization/icudt64l/region/vun.res" 1898
"../../../Engine/Content/Internationalization/icudt64l/lang/wae.res" 1899
"../../../Engine/Content/Internationalization/icudt64l/region/wae.res" 1900
"../../../Engine/Content/Internationalization/icudt64l/lang/wo.res" 1901
"../../../Engine/Content/Internationalization/icudt64l/region/wo.res" 1902
"../../../Engine/Content/Internationalization/icudt64l/lang/xh.res" 1903
"../../../Engine/Content/Internationalization/icudt64l/region/xh.res" 1904
"../../../Engine/Content/Internationalization/icudt64l/lang/xog.res" 1905
"../../../Engine/Content/Internationalization/icudt64l/region/xog.res" 1906
"../../../Engine/Content/Internationalization/icudt64l/lang/yav.res" 1907
"../../../Engine/Content/Internationalization/icudt64l/region/yav.res" 1908
"../../../Engine/Content/Internationalization/icudt64l/lang/yi.res" 1909
"../../../Engine/Content/Internationalization/icudt64l/region/yi.res" 1910
"../../../Engine/Content/Internationalization/icudt64l/lang/yo.res" 1911
"../../../Engine/Content/Internationalization/icudt64l/lang/yo_BJ.res" 1912
"../../../Engine/Content/Internationalization/icudt64l/region/yo_BJ.res" 1913
"../../../Engine/Content/Internationalization/icudt64l/region/yo.res" 1914
"../../../Engine/Content/Internationalization/icudt64l/lang/yue.res" 1915
"../../../Engine/Content/Internationalization/icudt64l/lang/yue_Hans.res" 1916
"../../../Engine/Content/Internationalization/icudt64l/lang/yue_CN.res" 1917
"../../../Engine/Content/Internationalization/icudt64l/lang/yue_Hans_CN.res" 1918
"../../../Engine/Content/Internationalization/icudt64l/region/yue_CN.res" 1919
"../../../Engine/Content/Internationalization/icudt64l/region/yue_Hans_CN.res" 1920
"../../../Engine/Content/Internationalization/icudt64l/region/yue_Hans.res" 1921
"../../../Engine/Content/Internationalization/icudt64l/lang/yue_Hant.res" 1922
"../../../Engine/Content/Internationalization/icudt64l/lang/yue_HK.res" 1923
"../../../Engine/Content/Internationalization/icudt64l/lang/yue_Hant_HK.res" 1924
"../../../Engine/Content/Internationalization/icudt64l/region/yue_HK.res" 1925
"../../../Engine/Content/Internationalization/icudt64l/region/yue_Hant_HK.res" 1926
"../../../Engine/Content/Internationalization/icudt64l/region/yue_Hant.res" 1927
"../../../Engine/Content/Internationalization/icudt64l/region/yue.res" 1928
"../../../Engine/Content/Internationalization/icudt64l/lang/zgh.res" 1929
"../../../Engine/Content/Internationalization/icudt64l/region/zgh.res" 1930
"../../../Engine/Content/Internationalization/icudt64l/lang/zh.res" 1931
"../../../Engine/Content/Internationalization/icudt64l/lang/zh_Hans.res" 1932
"../../../Engine/Content/Internationalization/icudt64l/lang/zh_CN.res" 1933
"../../../Engine/Content/Internationalization/icudt64l/lang/zh_Hans_CN.res" 1934
"../../../Engine/Content/Internationalization/icudt64l/region/zh_CN.res" 1935
"../../../Engine/Content/Internationalization/icudt64l/region/zh_Hans_CN.res" 1936
"../../../Engine/Content/Internationalization/icudt64l/region/zh_Hans.res" 1937
"../../../Engine/Content/Internationalization/icudt64l/region/zh.res" 1938
"../../../Engine/Content/Internationalization/icudt64l/lang/zh_HK.res" 1939
"../../../Engine/Content/Internationalization/icudt64l/lang/zh_Hant_HK.res" 1940
"../../../Engine/Content/Internationalization/icudt64l/lang/zh_Hant.res" 1941
"../../../Engine/Content/Internationalization/icudt64l/region/zh_HK.res" 1942
"../../../Engine/Content/Internationalization/icudt64l/region/zh_Hant_HK.res" 1943
"../../../Engine/Content/Internationalization/icudt64l/region/zh_Hant.res" 1944
"../../../Engine/Content/Internationalization/icudt64l/lang/zh_MO.res" 1945
"../../../Engine/Content/Internationalization/icudt64l/lang/zh_Hant_MO.res" 1946
"../../../Engine/Content/Internationalization/icudt64l/region/zh_MO.res" 1947
"../../../Engine/Content/Internationalization/icudt64l/region/zh_Hant_MO.res" 1948
"../../../Engine/Content/Internationalization/icudt64l/lang/zh_SG.res" 1949
"../../../Engine/Content/Internationalization/icudt64l/lang/zh_Hans_SG.res" 1950
"../../../Engine/Content/Internationalization/icudt64l/region/zh_SG.res" 1951
"../../../Engine/Content/Internationalization/icudt64l/region/zh_Hans_SG.res" 1952
"../../../Engine/Content/Internationalization/icudt64l/lang/zh_TW.res" 1953
"../../../Engine/Content/Internationalization/icudt64l/lang/zh_Hant_TW.res" 1954
"../../../Engine/Content/Internationalization/icudt64l/region/zh_TW.res" 1955
"../../../Engine/Content/Internationalization/icudt64l/region/zh_Hant_TW.res" 1956
"../../../Engine/Content/Internationalization/icudt64l/lang/zu.res" 1957
"../../../Engine/Content/Internationalization/icudt64l/region/zu.res" 1958
"../../../Engine/Content/Internationalization/icudt64l/lang/no.res" 1959
"../../../Engine/Content/Internationalization/icudt64l/lang/tl.res" 1960
"../../../Engine/Config/Android/DataDrivenPlatformInfo.ini" 1961
"../../../Engine/Config/IOS/DataDrivenPlatformInfo.ini" 1962
"../../../Engine/Config/Linux/DataDrivenPlatformInfo.ini" 1963
"../../../Engine/Config/Mac/DataDrivenPlatformInfo.ini" 1964
"../../../Engine/Config/TVOS/DataDrivenPlatformInfo.ini" 1965
"../../../Engine/Config/Unix/DataDrivenPlatformInfo.ini" 1966
"../../../Engine/Config/VulkanPC/DataDrivenPlatformInfo.ini" 1967
"../../../Engine/Config/Windows/DataDrivenPlatformInfo.ini" 1968
"../../../Engine/Platforms/VisionOS/Config/DataDrivenPlatformInfo.ini" 1969
"../../../Engine/Content/Renderer/TessellationTable.bin" 1970
"../../../Engine/DerivedDataCache/Compressed.ddp" 1971
"C:/Users/rudra/AppData/Local/UnrealEngine/5.6/Saved/Zen/zen.version" 1972
"C:/Users/rudra/AppData/Local/UnrealEngine/Common/Zen/Install/zen.version" 1973
"C:/Users/rudra/AppData/Local/UnrealEngine/Common/Zen/Install/zenserver.runcontext" 1974
"C:/Users/rudra/AppData/Local/UnrealEngine/Common/DerivedDataCache/TestData/0/TestData_4kb.dat" 1975
"C:/Users/rudra/AppData/Local/UnrealEngine/Common/DerivedDataCache/TestData/1/TestData_4kb.dat" 1976
"C:/Users/rudra/AppData/Local/UnrealEngine/Common/DerivedDataCache/TestData/0/TestData_8kb.dat" 1977
"C:/Users/rudra/AppData/Local/UnrealEngine/Common/DerivedDataCache/TestData/1/TestData_8kb.dat" 1978
"C:/Users/rudra/AppData/Local/UnrealEngine/Common/DerivedDataCache/TestData/0/TestData_16kb.dat" 1979
"C:/Users/rudra/AppData/Local/UnrealEngine/Common/DerivedDataCache/TestData/1/TestData_16kb.dat" 1980
"C:/Users/rudra/AppData/Local/UnrealEngine/Common/DerivedDataCache/TestData/0/TestData_64kb.dat" 1981
"C:/Users/rudra/AppData/Local/UnrealEngine/Common/DerivedDataCache/TestData/1/TestData_64kb.dat" 1982
"C:/Users/rudra/AppData/Local/UnrealEngine/Common/DerivedDataCache/TestData/0/TestData_128kb.dat" 1983
"C:/Users/rudra/AppData/Local/UnrealEngine/Common/DerivedDataCache/TestData/1/TestData_128kb.dat" 1984
"C:/Users/rudra/AppData/Local/UnrealEngine/Common/DerivedDataCache/TestData/0/TestData_256kb.dat" 1985
"C:/Users/rudra/AppData/Local/UnrealEngine/Common/DerivedDataCache/TestData/1/TestData_256kb.dat" 1986
"C:/Users/rudra/AppData/Roaming/Unreal Engine/UnrealBuildTool/BuildConfiguration.xml" 1987
"E:/Game Engines/Unreal Engine Things/UnrealProjects/B3_Maze/Intermediate/ShaderAutogen/PCD3D_SM6/AutogenShaderHeaders.ush" 1988
"../../../Engine/Shaders/Private/HairStrands/HairStrandsVertexFactory.ush" 1989
"../../../Engine/Shaders/Private/VertexFactoryCommon.ush" 1990
"../../../Engine/Shaders/Private/Common.ush" 1991
"../../../Engine/Shaders/Public/Platform.ush" 1992
"../../../Engine/Shaders/Public/FP16Math.ush" 1993
"../../../Engine/Shaders/Public/Platform/D3D/D3DCommon.ush" 1994
"../../../Engine/Shaders/Shared/HLSLReservedSpaces.h" 1995
"../../../Engine/Shaders/Public/BindlessResources.ush" 1996
"../../../Engine/Shaders/Public/Platform/D3D/PlatformBindlessResources.ush" 1997
"../../../Engine/Shaders/Shared/RayTracingBuiltInResources.h" 1998
"../../../Engine/Shaders/Shared/RayTracingDefinitions.h" 1999
"../../../Engine/Shaders/Public/OverloadMacros.ush" 2000
"../../../Engine/Shaders/Public/ShaderVersion.ush" 2001
"../../../Engine/Shaders/Shared/ThirdParty/NVIDIA/nvHLSLExtns.h" 2002
"../../../Engine/Shaders/Shared/ThirdParty/NVIDIA/nvHLSLExtnsInternal.h" 2003
"../../../Engine/Shaders/Shared/ThirdParty/NVIDIA/nvShaderExtnEnums.h" 2004
"../../../Engine/Shaders/Private/PackUnpack.ush" 2005
"../../../Engine/Shaders/Private/GeneratedUniformBufferTypes.ush" 2006
"../../../Engine/Shaders/Private/Nanite/NanitePackedNaniteView.ush" 2007
"../../../Engine/Shaders/Private/HairStrands/HairStrandsVisibilityCommonStruct.ush" 2008
"../../../Engine/Shaders/Private/HairStrands/HairStrandsVoxelPageCommonStruct.ush" 2009
"../../../Engine/Shaders/Private/HairStrands/HairStrandsDeepShadowCommonStruct.ush" 2010
"../../../Engine/Shaders/Shared/LightSceneData.h" 2011
"../../../Engine/Shaders/Shared/HLSLTypeAliases.h" 2012
"../../../Engine/Shaders/Private/LargeWorldCoordinates.ush" 2013
"../../../Engine/Shaders/Private/DoubleFloat.ush" 2014
"../../../Engine/Shaders/Private/RandomPCG.ush" 2015
"../../../Engine/Shaders/Private/DoubleFloatOperations.ush" 2016
"../../../Engine/Shaders/Private/DoubleFloatVectorDefinition.ush" 2017
"../../../Engine/Shaders/Private/LWCOperations.ush" 2018
"../../../Engine/Shaders/Shared/LightViewData.h" 2019
"../../../Engine/Shaders/Shared/RayTracingTypes.h" 2020
"../../../Engine/Shaders/Shared/HLSLStaticAssert.h" 2021
"../../../Engine/Shaders/Private/CommonViewUniformBuffer.ush" 2022
"../../../Engine/Shaders/Private/InstancedStereo.ush" 2023
"../../../Engine/Shaders/Private/Definitions.usf" 2024
"../../../Engine/Shaders/Private/AssertionMacros.ush" 2025
"../../../Engine/Shaders/Private/FastMath.ush" 2026
"../../../Engine/Shaders/Private/FastMathThirdParty.ush" 2027
"../../../Engine/Shaders/Private/Random.ush" 2028
"../../../Engine/Shaders/Private/RandomInterleavedGradientNoise.ush" 2029
"../../../Engine/Shaders/Private/SceneData.ush" 2030
"../../../Engine/Shaders/Private/OctahedralCommon.ush" 2031
"../../../Engine/Shaders/Private/WaveOpUtil.ush" 2032
"../../../Engine/Shaders/Private/ByteBuffer.ush" 2033
"../../../Engine/Shaders/Shared/SceneDefinitions.h" 2034
"../../../Engine/Shaders/Private/SceneDataMobileLoader.ush" 2035
"../../../Engine/Shaders/Private/LocalVertexFactoryCommon.ush" 2036
"../../../Engine/Shaders/Private/HairStrands/HairStrandsVisibilityCommon.ush" 2037
"../../../Engine/Shaders/Shared/HairStrandsDefinitions.h" 2038
"../../../Engine/Shaders/Private/HairStrands/HairStrandsVertexFactoryCommon.ush" 2039
"../../../Engine/Shaders/Private/HairStrands/HairStrandsPack.ush" 2040
"../../../Engine/Shaders/Private/HairStrands/HairStrandsAttributeCommon.ush" 2041
"../../../Engine/Shaders/Private/HairStrands/HairStrandsAttributeTemplate.ush" 2042
"../../../Engine/Shaders/Private/VertexFactoryDefaultInterface.ush" 2043
"../../../Engine/Shaders/Private/HairStrands/HairCardsVertexFactory.ush" 2044
"../../../Engine/Shaders/Private/HairStrands/HairCardsAttributeCommon.ush" 2045
"../../../Engine/Shaders/Private/RayTracing/RayTracingCommon.ush" 2046
"../../../Engine/Shaders/Private/ShadingCommon.ush" 2047
"../../../Engine/Shaders/Shared/RayTracingPayloadType.h" 2048
"../../../Engine/Shaders/Private/RayTracing/RayTracingRayCone.ush" 2049
"../../../Engine/Shaders/Private/Substrate/Substrate.ush" 2050
"../../../Engine/Shaders/Private/ShadingEnergyConservation.ush" 2051
"../../../Engine/Shaders/Private/ShadingEnergyConservationTemplate.ush" 2052
"../../../Engine/Shaders/Private/BRDF.ush" 2053
"../../../Engine/Shaders/Private/ColorSpace.ush" 2054
"../../../Engine/Shaders/Private/DeferredShadingCommon.ush" 2055
"../../../Engine/Shaders/Private/LightAccumulator.ush" 2056
"../../../Engine/Shaders/Private/SceneTexturesCommon.ush" 2057
"../../../Engine/Shaders/Private/MonteCarlo.ush" 2058
"../../../Engine/Shaders/Private/GBufferHelpers.ush" 2059
"../../../Engine/Shaders/Private/SceneTextureParameters.ush" 2060
"../../../Engine/Shaders/Private/ParticipatingMediaCommon.ush" 2061
"../../../Engine/Shaders/Private/ThinFilmBSDF.ush" 2062
"../../../Engine/Shaders/Private/MortonCode.ush" 2063
"../../../Engine/Shaders/Private/SubsurfaceProfileCommon.ush" 2064
"../../../Engine/Shaders/Private/BurleyNormalizedSSSCommon.ush" 2065
"../../../Engine/Shaders/Private/GammaCorrectionCommon.ush" 2066
"../../../Engine/Shaders/Shared/SubstrateDefinitions.h" 2067
"../../../Engine/Shaders/Private/Substrate/SubstrateStatisticalOperators.ush" 2068
"../../../Engine/Shaders/Private/Substrate/SubstrateSubsurface.ush" 2069
"../../../Engine/Shaders/Private/TransmissionCommon.ush" 2070
"../../../Engine/Shaders/Private/Substrate/SubstrateExportCommon.ush" 2071
"../../../Engine/Shaders/Private/SpecularProfileCommon.ush" 2072
"../../../Engine/Shaders/Private/RayTracing/RayTracingCommonMetal.ush" 2073
"../../../Engine/Shaders/Private/PositionReconstructionCommon.ush" 2074
"../../../Engine/Shaders/Private/RayTracing/TraceRayInline.ush" 2075
"../../../Engine/Shaders/Private/RayTracing/TraceRayInlineCommon.ush" 2076
"../../../Engine/Shaders/Private/RayTracing/TraceRayInlineVulkan.ush" 2077
"../../../Engine/Shaders/Private/RayTracing/TraceRayInlineMetal.ush" 2078
"../../../Engine/Shaders/Private/RayTracing/TraceRayInlineD3D12.ush" 2079
"../../../Engine/Shaders/Private/RayTracing/RayTracingHitGroupCommon.ush" 2080
"../../../Engine/Shaders/Private/Nanite/NaniteRayTrace.ush" 2081
"../../../Engine/Shaders/Private/Nanite/NaniteDataDecode.ush" 2082
"../../../Engine/Shaders/Private/BitPacking.ush" 2083
"../../../Engine/Shaders/Private/BitStreamReaderImplementation.ush" 2084
"../../../Engine/Shaders/Private/BoneTransform.ush" 2085
"../../../Engine/Shaders/Private/Quaternion.ush" 2086
"../../../Engine/Shaders/Shared/NaniteDefinitions.h" 2087
"../../../Engine/Shaders/Shared/SkinningDefinitions.h" 2088
"../../../Engine/Shaders/Private/Nanite/NaniteAttributeDecode.ush" 2089
"../../../Engine/Shaders/Private/Barycentrics.ush" 2090
"../../../Engine/Shaders/Private/DualNumber.ush" 2091
"../../../Engine/Shaders/Shared/ThirdParty/RayTriangleIntersection.h" 2092
"../../../Engine/Shaders/Private/Nanite/NaniteVertexFetch.ush" 2093
"../../../Engine/Shaders/Private/Nanite/NaniteSceneCommon.ush" 2094
"../../../Engine/Plugins/FX/Niagara/Shaders/Private/NiagaraSpriteVertexFactory.ush" 2095
"../../../Engine/Shaders/Private/ParticleVertexFactoryCommon.ush" 2096
"../../../Engine/Plugins/FX/Niagara/Shaders/Private/NiagaraVFCommon.usf" 2097
"../../../Engine/Plugins/FX/Niagara/Shaders/Private/NiagaraVFParticleAccess.usf" 2098
"../../../Engine/Plugins/FX/Niagara/Shaders/Private/NiagaraParticleAccess.ush" 2099
"../../../Engine/Plugins/FX/Niagara/Shaders/Private/NiagaraRibbonVertexFactory.ush" 2100
"../../../Engine/Plugins/FX/Niagara/Shaders/Private/NiagaraMeshVertexFactory.ush" 2101
"../../../Engine/Plugins/FX/Niagara/Shaders/Private/NiagaraCommon.ush" 2102
"../../../Engine/Plugins/FX/Niagara/Shaders/Private/NiagaraMeshParticleUtils.ush" 2103
"../../../Engine/Shaders/Private/VectorFieldVisualizationVertexFactory.ush" 2104
"../../../Engine/Shaders/Private/Nanite/NaniteVertexFactory.ush" 2105
"../../../Engine/Shaders/Private/LightmapData.ush" 2106
"../../../Engine/Shaders/Private/SplineMeshCommon.ush" 2107
"../../../Engine/Shaders/Shared/SplineMeshShaderParams.h" 2108
"../../../Engine/Shaders/Private/ShaderPrint.ush" 2109
"../../../Engine/Shaders/Private/ShaderPrintCommon.ush" 2110
"../../../Engine/Shaders/Private/MiniFontCommon.ush" 2111
"../../../Engine/Shaders/Private/MaterialCache/MaterialCacheCommon.ush" 2112
"../../../Engine/Shaders/Shared/MaterialCacheDefinitions.h" 2113
"../../../Engine/Shaders/Private/Nanite/NaniteVertexDeformation.ush" 2114
"../../../Engine/Shaders/Private/ViewData.ush" 2115
"../../../Engine/Shaders/Shared/ViewDefinitions.h" 2116
"../../../Engine/Shaders/Private/Matrices.ush" 2117
"../../../Engine/Shaders/Private/ParticleSpriteVertexFactory.ush" 2118
"../../../Engine/Shaders/Private/ParticleGPUSpriteVertexFactory.ush" 2119
"../../../Engine/Shaders/Private/ParticleSimulationCommon.ush" 2120
"../../../Engine/Shaders/Private/ParticleBeamTrailVertexFactory.ush" 2121
"../../../Engine/Shaders/Private/MeshParticleVertexFactory.ush" 2122
"../../../Engine/Shaders/Private/LocalVertexFactory.ush" 2123
"../../../Engine/Shaders/Private/GpuSkinCommon.ush" 2124
"../../../Engine/Shaders/Private/GpuSkinVertexFactory.ush" 2125
"../../../Engine/Shaders/Private/GeometryCollectionVertexFactory.ush" 2126
"../../../Engine/Shaders/Private/GeometryCacheVertexFactory.ush" 2127
"../../../Engine/Shaders/Private/LandscapeVertexFactory.ush" 2128
"../../../Engine/Plugins/Experimental/Compositing/CompositeCore/Shaders/Private/CompositeCoreMerge.usf" 2129
"../../../Engine/Shaders/Private/ScreenPass.ush" 2130
"../../../Engine/Shaders/Private/LensDistortion.ush" 2131
"../../../Engine/Plugins/Experimental/Compositing/CompositeCore/Shaders/Private/CompositeCoreDisplayTransform.usf" 2132
"../../../Engine/Plugins/Experimental/Compositing/CompositeCore/Shaders/Private/CompositeCoreDilate.usf" 2133
"../../../Engine/Plugins/VirtualProduction/CameraCalibrationCore/Shaders/Private/CrosshairOverlay.usf" 2134
"../../../Engine/Plugins/VirtualProduction/CameraCalibrationCore/Shaders/Private/DisplacementMapBlending.usf" 2135
"../../../Engine/Plugins/VirtualProduction/CameraCalibrationCore/Shaders/Private/RecenterSTDisplacementMaps.usf" 2136
"../../../Engine/Plugins/VirtualProduction/CameraCalibrationCore/Shaders/Private/FillSTDisplacementMap.usf" 2137
"../../../Engine/Plugins/VirtualProduction/CameraCalibrationCore/Shaders/Private/InvertDisplacementMap.usf" 2138
"../../../Engine/Plugins/VirtualProduction/CameraCalibrationCore/Shaders/Private/CropDisplacementMap.usf" 2139
"../../../Engine/Plugins/VirtualProduction/CameraCalibrationCore/Shaders/Private/BlendDisplacementMaps.usf" 2140
"../../../Engine/Plugins/VirtualProduction/CameraCalibrationCore/Shaders/Private/DrawDisplacementMaps.usf" 2141
"../../../Engine/Plugins/VirtualProduction/CameraCalibrationCore/Shaders/Private/UndistortImagePoints.usf" 2142
"../../../Engine/Plugins/VirtualProduction/CameraCalibrationCore/Shaders/Private/DistortionSTMapProcessor.usf" 2143
"../../../Engine/Plugins/Runtime/HairStrands/Shaders/Private/NiagaraCopyVelocityGrid.usf" 2144
"../../../Engine/Plugins/Runtime/HairStrands/Shaders/Private/NiagaraClearVelocityGrid.usf" 2145
"../../../Engine/Plugins/Runtime/HairStrands/Shaders/Private/NiagaraClearPressureGrid.usf" 2146
"../../../Engine/Plugins/Runtime/HairStrands/Shaders/Private/NiagaraInterpolateGroomGuides.usf" 2147
"../../../Engine/Plugins/Runtime/HairStrands/Shaders/Private/NiagaraGroomInterpolationUtils.ush" 2148
"../../../Engine/Plugins/FX/Niagara/Shaders/Private/NiagaraQuaternionUtils.ush" 2149
"../../../Engine/Shaders/Private/HairStrands/HairStrandsMesh.usf" 2150
"../../../Engine/Shaders/Private/HairStrands/HairStrandsBindingCommon.ush" 2151
"../../../Engine/Shaders/Private/HairStrands/HairStrandsFollicleMask.usf" 2152
"../../../Engine/Shaders/Private/HairStrands/HairStrandsSkinUpdate.usf" 2153
"../../../Engine/Shaders/Private/HairStrands/HairStrandsClusterCulling.usf" 2154
"../../../Engine/Shaders/Private/ColorMap.ush" 2155
"../../../Engine/Shaders/Private/HairStrands/HairStrandsAABBCommon.ush" 2156
"../../../Engine/Shaders/Private/HairStrands/HairStrandsClusterCommon.ush" 2157
"../../../Engine/Shaders/Private/ThreadGroupPrefixSum.ush" 2158
"../../../Engine/Shaders/Private/HairStrands/HairStrandsRaytracingGeometry.usf" 2159
"../../../Engine/Shaders/Private/HairStrands/HairStrandsTangent.usf" 2160
"../../../Engine/Shaders/Private/HairStrands/HairCardsDeformation.usf" 2161
"../../../Engine/Shaders/Private/HairStrands/HairStrandsInterpolation.usf" 2162
"../../../Engine/Shaders/Private/HairStrands/HairStrandsGuideDeform.usf" 2163
"../../../Engine/Shaders/Private/HairStrands/HairStrandsTexturesGeneration.usf" 2164
"../../../Engine/Shaders/Private/HairStrands/HairCardsTextureCommon.ush" 2165
"../../../Engine/Shaders/Private/HairStrands/HairStrandsTranscode.usf" 2166
"../../../Engine/Shaders/Private/HairStrands/HairStrandsDebug.usf" 2167
"../../../Engine/Shaders/Private/HairShadingCommon.ush" 2168
"../../../Engine/Shaders/Private/PostProcessCommon.ush" 2169
"../../../Engine/Shaders/Private/ShadingModels.ush" 2170
"../../../Engine/Shaders/Private/CapsuleLight.ush" 2171
"../../../Engine/Shaders/Private/RectLight.ush" 2172
"../../../Engine/Shaders/Private/LightData.ush" 2173
"../../../Engine/Shaders/Shared/LightDefinitions.h" 2174
"../../../Engine/Shaders/Private/AreaLightCommon.ush" 2175
"../../../Engine/Shaders/Private/HairBsdf.ush" 2176
"../../../Engine/Shaders/Private/MobileGGX.ush" 2177
"../../../Engine/Shaders/Private/HairStrands/HairStrandsCommon.ush" 2178
"../../../Engine/Shaders/Private/HairStrands/HairStrandsEnvironmentLightingCommon.ush" 2179
"../../../Engine/Shaders/Private/HairStrands/HairStrandsDeepTransmittanceCommon.ush" 2180
"../../../Engine/Shaders/Private/HairStrands/HairStrandsDeepTransmittanceDualScattering.ush" 2181
"../../../Engine/Shaders/Private/HairStrands/HairStrandsDeepShadowCommon.ush" 2182
"../../../Engine/Shaders/Private/HairStrands/HairStrandsDebugCommonStruct.ush" 2183
"../../../Engine/Plugins/NNE/NNEDenoiser/Shaders/NNEDenoiserShadersTransferFunctionOidn.usf" 2184
"../../../Engine/Plugins/NNE/NNEDenoiser/Shaders/NNEDenoiserShadersMappedCopy.usf" 2185
"../../../Engine/Plugins/NNE/NNEDenoiser/Shaders/NNEDenoiserShadersDefaultIOProcess.usf" 2186
"../../../Engine/Plugins/NNE/NNEDenoiser/Shaders/NNEDenoiserShadersAutoExposureReduceFinal.usf" 2187
"../../../Engine/Plugins/NNE/NNEDenoiser/Shaders/NNEDenoiserShadersAutoExposureReduce.usf" 2188
"../../../Engine/Plugins/NNE/NNEDenoiser/Shaders/NNEDenoiserShadersAutoExposureDownsample.usf" 2189
"../../../Engine/Plugins/Experimental/NFORDenoise/Shaders/NFORDenoise.usf" 2190
"../../../Engine/Plugins/Experimental/NFORDenoise/Shaders/NFORRegressionCommon.ush" 2191
"../../../Engine/Plugins/Experimental/NFORDenoise/Shaders/NFORRegression.ush" 2192
"../../../Engine/Plugins/Runtime/ComputeFramework/Shaders/Private/ComputeKernel.usf" 2193
"../../../Engine/Plugins/Runtime/ComputeFramework/Shaders/Private/ComputeKernelCommon.ush" 2194
"../../../Engine/Plugins/Media/WmfMedia/Shaders/Private/MediaHardwareVideoDecoding.usf" 2195
"../../../Engine/Shaders/Private/ColorUtils.ush" 2196
"../../../Engine/Plugins/Media/ImgMedia/Shaders/Private/ExrSwizzler.usf" 2197
"../../../Engine/Plugins/Enterprise/GLTFExporter/Shaders/Private/SimpleTexture2DPS.usf" 2198
"../../../Engine/Shaders/Private/SimpleElementNormalMapPixelShader.usf" 2199
"../../../Engine/Plugins/FX/Niagara/Shaders/Private/NiagaraVertexFactoryExport.usf" 2200
"../../../Engine/Shaders/Private/ComputeShaderUtils.ush" 2201
"../../../Engine/Shaders/Private/MaterialTemplate.ush" 2202
"../../../Engine/Shaders/Private/WorldSpaceMath.ush" 2203
"../../../Engine/Shaders/Private/EyeAdaptationCommon.ush" 2204
"../../../Engine/Shaders/Private/SobolRandom.ush" 2205
"../../../Engine/Shaders/Private/DepthOfFieldCommon.ush" 2206
"../../../Engine/Shaders/Private/CircleDOFCommon.ush" 2207
"../../../Engine/Shaders/Private/DistanceField/GlobalDistanceFieldShared.ush" 2208
"../../../Engine/Shaders/Private/PhysicsFieldSampler.ush" 2209
"../../../Engine/Shaders/Private/PhysicsFieldShared.ush" 2210
"../../../Engine/Shaders/Private/SparseVolumeTexture/SparseVolumeTextureCommon.ush" 2211
"../../../Engine/Shaders/Shared/EnvironmentComponentsFlags.h" 2212
"../../../Engine/Shaders/Private/MeshPaintTextureCommon.ush" 2213
"../../../Engine/Shaders/Private/VirtualTextureMaterial.ush" 2214
"../../../Engine/Shaders/Private/MaterialCache/MaterialCacheMaterialCommon.ush" 2215
"../../../Engine/Shaders/Private/MaterialCache/MaterialCacheABuffer.ush" 2216
"../../../Engine/Shaders/Private/SpeedTreeCommon.ush" 2217
"../../../Engine/Shaders/Private/VirtualTextureCommon.ush" 2218
"../../../Engine/Shaders/Private/MaterialTexture.ush" 2219
"../../../Engine/Shaders/Private/MinMaterialTexCoords.ush" 2220
"../../../Engine/Shaders/Private/SkyAtmosphereCommon.ush" 2221
"../../../Engine/Shaders/Private/SingleLayerWaterCommon.ush" 2222
"../../../Engine/Shaders/Private/TextureSampling.ush" 2223
"../../../Engine/Shaders/Private/PaniniProjection.ush" 2224
"../../../Engine/Shaders/Private/DBufferNormalReprojection.ush" 2225
"../../../Engine/Shaders/Public/SubstratePublic.ush" 2226
"../../../Engine/Shaders/Private/Substrate/SubstrateTree.ush" 2227
"../../../Engine/Shaders/Private/Substrate/SubstrateEvaluation.ush" 2228
"../../../Engine/Shaders/Private/Substrate/Glint/GlintThirdParty.ush" 2229
"../../../Engine/Shaders/Private/BlueNoise.ush" 2230
"../../../Engine/Shaders/Private/SHCommon.ush" 2231
"../../../Engine/Shaders/Private/ShadingModelsSampling.ush" 2232
"../../../Engine/Shaders/Private/HairStrands/HairBsdfSample.ush" 2233
"../../../Engine/Shaders/Private/Substrate/SubstrateLegacyConversion.ush" 2234
"../../../Engine/Shaders/Private/DBufferDecalShared.ush" 2235
"../../../Engine/Plugins/FX/Niagara/Shaders/Private/NiagaraSortKeyGen.usf" 2236
"../../../Engine/Plugins/FX/Niagara/Shaders/Private/NiagaraGPURayTracingTransforms.usf" 2237
"../../../Engine/Plugins/FX/Niagara/Shaders/Private/NiagaraDrawIndirectArgsGen.usf" 2238
"../../../Engine/Plugins/FX/Niagara/Shaders/Private/NiagaraDispatchIndirectArgsGen.usf" 2239
"../../../Engine/Plugins/FX/Niagara/Shaders/Private/Stateless/NiagaraStatelessSimulationDefault.usf" 2240
"../../../Engine/Plugins/FX/Niagara/Shaders/Private/Stateless/NiagaraStatelessSimulationTemplate.ush" 2241
"../../../Engine/Plugins/FX/Niagara/Shaders/Private/Stateless/NiagaraStatelessCommon.ush" 2242
"../../../Engine/Plugins/FX/Niagara/Shaders/Shared/NiagaraStatelessDefinitions.h" 2243
"../../../Engine/Plugins/FX/Niagara/Shaders/Shared/NiagaraStatelessBuiltDistribution.h" 2244
"../../../Engine/Plugins/FX/Niagara/Shaders/Private/Stateless/NiagaraStatelessDistribution.ush" 2245
"../../../Engine/Plugins/FX/Niagara/Shaders/Private/Stateless/Modules/NiagaraStatelessModule_CalculateAccurateVelocity.ush" 2246
"../../../Engine/Plugins/FX/Niagara/Shaders/Private/Stateless/Modules/NiagaraStatelessModule_CameraOffset.ush" 2247
"../../../Engine/Plugins/FX/Niagara/Shaders/Private/Stateless/Modules/NiagaraStatelessModule_DynamicMaterialParameters.ush" 2248
"../../../Engine/Plugins/FX/Niagara/Shaders/Private/Stateless/Modules/NiagaraStatelessModule_InitializeParticle.ush" 2249
"../../../Engine/Plugins/FX/Niagara/Shaders/Private/Stateless/Modules/NiagaraStatelessModule_InitialMeshOrientation.ush" 2250
"../../../Engine/Plugins/FX/Niagara/Shaders/Private/Stateless/Modules/NiagaraStatelessModule_MeshIndex.ush" 2251
"../../../Engine/Plugins/FX/Niagara/Shaders/Private/Stateless/Modules/NiagaraStatelessModule_MeshRotationRate.ush" 2252
"../../../Engine/Plugins/FX/Niagara/Shaders/Private/Stateless/Modules/NiagaraStatelessModule_RotateAroundPoint.ush" 2253
"../../../Engine/Plugins/FX/Niagara/Shaders/Private/Stateless/Modules/NiagaraStatelessModule_ShapeLocation.ush" 2254
"../../../Engine/Plugins/FX/Niagara/Shaders/Private/Stateless/Modules/NiagaraStatelessModule_ScaleColor.ush" 2255
"../../../Engine/Plugins/FX/Niagara/Shaders/Private/Stateless/Modules/NiagaraStatelessModule_ScaleRibbonWidth.ush" 2256
"../../../Engine/Plugins/FX/Niagara/Shaders/Private/Stateless/Modules/NiagaraStatelessModule_ScaleSpriteSize.ush" 2257
"../../../Engine/Plugins/FX/Niagara/Shaders/Private/Stateless/Modules/NiagaraStatelessModule_ScaleSpriteSizeBySpeed.ush" 2258
"../../../Engine/Plugins/FX/Niagara/Shaders/Private/Stateless/Modules/NiagaraStatelessModule_ScaleMeshSize.ush" 2259
"../../../Engine/Plugins/FX/Niagara/Shaders/Private/Stateless/Modules/NiagaraStatelessModule_ScaleMeshSizebySpeed.ush" 2260
"../../../Engine/Plugins/FX/Niagara/Shaders/Private/Stateless/Modules/NiagaraStatelessModule_SolveVelocitiesAndForces.ush" 2261
"../../../Engine/Plugins/FX/Niagara/Shaders/Private/Stateless/Modules/NiagaraStatelessModule_SpriteFacingAndAlignment.ush" 2262
"../../../Engine/Plugins/FX/Niagara/Shaders/Private/Stateless/Modules/NiagaraStatelessModule_SpriteRotationRate.ush" 2263
"../../../Engine/Plugins/FX/Niagara/Shaders/Private/Stateless/Modules/NiagaraStatelessModule_SubUVAnimation.ush" 2264
"../../../Engine/Plugins/FX/Niagara/Shaders/Private/NiagaraBlendSVTsToDenseBuffer.usf" 2265
"../../../Engine/Plugins/FX/Niagara/Shaders/Private/NiagaraSVTToDenseBuffer.usf" 2266
"../../../Engine/Plugins/FX/Niagara/Shaders/Private/NiagaraFillIntBuffer.usf" 2267
"../../../Engine/Plugins/FX/Niagara/Shaders/Private/NiagaraComputeFreeIDs.usf" 2268
"../../../Engine/Plugins/FX/Niagara/Shaders/Private/NiagaraInitFreeIDBuffer.usf" 2269
"../../../Engine/Plugins/FX/Niagara/Shaders/Private/NiagaraEmitterInstanceShader.usf" 2270
"../../../Engine/Plugins/FX/Niagara/Shaders/Private/NiagaraShaderVersion.ush" 2271
"../../../Engine/Plugins/FX/Niagara/Shaders/Private/NiagaraPhysicsCommon.ush" 2272
"../../../Engine/Plugins/FX/Niagara/Shaders/Private/Ribbons/NiagaraRibbonAggregationApply.usf" 2273
"../../../Engine/Plugins/FX/Niagara/Shaders/Private/Ribbons/NiagaraRibbonCommon.ush" 2274
"../../../Engine/Plugins/FX/Niagara/Shaders/Private/Ribbons/NiagaraRibbonAggregationStep.usf" 2275
"../../../Engine/Plugins/FX/Niagara/Shaders/Private/Ribbons/NiagaraRibbonGenerateIndices.usf" 2276
"../../../Engine/Plugins/FX/Niagara/Shaders/Private/Ribbons/NiagaraRibbonInitializeIndices.usf" 2277
"../../../Engine/Plugins/FX/Niagara/Shaders/Private/Ribbons/NiagaraRibbonRibbonUVParamCalculation.usf" 2278
"../../../Engine/Plugins/FX/Niagara/Shaders/Private/Ribbons/NiagaraRibbonVertexReductionFinalization.usf" 2279
"../../../Engine/Plugins/FX/Niagara/Shaders/Private/Ribbons/NiagaraRibbonVertexReductionInitialization.usf" 2280
"../../../Engine/Plugins/FX/Niagara/Shaders/Private/Ribbons/NiagaraRibbonSortParticles.usf" 2281
"../../../Engine/Plugins/FX/Niagara/Shaders/Private/NiagaraLWCHelper.usf" 2282
"../../../Engine/Plugins/FX/Niagara/Shaders/Private/NiagaraUpdateMeshGPUSceneInstances.usf" 2283
"../../../Engine/Shaders/Private/GPUScene/GPUSceneWriter.ush" 2284
"../../../Engine/Plugins/FX/Niagara/Shaders/Private/NiagaraGenerateMips.usf" 2285
"../../../Engine/Plugins/FX/Niagara/Shaders/Private/NiagaraDebugDraw.usf" 2286
"../../../Engine/Plugins/FX/Niagara/Shaders/Private/NiagaraDebugDraw.ush" 2287
"../../../Engine/Plugins/FX/Niagara/Shaders/Private/NiagaraVisualizeTexture.usf" 2288
"../../../Engine/Plugins/FX/Niagara/Shaders/Private/NiagaraClearCounts.usf" 2289
"../../../Engine/Plugins/FX/Niagara/Shaders/Private/NiagaraBatchedElements.usf" 2290
"../../../Engine/Plugins/FX/Niagara/Shaders/Private/NiagaraRayTracingShaders.usf" 2291
"../../../Engine/Plugins/FX/Niagara/Shaders/Private/NiagaraAsyncGpuTraceCommon.ush" 2292
"../../../Engine/Shaders/Private/HashTable.ush" 2293
"../../../Engine/Shaders/Private/Hash.ush" 2294
"../../../Engine/Shaders/Private/RayTracing/VFXTraceRay.ush" 2295
"../../../Engine/Plugins/FX/Niagara/Shaders/Private/NiagaraRayMarchingShaders.usf" 2296
"../../../Engine/Plugins/FX/Niagara/Shaders/Private/NiagaraRayTraceCollisionGroupShaders.usf" 2297
"../../../Engine/Plugins/FX/Niagara/Shaders/Private/NiagaraAsyncGpuTraceUtils.usf" 2298
"../../../Engine/Shaders/Private/VirtualTextureAdapter.usf" 2299
"../../../Engine/Shaders/Private/BlockCompressionCommon.ush" 2300
"../../../Engine/Shaders/Private/BCCompressionCommon.ush" 2301
"../../../Engine/Shaders/Private/TranslucentLightingShaders.usf" 2302
"../../../Engine/Shaders/Private/CubemapCommon.ush" 2303
"../../../Engine/Shaders/Private/VectorFieldCompositeShaders.usf" 2304
"../../../Engine/Shaders/Private/UpdateTextureShaders.usf" 2305
"../../../Engine/Shaders/Private/StereoLayerShader.usf" 2306
"../../../Engine/Shaders/Private/SparseVolumeTexture/UpdateSparseVolumeTexture.usf" 2307
"../../../Engine/Shaders/Private/MorphTargets.usf" 2308
"../../../Engine/Shaders/Private/SimpleElementColorChannelMaskPixelShader.usf" 2309
"../../../Engine/Shaders/Private/SimpleElementHitProxyPixelShader.usf" 2310
"../../../Engine/Shaders/Private/SimpleElementPixelShader.usf" 2311
"../../../Engine/Shaders/Private/IESLightProfilesCommon.ush" 2312
"../../../Engine/Shaders/Private/SimpleElementVertexShader.usf" 2313
"../../../Engine/Shaders/Private/ScreenPixelShaderOES.usf" 2314
"../../../Engine/Shaders/Private/ScreenVertexShader.usf" 2315
"../../../Engine/Shaders/Private/ScreenPixelShader.usf" 2316
"../../../Engine/Shaders/Private/SSProfilePreIntegratedMobile.usf" 2317
"../../../Engine/Shaders/Private/SpecularProfile.usf" 2318
"../../../Engine/Shaders/Private/Nanite/NaniteStreaming.usf" 2319
"../../../Engine/Shaders/Private/Nanite/NaniteStreaming.ush" 2320
"../../../Engine/Shaders/Private/Nanite/NaniteTranscode.usf" 2321
"../../../Engine/Shaders/Private/VolumetricLightmapStreaming.usf" 2322
"../../../Engine/Shaders/Private/PhysicsFieldReset.usf" 2323
"../../../Engine/Shaders/Private/PhysicsFieldBuilder.usf" 2324
"../../../Engine/Shaders/Private/PhysicsFieldEval.ush" 2325
"../../../Engine/Shaders/Private/ParticleSortKeyGen.usf" 2326
"../../../Engine/Shaders/Private/ParticleBoundsShader.usf" 2327
"../../../Engine/Shaders/Private/ParticleSimVisualizeShader.usf" 2328
"../../../Engine/Shaders/Private/ParticleInjectionShader.usf" 2329
"../../../Engine/Shaders/Private/ParticleSimulationShader.usf" 2330
"../../../Engine/Shaders/Private/ParticleCurveInjectionShader.usf" 2331
"../../../Engine/Shaders/Private/CopyUIntBuffer.usf" 2332
"../../../Engine/Shaders/Private/RadixSortShaders.usf" 2333
"../../../Engine/Shaders/Private/RecomputeTangentsPerVertexPass.usf" 2334
"../../../Engine/Shaders/Private/RecomputeTangentsCommon.ush" 2335
"../../../Engine/Shaders/Private/RecomputeTangentsPerTrianglePass.usf" 2336
"../../../Engine/Shaders/Private/GpuSkinCacheComputeShader.usf" 2337
"../../../Engine/Shaders/Private/HeightFieldAtlasManagement.usf" 2338
"../../../Engine/Shaders/Private/Landscape/LandscapeEditLayersUtils.usf" 2339
"../../../Engine/Shaders/Private/Landscape/LandscapeCommon.ush" 2340
"../../../Engine/Shaders/Private/Landscape/LandscapeEditLayersWeightmaps.usf" 2341
"../../../Engine/Shaders/Private/Landscape/LandscapeEditLayersHeightmaps.usf" 2342
"../../../Engine/Shaders/Private/Landscape/LandscapeLayersWeightmapsPS.usf" 2343
"../../../Engine/Shaders/Private/Landscape/LandscapeLayersHeightmapsPS.usf" 2344
"../../../Engine/Shaders/Private/LandscapeLayersCS.usf" 2345
"../../../Engine/Shaders/Private/LandscapeLayersPS.usf" 2346
"../../../Engine/Shaders/Private/LandscapeLayersVS.usf" 2347
"../../../Engine/Shaders/Private/LandscapePhysicalMaterial.usf" 2348
"../../../Engine/Shaders/Private/LandscapeGrassWeight.usf" 2349
"../../../Engine/Shaders/Private/Landscape/LandscapeCulling.usf" 2350
"../../../Engine/Shaders/Private/Nanite/NaniteHZBCull.ush" 2351
"../../../Engine/Shaders/Private/HZB.ush" 2352
"../../../Engine/Shaders/Private/Landscape/LandscapeMergeTexturesPS.usf" 2353
"../../../Engine/Shaders/Private/WideCustomResolveShaders.usf" 2354
"../../../Engine/Shaders/Private/WideCustomResolve_Wide.ush" 2355
"../../../Engine/Shaders/Private/WideCustomResolve_Wider.ush" 2356
"../../../Engine/Shaders/Private/WideCustomResolve_Widest.ush" 2357
"../../../Engine/Shaders/Private/WaterInfoTextureBlur.usf" 2358
"../../../Engine/Shaders/Private/WaterInfoTextureMerge.usf" 2359
"../../../Engine/Shaders/Private/PageTableUpdate.usf" 2360
"../../../Engine/Shaders/Private/VirtualTextureCompress.usf" 2361
"../../../Engine/Shaders/Private/ASTCCompressionCommon.ush" 2362
"../../../Engine/Shaders/Private/IntegerSequenceEncoding.ush" 2363
"../../../Engine/Shaders/Private/ETCCompressionCommon.ush" 2364
"../../../Engine/Shaders/Private/VirtualTextureMaterial.usf" 2365
"../../../Engine/Shaders/Private/PixelShaderOutputCommon.ush" 2366
"../../../Engine/Shaders/Private/ShaderOutputCommon.ush" 2367
"../../../Engine/Shaders/Private/VolumetricRenderTarget.usf" 2368
"../../../Engine/Shaders/Private/HeightFogCommon.ush" 2369
"../../../Engine/Shaders/Private/LocalFogVolumes/LocalFogVolumeCommon.ush" 2370
"../../../Engine/Shaders/Private/ReflectionEnvironmentShared.ush" 2371
"../../../Engine/Shaders/Private/VolumetricFogVoxelization.usf" 2372
"../../../Engine/Shaders/Private/VolumetricCloudMaterialPixelCommon.ush" 2373
"../../../Engine/Shaders/Private/VolumetricFogLightFunction.usf" 2374
"../../../Engine/Shaders/Private/LightFunctionCommon.ush" 2375
"../../../Engine/Shaders/Private/VolumetricFog.usf" 2376
"../../../Engine/Shaders/Private/DeferredLightingCommon.ush" 2377
"../../../Engine/Shaders/Private/DynamicLightingCommon.ush" 2378
"../../../Engine/Shaders/Private/CapsuleLightIntegrate.ush" 2379
"../../../Engine/Shaders/Private/CapsuleLightSampling.ush" 2380
"../../../Engine/Shaders/Private/RectLightIntegrate.ush" 2381
"../../../Engine/Shaders/Private/ScreenSpaceShadowRayCast.ush" 2382
"../../../Engine/Shaders/Private/LightFunctionAtlas/LightFunctionAtlasCommon.usf" 2383
"../../../Engine/Shaders/Private/HeterogeneousVolumes/HeterogeneousVolumesAdaptiveVolumetricShadowMapSampling.ush" 2384
"../../../Engine/Shaders/Private/HeterogeneousVolumes/HeterogeneousVolumesAdaptiveVolumetricShadowMapUtils.ush" 2385
"../../../Engine/Shaders/Private/HeterogeneousVolumes/HeterogeneousVolumesRayMarchingUtils.ush" 2386
"../../../Engine/Shaders/Private/HeterogeneousVolumes/HeterogeneousVolumesRayMarchingTypes.ush" 2387
"../../../Engine/Shaders/Private/PathTracing/Utilities/PathTracingRandomSequence.ush" 2388
"../../../Engine/Shaders/Private/HeterogeneousVolumes/HeterogeneousVolumesTracingUtils.ush" 2389
"../../../Engine/Shaders/Private/VelocityCommon.ush" 2390
"../../../Engine/Shaders/Private/HeterogeneousVolumes/HeterogeneousVolumesTransmittanceVolumeUtils.ush" 2391
"../../../Engine/Shaders/Private/ForwardShadowingCommon.ush" 2392
"../../../Engine/Shaders/Private/ShadowFilteringCommon.ush" 2393
"../../../Engine/Shaders/Private/PixelQuadMessagePassing.ush" 2394
"../../../Engine/Shaders/Private/VolumeLightingCommon.ush" 2395
"../../../Engine/Shaders/Private/ShadowProjectionCommon.ush" 2396
"../../../Engine/Shaders/Private/VolumeLightingCommonSampling.ush" 2397
"../../../Engine/Shaders/Private/Lumen/LumenTranslucencyVolumeShared.ush" 2398
"../../../Engine/Shaders/Private/Lumen/LumenRadianceCacheInterpolation.ush" 2399
"../../../Engine/Shaders/Private/HeterogeneousVolumes/HeterogeneousVolumesAdaptiveVolumetricShadowMapSampler.ush" 2400
"../../../Engine/Shaders/Private/LightGridCommon.ush" 2401
"../../../Engine/Shaders/Private/DistanceFieldAOShared.ush" 2402
"../../../Engine/Shaders/Private/IntersectionUtils.ush" 2403
"../../../Engine/Shaders/Private/VolumetricLightmapShared.ush" 2404
"../../../Engine/Shaders/Private/LightDataUniforms.ush" 2405
"../../../Engine/Shaders/Private/VirtualShadowMaps/VirtualShadowMapProjectionCommon.ush" 2406
"../../../Engine/Shaders/Private/VirtualShadowMaps/VirtualShadowMapPageAccessCommon.ush" 2407
"../../../Engine/Shaders/Shared/VirtualShadowMapDefinitions.h" 2408
"../../../Engine/Shaders/Shared/HLSLMathAliases.h" 2409
"../../../Engine/Shaders/Private/VirtualShadowMaps/VirtualShadowMapProjectionStructs.ush" 2410
"../../../Engine/Shaders/Private/VolumetricCloudCommon.ush" 2411
"../../../Engine/Shaders/Private/VolumetricCloud.usf" 2412
"../../../Engine/Shaders/Private/VisualizeVolumetricLightmap.usf" 2413
"../../../Engine/Shaders/Private/VirtualShadowMaps/VirtualShadowMapProjectionComposite.usf" 2414
"../../../Engine/Shaders/Private/LightShaderParameters.ush" 2415
"../../../Engine/Shaders/Private/VirtualShadowMaps/VirtualShadowMapMaskBitsCommon.ush" 2416
"../../../Engine/Shaders/Private/VirtualShadowMaps/VirtualShadowMapLightGrid.ush" 2417
"../../../Engine/Shaders/Private/VirtualShadowMaps/VirtualShadowMapProjection.usf" 2418
"../../../Engine/Shaders/Private/Visualization.ush" 2419
"../../../Engine/Shaders/Private/VirtualShadowMaps/VirtualShadowMapProjectionFilter.ush" 2420
"../../../Engine/Shaders/Private/VirtualShadowMaps/VirtualShadowMapProjectionDirectional.ush" 2421
"../../../Engine/Shaders/Private/VirtualShadowMaps/VirtualShadowMapSMRTCommon.ush" 2422
"../../../Engine/Shaders/Private/VirtualShadowMaps/VirtualShadowMapSMRTTemplate.ush" 2423
"../../../Engine/Shaders/Private/VirtualShadowMaps/VirtualShadowMapProjectionSpot.ush" 2424
"../../../Engine/Shaders/Private/VirtualShadowMaps/VirtualShadowMapTransmissionCommon.ush" 2425
"../../../Engine/Shaders/Private/VirtualShadowMaps/VirtualShadowMapScreenRayTrace.ush" 2426
"../../../Engine/Shaders/Private/VirtualShadowMaps/VirtualShadowMapStats.ush" 2427
"../../../Engine/Shaders/Private/HairStrands/HairStrandsVoxelPageCommon.ush" 2428
"../../../Engine/Shaders/Private/HairStrands/HairStrandsVoxelPageTraversal.ush" 2429
"../../../Engine/Shaders/Private/VirtualShadowMaps/VirtualShadowMapCacheGPUInvalidation.usf" 2430
"../../../Engine/Shaders/Private/VirtualShadowMaps/VirtualShadowMapPageCacheCommon.ush" 2431
"../../../Engine/Shaders/Private/VirtualShadowMaps/VirtualShadowMapCacheInvalidation.ush" 2432
"../../../Engine/Shaders/Private/VirtualShadowMaps/VirtualShadowMapPageOverlap.ush" 2433
"../../../Engine/Shaders/Private/ScreenSpaceDenoise/SSDDefinitions.ush" 2434
"../../../Engine/Shaders/Private/InstanceCulling/InstanceCullingLoadBalancer.ush" 2435
"../../../Engine/Shaders/Private/VirtualShadowMaps/VirtualShadowMapCacheLoadBalancer.usf" 2436
"../../../Engine/Shaders/Private/VirtualShadowMaps/VirtualShadowMapCopyStats.usf" 2437
"../../../Engine/Shaders/Private/VirtualShadowMaps/VirtualShadowMapDebug.usf" 2438
"../../../Engine/Shaders/Private/VirtualShadowMaps/Desaturate.usf" 2439
"../../../Engine/Shaders/Private/VirtualShadowMaps/VirtualShadowMapPhysicalPageManagement.usf" 2440
"../../../Engine/Shaders/Private/ReductionCommon.ush" 2441
"../../../Engine/Shaders/Private/GPUMessaging.ush" 2442
"../../../Engine/Shaders/Private/VirtualShadowMaps/VirtualShadowMapPerPageDispatch.ush" 2443
"../../../Engine/Shaders/Private/VirtualShadowMaps/VirtualShadowMapCompactViews.usf" 2444
"../../../Engine/Shaders/Shared/SceneCullingDefinitions.h" 2445
"../../../Engine/Shaders/Private/VirtualShadowMaps/VirtualShadowMapBuildPerPageDrawCommands.usf" 2446
"../../../Engine/Shaders/Private/Nanite/NaniteCullingCommon.ush" 2447
"../../../Engine/Shaders/Private/Nanite/NaniteCulling.ush" 2448
"../../../Engine/Shaders/Private/Nanite/NaniteHierarchyTraversalCommon.ush" 2449
"../../../Engine/Shaders/Private/InstanceCulling/InstanceCullingCommon.ush" 2450
"../../../Engine/Shaders/Shared/InstanceCullingDefinitions.h" 2451
"../../../Engine/Shaders/Private/VirtualShadowMaps/VirtualShadowMapPrintStats.usf" 2452
"../../../Engine/Shaders/Private/VirtualShadowMaps/VirtualShadowMapPageManagement.usf" 2453
"../../../Engine/Shaders/Private/VirtualShadowMaps/VirtualShadowMapPageMarking.usf" 2454
"../../../Engine/Shaders/Shared/SingleLayerWaterDefinitions.h" 2455
"../../../Engine/Shaders/Private/HairStrands/HairStrandsTileCommon.ush" 2456
"../../../Engine/Shaders/Private/Froxel/Froxel.ush" 2457
"../../../Engine/Shaders/Shared/FroxelDefinitions.h" 2458
"../../../Engine/Shaders/Private/DiaphragmDOF/DOFCommon.ush" 2459
"../../../Engine/Shaders/Private/VariableRateShading/VRSShadingRatePreview.usf" 2460
"../../../Engine/Shaders/Private/VariableRateShading/VRSShadingRateCommon.ush" 2461
"../../../Engine/Shaders/Private/VariableRateShading/VRSShadingRateCombine.usf" 2462
"../../../Engine/Shaders/Private/VariableRateShading/VRSShadingRateFoveated.usf" 2463
"../../../Engine/Shaders/Private/VariableRateShading/VRSShadingRateReproject.usf" 2464
"../../../Engine/Shaders/Private/VariableRateShading/VRSShadingRateCalculate.usf" 2465
"../../../Engine/Shaders/Private/TranslucencyUpsampling.usf" 2466
"../../../Engine/Shaders/Private/ComposeSeparateTranslucency.usf" 2467
"../../../Engine/Shaders/Private/SeparateTranslucency.ush" 2468
"../../../Engine/Shaders/Private/TranslucentLightInjectionShaders.usf" 2469
"../../../Engine/Shaders/Private/TranslucentShadowDepthShaders.usf" 2470
"../../../Engine/Shaders/Private/ShadowDepthCommon.ush" 2471
"../../../Engine/Shaders/Private/RayTracing/RayTracingTest.usf" 2472
"../../../Engine/Shaders/Private/PostprocessSubsurfaceTile.usf" 2473
"../../../Engine/Shaders/Private/PostProcessSubsurfaceCommon.ush" 2474
"../../../Engine/Shaders/Private/Substrate/SubstrateVisualize.usf" 2475
"../../../Engine/Shaders/Private/Substrate/SubstrateTile.ush" 2476
"../../../Engine/Shaders/Shared/SubstrateVisualizeDefinitions.h" 2477
"../../../Engine/Shaders/Private/Substrate/SubstrateVisualizeCommon.ush" 2478
"../../../Engine/Shaders/Private/SkyLightingDiffuseShared.ush" 2479
"../../../Engine/Shaders/Private/SkyLightingShared.ush" 2480
"../../../Engine/Shaders/Private/ClearCoatCommon.ush" 2481
"../../../Engine/Shaders/Private/ReflectionEnvironmentComposite.ush" 2482
"../../../Engine/Shaders/Private/Substrate/SubstrateLightingCommon.ush" 2483
"../../../Engine/Shaders/Private/Substrate/SubstrateRoughRefraction.usf" 2484
"../../../Engine/Shaders/Private/PathTracing/Material/PathTracingFresnel.ush" 2485
"../../../Engine/Shaders/Private/PathTracing/Material/PathTracingGlossy.ush" 2486
"../../../Engine/Shaders/Private/Substrate/SubstrateMaterialSampling.usf" 2487
"../../../Engine/Shaders/Private/Substrate/SubstrateMaterialSampling.ush" 2488
"../../../Engine/Shaders/Private/Lumen/LumenPosition.ush" 2489
"../../../Engine/Shaders/Private/Substrate/SubstrateTile.usf" 2490
"../../../Engine/Shaders/Private/Substrate/SubstrateMaterialClassification.usf" 2491
"../../../Engine/Shaders/Private/Substrate/SubstrateDBuffer.usf" 2492
"../../../Engine/Shaders/Private/StochasticLighting/StochasticLightingDenoising.usf" 2493
"../../../Engine/Shaders/Private/Lumen/LumenMaterial.ush" 2494
"../../../Engine/Shaders/Private/StochasticLighting/StochasticLightingCommon.ush" 2495
"../../../Engine/Shaders/Private/SplineMeshSceneTexture.usf" 2496
"../../../Engine/Shaders/Private/SparseVolumeTexture/VisualizeSparseVolumeTexture.usf" 2497
"../../../Engine/Shaders/Private/SkyAtmosphere.usf" 2498
"../../../Engine/Shaders/Private/Skinning/SkinnedMeshDebug.usf" 2499
"../../../Engine/Shaders/Private/Skinning/AnimBankEval.usf" 2500
"../../../Engine/Shaders/Private/SingleLayerWaterComposite.usf" 2501
"../../../Engine/Shaders/Private/Froxel/FroxelBuild.ush" 2502
"../../../Engine/Shaders/Private/SingleLayerWaterRefractionCulling.usf" 2503
"../../../Engine/Shaders/Private/ScreenSpaceShadows.usf" 2504
"../../../Engine/Shaders/Private/bend_sss_gpu.ush" 2505
"../../../Engine/Shaders/Private/ShadowFactorsUpsampleCommon.ush" 2506
"../../../Engine/Shaders/Private/FirstPersonSelfShadow.usf" 2507
"../../../Engine/Shaders/Private/HZBTracing.ush" 2508
"../../../Engine/Shaders/Private/ShadowProjectionVertexShader.usf" 2509
"../../../Engine/Shaders/Private/ShadowProjectionPixelShader.usf" 2510
"../../../Engine/Shaders/Private/MobileLightingCommon.ush" 2511
"../../../Engine/Shaders/Private/PlanarReflectionShared.ush" 2512
"../../../Engine/Shaders/Private/MobileSSR.ush" 2513
"../../../Engine/Shaders/Private/SSRT/SSRTRayCast.ush" 2514
"../../../Engine/Shaders/Private/ShadowPercentageCloserFiltering.ush" 2515
"../../../Engine/Shaders/Private/TransmissionThickness.ush" 2516
"../../../Engine/Shaders/Private/CopyShadowMaps.usf" 2517
"../../../Engine/Shaders/Private/ShadowDepthPixelShader.usf" 2518
"../../../Engine/Shaders/Private/ShadowDepthVertexShader.usf" 2519
"../../../Engine/Shaders/Private/ShadingEnergyConservationTable.usf" 2520
"../../../Engine/Shaders/Shared/PathTracingDefinitions.h" 2521
"../../../Engine/Shaders/Private/ShadingFurnaceTest.usf" 2522
"../../../Engine/Shaders/Private/Substrate/SubstrateDeferredLighting.ush" 2523
"../../../Engine/Shaders/Private/ShaderPrintDraw.usf" 2524
"../../../Engine/Shaders/Private/ShaderPrintDrawPrimitive.usf" 2525
"../../../Engine/Shaders/Private/DefaultSSRTiles.usf" 2526
"../../../Engine/Shaders/Private/ScreenSpaceReflectionTileCommons.ush" 2527
"../../../Engine/Shaders/Private/SSRT/SSRTDiffuseIndirect.usf" 2528
"../../../Engine/Shaders/Private/SSRT/SSRTTileClassificationBuffer.ush" 2529
"../../../Engine/Shaders/Private/SSRT/SSRTReflections.usf" 2530
"../../../Engine/Shaders/Private/ScreenSpaceDenoise/SSDPublic.ush" 2531
"../../../Engine/Shaders/Private/SSRT/SSRTTileClassification.usf" 2532
"../../../Engine/Shaders/Private/SSRT/SSRTPrevFrameReduction.usf" 2533
"../../../Engine/Shaders/Private/ScreenSpaceDenoise/SSDComposeHarmonics.usf" 2534
"../../../Engine/Shaders/Private/ScreenSpaceDenoise/SSDPublicHarmonics.ush" 2535
"../../../Engine/Shaders/Private/ScreenSpaceDenoise/SSDSignalFramework.ush" 2536
"../../../Engine/Shaders/Private/ScreenSpaceDenoise/SSDCommon.ush" 2537
"../../../Engine/Shaders/Private/SphericalGaussian.ush" 2538
"../../../Engine/Shaders/Public/WaveBroadcastIntrinsics.ush" 2539
"../../../Engine/Shaders/Private/ScreenSpaceDenoise/SSDMetadata.ush" 2540
"../../../Engine/Shaders/Private/ScreenSpaceDenoise/SSDSignalCore.ush" 2541
"../../../Engine/Shaders/Private/ScreenSpaceDenoise/DenoisingCommon.ush" 2542
"../../../Engine/Shaders/Private/ScreenSpaceDenoise/SSDSignalArray.ush" 2543
"../../../Engine/Shaders/Private/ScreenSpaceDenoise/SSDSignalBufferEncoding.ush" 2544
"../../../Engine/Shaders/Private/ScreenSpaceDenoise/SSDPublicBufferEncoding.ush" 2545
"../../../Engine/Shaders/Private/Lumen/LumenBufferEncoding.ush" 2546
"../../../Engine/Shaders/Private/ScreenSpaceDenoise/SSDTemporalAccumulation.usf" 2547
"../../../Engine/Shaders/Private/ScreenSpaceDenoise/SSDSpatialKernel.ush" 2548
"../../../Engine/Shaders/Private/ScreenSpaceDenoise/SSDSignalAccumulatorArray.ush" 2549
"../../../Engine/Shaders/Private/ScreenSpaceDenoise/SSDSignalAccumulator.ush" 2550
"../../../Engine/Shaders/Private/ScreenSpaceDenoise/SSDSignalCompression.ush" 2551
"../../../Engine/Shaders/Private/ScreenSpaceDenoise/SSDSpatialAccumulation.usf" 2552
"../../../Engine/Shaders/Private/ScreenSpaceDenoise/SSDInjest.usf" 2553
"../../../Engine/Shaders/Private/ScreenSpaceDenoise/SSDCompressMetadata.usf" 2554
"../../../Engine/Shaders/Private/DownsampleDepthPixelShader.usf" 2555
"../../../Engine/Shaders/Private/ScreenPass.usf" 2556
"../../../Engine/Shaders/Private/HZB.usf" 2557
"../../../Engine/Shaders/Private/OcclusionFeedbackShaders.usf" 2558
"../../../Engine/Shaders/Private/HZBOcclusion.usf" 2559
"../../../Engine/Shaders/Private/OcclusionQueryPixelShader.usf" 2560
"../../../Engine/Shaders/Private/OcclusionQueryVertexShader.usf" 2561
"../../../Engine/Shaders/Private/HitProxyCopy.usf" 2562
"../../../Engine/Shaders/Private/HitProxyPixelShader.usf" 2563
"../../../Engine/Shaders/Private/HitProxyVertexShader.usf" 2564
"../../../Engine/Shaders/Private/SceneCulling/SceneCullingDebugRender.usf" 2565
"../../../Engine/Shaders/Private/SceneCulling/SceneCulling.ush" 2566
"../../../Engine/Shaders/Private/SceneCulling/SceneCullingBuildExplicitBounds.usf" 2567
"../../../Engine/Shaders/Private/SceneCapturePixelShader.usf" 2568
"../../../Engine/Shaders/Private/RendererUtils.usf" 2569
"../../../Engine/Shaders/Private/RTWriteMaskDecode.usf" 2570
"../../../Engine/Shaders/Private/ReflectionEnvironmentShaders.usf" 2571
"../../../Engine/Shaders/Private/RectLightAtlas.usf" 2572
"../../../Engine/Shaders/Private/RayTracing/TraceRayInlineStatistics.usf" 2573
"../../../Engine/Shaders/Private/RayTracing/CompositeSkyLightPS.usf" 2574
"../../../Engine/Shaders/Private/RayTracing/GenerateSkyLightVisibilityRaysCS.usf" 2575
"../../../Engine/Shaders/Private/RayTracing/RayTracingSkyLightCommon.ush" 2576
"../../../Engine/Shaders/Private/RayTracing/SkyLightVisibilityRaysData.ush" 2577
"../../../Engine/Shaders/Private/Raytracing/RaytracingSkylightRGS.usf" 2578
"../../../Engine/Shaders/Private/HairStrands/HairStrandsRaytracing.ush" 2579
"../../../Engine/Shaders/Private/Raytracing/RayTracingSkyLightEvaluation.ush" 2580
"../../../Engine/Shaders/Private/Raytracing/RayTracingDeferredShadingCommon.ush" 2581
"../../../Engine/Shaders/Private/RayTracing/RayTracingOcclusionRGS.usf" 2582
"../../../Engine/Shaders/Private/RayTracing/RayTracingDirectionalLight.ush" 2583
"../../../Engine/Shaders/Private/RayTracing/RayTracingRectLight.ush" 2584
"../../../Engine/Shaders/Private/RayTracing/RayTracingSphereLight.ush" 2585
"../../../Engine/Shaders/Private/RayTracing/RayTracingCapsuleLight.ush" 2586
"../../../Engine/Shaders/Private/Raytracing/RayTracingFeedback.usf" 2587
"../../../Engine/Shaders/Shared/RayTracingDebugTypes.h" 2588
"../../../Engine/Shaders/Private/RayTracing/RayTracingPrimaryRays.usf" 2589
"../../../Engine/Shaders/Private/RayTracing/RayTracingLightingCommon.ush" 2590
"../../../Engine/Shaders/Private/RayTracing/RayTracingLightCullingCommon.ush" 2591
"../../../Engine/Shaders/Private/RayTracing/RayTracingMaterialDefaultHitShaders.usf" 2592
"../../../Engine/Shaders/Private/RayTracing/RayTracingMaterialHitShaders.usf" 2593
"../../../Engine/Shaders/Private/RayTracing/RayTracingShaderUtils.ush" 2594
"../../../Engine/Shaders/Private/RayTracing/RayTracingCalcInterpolants.ush" 2595
"../../../Engine/Shaders/Private/LightmapCommon.ush" 2596
"../../../Engine/Shaders/Private/Lumen/LumenHardwareRayTracingPayloadCommon.ush" 2597
"../../../Engine/Shaders/Shared/LumenDefinitions.h" 2598
"../../../Engine/Shaders/Private/Substrate/SubstrateExport.ush" 2599
"../../../Engine/Shaders/Private/RayTracing/RayTracingLightingMS.usf" 2600
"../../../Engine/Shaders/Private/Lumen/LumenDiffuseColorBoost.ush" 2601
"../../../Engine/Shaders/Private/RayTracing/RayTracingLightFunctionCommon.ush" 2602
"../../../Engine/Shaders/Private/RayTracing/RayTracingBuildLightGrid.usf" 2603
"../../../Engine/Shaders/Private/Raytracing/RayTracingInstanceBufferUtil.usf" 2604
"../../../Engine/Shaders/Private/RayTracing/RayTracingDynamicMesh.usf" 2605
"../../../Engine/Shaders/Private/RayTracing/RayTracingDefaultDecalHitShader.usf" 2606
"../../../Engine/Shaders/Private/RayTracing/RayTracingDecalMaterialShader.usf" 2607
"../../../Engine/Shaders/Private/PathTracing/PathTracingShaderUtils.ush" 2608
"../../../Engine/Shaders/Private/PathTracing/PathTracingCommon.ush" 2609
"../../../Engine/Shaders/Private/PathTracing/Material/PathTracingMaterialCommon.ush" 2610
"../../../Engine/Shaders/Private/PathTracing/Utilities/PathTracingRIS.ush" 2611
"../../../Engine/Shaders/Private/RayTracing/RayTracingBuildDecalGrid.usf" 2612
"../../../Engine/Shaders/Private/RayTracing/RayTracingDebugHitStatsUtils.usf" 2613
"../../../Engine/Shaders/Private/RayTracing/RayTracingDebugInstanceOverlap.usf" 2614
"../../../Engine/Shaders/Private/RayTracing/RayTracingDebugPicking.usf" 2615
"../../../Engine/Shaders/Private/RayTracing/RayTracingDebugUtils.ush" 2616
"../../../Engine/Shaders/Private/RayTracing/RayTracingDebugTraversal.usf" 2617
"../../../Engine/Shaders/Private/RayTracing/RayTracingDeferredMaterials.ush" 2618
"../../../Engine/Shaders/Shared/ThirdParty/AMD/ags_shader_intrinsics_dx12.h" 2619
"../../../Engine/Shaders/Shared/RayTracingDebugDefinitions.h" 2620
"../../../Engine/Shaders/Private/RayTracing/RayTracingDebugHitStatsCHS.usf" 2621
"../../../Engine/Shaders/Private/RayTracing/RayTracingDebugHitStats.usf" 2622
"../../../Engine/Shaders/Private/RayTracing/RayTracingDebugMS.usf" 2623
"../../../Engine/Shaders/Private/RayTracing/RayTracingDebugCHS.usf" 2624
"../../../Engine/Shaders/Private/RayTracing/RayTracingDebug.usf" 2625
"../../../Engine/Shaders/Private/RayTracing/RayTracingBuiltInShaders.usf" 2626
"../../../Engine/Shaders/Private/RayTracing/RayTracingBarycentrics.usf" 2627
"../../../Engine/Shaders/Private/RayTracing/RayTracingAmbientOcclusionRGS.usf" 2628
"../../../Engine/Shaders/Private/VisualizeShadingModels.usf" 2629
"../../../Engine/Shaders/Private/MotionBlur/VisualizeMotionVectors.usf" 2630
"../../../Engine/Shaders/Private/TemporalSuperResolution/TSRVisualize.usf" 2631
"../../../Engine/Shaders/Private/TemporalSuperResolution/TSRColorSpace.ush" 2632
"../../../Engine/Shaders/Private/TemporalSuperResolution/TSRCommon.ush" 2633
"../../../Engine/Shaders/Public/DualPixelVectorization.ush" 2634
"../../../Engine/Shaders/Private/TemporalSuperResolution/TSRReprojectionField.ush" 2635
"../../../Engine/Shaders/Private/TemporalSuperResolution/TSRResolveHistory.usf" 2636
"../../../Engine/Shaders/Private/TemporalSuperResolution/TSRConvolutionNetwork.ush" 2637
"../../../Engine/Shaders/Private/TemporalSuperResolution/TSRKernels.ush" 2638
"../../../Engine/Shaders/Public/LaneVectorization.ush" 2639
"../../../Engine/Shaders/Private/TemporalSuperResolution/TSRUpdateHistory.usf" 2640
"../../../Engine/Shaders/Private/TemporalSuperResolution/TSRSpatialAntiAliasing.ush" 2641
"../../../Engine/Shaders/Private/TemporalSuperResolution/TSRSpatialAntiAliasing.usf" 2642
"../../../Engine/Shaders/Private/TemporalSuperResolution/TSRRejectShading.usf" 2643
"../../../Engine/Shaders/Private/TemporalSuperResolution/TSRShadingAnalysis.ush" 2644
"../../../Engine/Shaders/Private/TemporalSuperResolution/TSRConvolutionNetworkPass.ush" 2645
"../../../Engine/Shaders/Private/TemporalSuperResolution/TSRDecimateHistory.usf" 2646
"../../../Engine/Shaders/Private/TemporalSuperResolution/TSRDepthVelocityAnalysis.ush" 2647
"../../../Engine/Shaders/Private/TemporalSuperResolution/TSRClosestOccluder.ush" 2648
"../../../Engine/Shaders/Private/TemporalSuperResolution/TSRWeightRelaxation.usf" 2649
"../../../Engine/Shaders/Private/TemporalSuperResolution/TSRThinGeometryCommon.ush" 2650
"../../../Engine/Shaders/Private/TemporalSuperResolution/TSRDetectThinGeometry.usf" 2651
"../../../Engine/Shaders/Private/TemporalSuperResolution/TSRDilateVelocity.usf" 2652
"../../../Engine/Shaders/Private/MotionBlur/MotionBlurVelocityFlatten.ush" 2653
"../../../Engine/Shaders/Private/MotionBlur/MotionBlurCommon.ush" 2654
"../../../Engine/Shaders/Private/TemporalSuperResolution/TSRClearPrevTextures.usf" 2655
"../../../Engine/Shaders/Private/TemporalSuperResolution/TSRMeasureCoverage.usf" 2656
"../../../Engine/Shaders/Private/TemporalSuperResolution/TSRMeasureFlickeringLuma.usf" 2657
"../../../Engine/Shaders/Private/TemporalAA.usf" 2658
"../../../Engine/Shaders/Private/FilterPixelShader.usf" 2659
"../../../Engine/Shaders/Private/FilterVertexShader.usf" 2660
"../../../Engine/Shaders/Private/VisualizeVirtualTexture.usf" 2661
"../../../Engine/Shaders/Private/PostProcessVisualizeBuffer.usf" 2662
"../../../Engine/Shaders/Private/PostProcessVisualizeLocalExposure.usf" 2663
"../../../Engine/Shaders/Private/PostProcessHistogramCommon.ush" 2664
"../../../Engine/Shaders/Private/TonemapCommon.ush" 2665
"../../../Engine/Shaders/Private/ACES/ACESCommon.ush" 2666
"../../../Engine/Shaders/Private/ACES/ACESOutputTransform.ush" 2667
"../../../Engine/Shaders/Private/ACES/ACESUtilities.ush" 2668
"../../../Engine/Shaders/Private/ACES/ACESTonescale.ush" 2669
"../../../Engine/Shaders/Private/ACES/ACESDisplayEncoding.ush" 2670
"../../../Engine/Shaders/Private/ACES/ACES_v1.3.ush" 2671
"../../../Engine/Shaders/Private/PostProcessVisualizeLevelInstance.usf" 2672
"../../../Engine/Shaders/Private/PostProcessVisualizeHDR.usf" 2673
"../../../Engine/Shaders/Private/ShaderComplexityApplyPixelShader.usf" 2674
"../../../Engine/Shaders/Private/QuadOverdraw.ush" 2675
"../../../Engine/Shaders/Private/PostProcessUpscale.usf" 2676
"../../../Engine/Shaders/Private/PostProcessTonemap.usf" 2677
"../../../Engine/Shaders/Private/PostProcessing/FilmGrainPackConstants.usf" 2678
"../../../Engine/Shaders/Private/PostProcessing/FilmGrainReduce.usf" 2679
"../../../Engine/Shaders/Private/PostProcessTestImage.usf" 2680
"../../../Engine/Shaders/Private/PostProcessSubsurface.usf" 2681
"../../../Engine/Shaders/Private/SeparableSSS.ush" 2682
"../../../Engine/Shaders/Private/SubsurfaceBurleyNormalized.ush" 2683
"../../../Engine/Shaders/Private/PostProcessSelectionOutline.usf" 2684
"../../../Engine/Shaders/Private/MotionBlur/MotionBlurVisualize.usf" 2685
"../../../Engine/Shaders/Private/MotionBlur/MotionBlurApply.usf" 2686
"../../../Engine/Shaders/Private/MotionBlur/MotionBlurFilterTileClassify.usf" 2687
"../../../Engine/Shaders/Private/MotionBlur/MotionBlurTileScatter.usf" 2688
"../../../Engine/Shaders/Private/MotionBlur/MotionBlurTileGather.usf" 2689
"../../../Engine/Shaders/Private/MotionBlur/MotionBlurVelocityFlatten.usf" 2690
"../../../Engine/Shaders/Private/PostProcessMobile.usf" 2691
"../../../Engine/Shaders/Private/PostProcessMitchellNetravali.usf" 2692
"../../../Engine/Shaders/Private/PostProcessMaterialShaders.usf" 2693
"../../../Engine/Shaders/Private/NeuralPostProcessCommon.usf" 2694
"../../../Engine/Shaders/Private/PostProcessLocalExposure.usf" 2695
"../../../Engine/Shaders/Private/PostProcessLensFlares.usf" 2696
"../../../Engine/Shaders/Private/PostProcessGBufferHints.usf" 2697
"../../../Engine/Shaders/Private/PostProcessHMD.usf" 2698
"../../../Engine/Shaders/Private/Histogram.usf" 2699
"../../../Engine/Shaders/Private/PostProcessHistogramReduce.usf" 2700
"../../../Engine/Shaders/Private/PostProcessHistogram.usf" 2701
"../../../Engine/Shaders/Private/Bloom/BloomFinalizeApplyConstants.usf" 2702
"../../../Engine/Shaders/Private/Bloom/BloomCommon.ush" 2703
"../../../Engine/Shaders/Private/Bloom/BloomResizeKernel.usf" 2704
"../../../Engine/Shaders/Private/Bloom/BloomDownsampleKernel.usf" 2705
"../../../Engine/Shaders/Private/Bloom/BloomClampKernel.usf" 2706
"../../../Engine/Shaders/Private/Bloom/BloomPackKernelConstants.usf" 2707
"../../../Engine/Shaders/Private/Bloom/BloomSumScatterDispersionEnergy.usf" 2708
"../../../Engine/Shaders/Private/Bloom/BloomReduceKernelSurvey.usf" 2709
"../../../Engine/Shaders/Private/Bloom/BloomSurveyKernelCenterEnergy.usf" 2710
"../../../Engine/Shaders/Private/Bloom/BloomSurveyMaxScatterDispersion.usf" 2711
"../../../Engine/Shaders/Private/Bloom/BloomFindKernelCenter.usf" 2712
"../../../Engine/Shaders/Private/PostProcessEyeAdaptation.usf" 2713
"../../../Engine/Shaders/Private/TranslucencyVolumeCommon.ush" 2714
"../../../Engine/Shaders/Private/PostProcessEyeAdaptationUtils.usf" 2715
"../../../Engine/Shaders/Private/PostProcessDownsample.usf" 2716
"../../../Engine/Shaders/Private/PostProcessDOF.usf" 2717
"../../../Engine/Shaders/Private/PostProcessDeviceEncodingOnly.usf" 2718
"../../../Engine/Shaders/Private/PostProcessCompositePrimitives.usf" 2719
"../../../Engine/Shaders/Private/PostProcessCombineLUTs.usf" 2720
"../../../Engine/Shaders/Private/PostProcessVisualizeDOF.usf" 2721
"../../../Engine/Shaders/Private/PostProcessBloom.usf" 2722
"../../../Engine/Shaders/Private/PostProcessAmbientOcclusionMobile.usf" 2723
"../../../Engine/Shaders/Private/PostProcessAmbientOcclusionCommon.ush" 2724
"../../../Engine/Shaders/Private/FXAAShader.usf" 2725
"../../../Engine/Shaders/Private/Fxaa3_11.ush" 2726
"../../../Engine/Shaders/Private/PaniniProjection.usf" 2727
"../../../Engine/Shaders/Private/DiaphragmDOF/DOFRecombine.usf" 2728
"../../../Engine/Shaders/Private/DiaphragmDOF/DOFHybridScatterPixelShader.usf" 2729
"../../../Engine/Shaders/Private/DiaphragmDOF/DOFHybridScatterCommon.ush" 2730
"../../../Engine/Shaders/Private/DiaphragmDOF/DOFVignetteCommon.ush" 2731
"../../../Engine/Shaders/Private/DiaphragmDOF/DOFHybridScatterVertexShader.usf" 2732
"../../../Engine/Shaders/Private/DiaphragmDOF/DOFPostfiltering.usf" 2733
"../../../Engine/Shaders/Private/DiaphragmDOF/DOFGatherTileSuggest.ush" 2734
"../../../Engine/Shaders/Private/DiaphragmDOF/DOFCocTileCommon.ush" 2735
"../../../Engine/Shaders/Private/DiaphragmDOF/DOFGatherPass.usf" 2736
"../../../Engine/Shaders/Private/DiaphragmDOF/DOFGatherCommon.ush" 2737
"../../../Engine/Shaders/Private/DiaphragmDOF/DOFGatherAccumulator.ush" 2738
"../../../Engine/Shaders/Private/DiaphragmDOF/DOFGatherKernel.ush" 2739
"../../../Engine/Shaders/Private/DiaphragmDOF/DOFBokehLUT.usf" 2740
"../../../Engine/Shaders/Private/DiaphragmDOF/DOFHybridScatterCompilation.usf" 2741
"../../../Engine/Shaders/Private/DiaphragmDOF/DOFReduce.usf" 2742
"../../../Engine/Shaders/Private/DiaphragmDOF/DOFDownsample.ush" 2743
"../../../Engine/Shaders/Private/DiaphragmDOF/DOFHybridScatterCompilation.ush" 2744
"../../../Engine/Shaders/Private/DiaphragmDOF/DOFDownsample.usf" 2745
"../../../Engine/Shaders/Private/DiaphragmDOF/DOFCocTileDilate.usf" 2746
"../../../Engine/Shaders/Private/DiaphragmDOF/DOFCocTileFlatten.usf" 2747
"../../../Engine/Shaders/Private/DiaphragmDOF/DOFSetup.usf" 2748
"../../../Engine/Shaders/Private/Tools/DebugAlphaChannel.usf" 2749
"../../../Engine/Shaders/Private/PostProcessAlphaInvert.usf" 2750
"../../../Engine/Shaders/Private/PlanarReflectionShaders.usf" 2751
"../../../Engine/Shaders/Private/PhysicsFieldVisualizer.usf" 2752
"../../../Engine/Shaders/Private/PathTracing/PathTracingSpatialTemporalDenoising.usf" 2753
"../../../Engine/Shaders/Private/ColorDifference.ush" 2754
"../../../Engine/Shaders/Private/PathTracing/PathTracingCompositingPixelShader.usf" 2755
"../../../Engine/Shaders/Private/PathTracing/PathTracingAdaptiveUtils.ush" 2756
"../../../Engine/Shaders/Private/PathTracing/PathTracingDefaultHitShader.usf" 2757
"../../../Engine/Shaders/Private/PathTracing/PathTracingGPULightmassMaterialHitShader.usf" 2758
"../../../Engine/Shaders/Private/PathTracing/PathTracingMaterialHitShader.usf" 2759
"../../../Engine/Shaders/Private/PathTracing/Material/PathTracingSubstrateCommon.ush" 2760
"../../../Engine/Shaders/Private/PathTracing/PathTracingLightingMissShader.usf" 2761
"../../../Engine/Shaders/Private/PathTracing/PathTracingMissShader.usf" 2762
"../../../Engine/Shaders/Private/PathTracing/PathTracingAdaptiveStart.usf" 2763
"../../../Engine/Shaders/Private/PathTracing/PathTracingBuildAdaptiveError.usf" 2764
"../../../Engine/Shaders/Private/PathTracing/PathTracingVolumetricCloudMaterialShader.usf" 2765
"../../../Engine/Shaders/Private/PathTracing/Volume/PathTracingCloudsMaterialCommon.ush" 2766
"../../../Engine/Shaders/Private/PathTracing/Volume/PathTracingVolumeCommon.ush" 2767
"../../../Engine/Shaders/Private/PathTracing/Volume/PathTracingCloudsCommon.ush" 2768
"../../../Engine/Shaders/Private/PathTracing/Volume/PathTracingFog.ush" 2769
"../../../Engine/Shaders/Private/PathTracing/Volume/PathTracingAtmosphere.ush" 2770
"../../../Engine/Shaders/Private/PathTracing/Volume/PathTracingAtmosphereCommon.ush" 2771
"../../../Engine/Shaders/Private/PathTracing/Volume/PathTracingVolumeSampling.ush" 2772
"../../../Engine/Shaders/Private/PathTracing/PathTracingBuildCloudAccelerationMap.usf" 2773
"../../../Engine/Shaders/Private/PathTracing/PathTracingBuildAtmosphereLUT.usf" 2774
"../../../Engine/Shaders/Private/PathTracing/PathTracingSwizzleScanlines.usf" 2775
"../../../Engine/Shaders/Private/PathTracing/PathTracingInitExtinctionCoefficient.usf" 2776
"../../../Engine/Shaders/Private/PathTracing/PathTracingCopyDepth.usf" 2777
"../../../Engine/Shaders/Private/PathTracing/PathTracingDebug.usf" 2778
"../../../Engine/Shaders/Private/RayTracing/RayTracingDecalGrid.ush" 2779
"../../../Engine/Shaders/Private/PathTracing/Material/PathTracingMaterialSampling.ush" 2780
"../../../Engine/Shaders/Private/PathTracing/Material/PathTracingLambert.ush" 2781
"../../../Engine/Shaders/Private/PathTracing/Material/PathTracingSubstrate.ush" 2782
"../../../Engine/Shaders/Private/PathTracing/Material/PathTracingSubstrateFoliage.ush" 2783
"../../../Engine/Shaders/Private/PathTracing/Material/PathTracingSubstrateSolidGlass.ush" 2784
"../../../Engine/Shaders/Private/PathTracing/Material/PathTracingSubstrateThinGlass.ush" 2785
"../../../Engine/Shaders/Private/PathTracing/Material/PathTracingSolidGlass.ush" 2786
"../../../Engine/Shaders/Private/PathTracing/Material/PathTracingEnergyConservation.ush" 2787
"../../../Engine/Shaders/Private/PathTracing/Material/PathTracingThinGlass.ush" 2788
"../../../Engine/Shaders/Private/PathTracing/Material/PathTracingDefaultLit.ush" 2789
"../../../Engine/Shaders/Private/PathTracing/Material/PathTracingClearCoat.ush" 2790
"../../../Engine/Shaders/Private/PathTracing/Material/PathTracingTwoSidedFoliage.ush" 2791
"../../../Engine/Shaders/Private/PathTracing/Material/PathTracingCloth.ush" 2792
"../../../Engine/Shaders/Private/PathTracing/Material/PathTracingSubsurfaceProfile.ush" 2793
"../../../Engine/Shaders/Private/PathTracing/Material/PathTracingEye.ush" 2794
"../../../Engine/Shaders/Private/PathTracing/Material/PathTracingHair.ush" 2795
"../../../Engine/Shaders/Private/PathTracing/Material/PathTracingMedium.ush" 2796
"../../../Engine/Shaders/Private/PathTracing/Light/PathTracingLightSampling.ush" 2797
"../../../Engine/Shaders/Private/PathTracing/Light/PathTracingLightCommon.ush" 2798
"../../../Engine/Shaders/Private/PathTracing/Light/PathTracingDirectionalLight.ush" 2799
"../../../Engine/Shaders/Private/PathTracing/Light/PathTracingPointLight.ush" 2800
"../../../Engine/Shaders/Private/PathTracing/Light/PathTracingCapsuleLight.ush" 2801
"../../../Engine/Shaders/Private/PathTracing/Light/PathTracingRectLight.ush" 2802
"../../../Engine/Shaders/Private/PathTracing/Light/PathTracingSkyLight.ush" 2803
"../../../Engine/Shaders/Private/PathTracing/Light/PathTracingLightGrid.ush" 2804
"../../../Engine/Shaders/Private/PathTracing/PathTracing.usf" 2805
"../../../Engine/Shaders/Private/PathTracing/PathTracingCore.ush" 2806
"../../../Engine/Shaders/Private/HeterogeneousVolumes/HeterogeneousVolumesVoxelGridTypes.ush" 2807
"../../../Engine/Shaders/Private/PathTracing/Volume/PathTracingVolume.ush" 2808
"../../../Engine/Shaders/Private/PathTracing/Volume/PathTracingClouds.ush" 2809
"../../../Engine/Shaders/Private/PathTracing/Volume/PathTracingHeterogeneousVolumes.ush" 2810
"../../../Engine/Shaders/Private/HeterogeneousVolumes/HeterogeneousVolumesVoxelGridTraversal.ush" 2811
"../../../Engine/Shaders/Private/HeterogeneousVolumes/HeterogeneousVolumesVoxelGridUtils.ush" 2812
"../../../Engine/Shaders/Private/HeterogeneousVolumes/HeterogeneousVolumesFrustumVoxelGridUtils.ush" 2813
"../../../Engine/Shaders/Private/PathTracing/PathTracingBuildLightGrid.usf" 2814
"../../../Engine/Shaders/Private/PathTracing/PathTracingSkylightMISCompensation.usf" 2815
"../../../Engine/Shaders/Private/PathTracing/PathTracingSkylightPrepare.usf" 2816
"../../../Engine/Shaders/Private/OIT/OITSorting.usf" 2817
"../../../Engine/Shaders/Private/OITCombine.usf" 2818
"../../../Engine/Shaders/Private/OITCommon.ush" 2819
"../../../Engine/Shaders/Private/Nanite/Voxel/RasterizeBricks.usf" 2820
"../../../Engine/Shaders/Private/Nanite/Voxel/Brick.ush" 2821
"../../../Engine/Shaders/Private/Nanite/Voxel/Voxel.ush" 2822
"../../../Engine/Shaders/Private/Nanite/Voxel/ScatterBricks.usf" 2823
"../../../Engine/Shaders/Private/Nanite/Voxel/TileBricks.usf" 2824
"../../../Engine/Shaders/Private/Nanite/Voxel/AutoVoxel.usf" 2825
"../../../Engine/Shaders/Private/Nanite/NaniteDebugViews.usf" 2826
"../../../Engine/Shaders/Private/Nanite/NaniteEditorCommon.ush" 2827
"../../../Engine/Shaders/Private/BinarySearch.ush" 2828
"../../../Engine/Shaders/Private/Nanite/NaniteDepthDecode.usf" 2829
"../../../Engine/Shaders/Private/HTileEncoding.ush" 2830
"../../../Engine/Shaders/Private/Nanite/NaniteVisualize.usf" 2831
"../../../Engine/Shaders/Private/Nanite/NaniteStreamOut.usf" 2832
"../../../Engine/Shaders/Private/Nanite/NaniteHierarchyTraversal.ush" 2833
"../../../Engine/Shaders/Private/Nanite/NaniteSkinningUpdateViewData.usf" 2834
"../../../Engine/Shaders/Private/Skinning/TransformProviders.usf" 2835
"../../../Engine/Shaders/Private/Nanite/NaniteShadeBinning.usf" 2836
"../../../Engine/Shaders/Private/Nanite/NaniteShadeCommon.ush" 2837
"../../../Engine/Shaders/Private/Nanite/NaniteFastClear.usf" 2838
"../../../Engine/Shaders/Private/Nanite/NaniteExportGBuffer.usf" 2839
"../../../Engine/Shaders/Private/Nanite/NaniteClusterCulling.usf" 2840
"../../../Engine/Shaders/Private/Nanite/NanitePrintStats.usf" 2841
"../../../Engine/Shaders/Private/Nanite/NaniteRasterizer.usf" 2842
"../../../Engine/Shaders/Private/Nanite/NaniteRasterizationCommon.ush" 2843
"../../../Engine/Shaders/Private/Nanite/NaniteRasterizer.ush" 2844
"../../../Engine/Shaders/Private/Nanite/NaniteWritePixel.ush" 2845
"../../../Engine/Shaders/Private/Nanite/NaniteTessellation.ush" 2846
"../../../Engine/Shaders/Private/WorkDistribution.ush" 2847
"../../../Engine/Shaders/Private/Nanite/NaniteDice.ush" 2848
"../../../Engine/Shaders/Private/ShaderBundleWorkGraphCommon.ush" 2849
"../../../Engine/Shaders/Public/RootConstants.ush" 2850
"../../../Engine/Shaders/Public/Platform/D3D/D3DRootConstants.ush" 2851
"../../../Engine/Shaders/Private/Nanite/NaniteSplit.usf" 2852
"../../../Engine/Shaders/Private/Nanite/NaniteRasterBinning.usf" 2853
"../../../Engine/Shaders/Private/Nanite/NaniteInstanceCulling.usf" 2854
"../../../Engine/Shaders/Private/Nanite/NaniteImposter.ush" 2855
"../../../Engine/Shaders/Private/Nanite/NaniteInstanceHierarchyCulling.usf" 2856
"../../../Engine/Shaders/Private/WorkGroupLoadBalancer.ush" 2857
"../../../Engine/Shaders/Private/Nanite/NanitePrimitiveFilter.usf" 2858
"../../../Engine/Shaders/Private/Nanite/NaniteRasterClear.usf" 2859
"../../../Engine/Shaders/Private/Nanite/NaniteDepthExport.usf" 2860
"../../../Engine/Shaders/Private/Nanite/NaniteEmitShadow.usf" 2861
"../../../Engine/Shaders/Private/MobileDeferredUtils.usf" 2862
"../../../Engine/Shaders/Private/MobileLocalLightsBuffer.usf" 2863
"../../../Engine/Shaders/Private/MobileFog.usf" 2864
"../../../Engine/Shaders/Private/DistortApplyScreenPS.usf" 2865
"../../../Engine/Shaders/Private/MobileDeferredShading.usf" 2866
"../../../Engine/Shaders/Private/MobileBasePassPixelShader.usf" 2867
"../../../Engine/Shaders/Private/MobileBasePassCommon.ush" 2868
"../../../Engine/Shaders/Private/BasePassCommon.ush" 2869
"../../../Engine/Shaders/Private/ShadingModelsMaterial.ush" 2870
"../../../Engine/Shaders/Private/ThinTranslucentCommon.ush" 2871
"../../../Engine/Shaders/Private/SingleLayerWaterShading.ush" 2872
"../../../Engine/Shaders/Private/DistortionCommon.ush" 2873
"../../../Engine/Shaders/Private/Substrate/SubstrateMobileForwardLighting.ush" 2874
"../../../Engine/Shaders/Private/MobileBasePassVertexShader.usf" 2875
"../../../Engine/Shaders/Private/MeshEdges.usf" 2876
"../../../Engine/Shaders/Private/MegaLights/MegaLightsVSMTracing.usf" 2877
"../../../Engine/Shaders/Private/MegaLights/MegaLights.ush" 2878
"../../../Engine/Shaders/Shared/MegaLightsDefinitions.h" 2879
"../../../Engine/Shaders/Private/HairStrands/HairStrandsVisibilityUtils.ush" 2880
"../../../Engine/Shaders/Private/MegaLights/MegaLightsRayTracing.ush" 2881
"../../../Engine/Shaders/Private/MegaLights/MegaLightsRayTracing.usf" 2882
"../../../Engine/Shaders/Private/DistanceField/GlobalDistanceFieldUtils.ush" 2883
"../../../Engine/Shaders/Private/Lumen/LumenScreenTracing.ush" 2884
"../../../Engine/Shaders/Private/MegaLights/MegaLightsVolumeRayTracing.usf" 2885
"../../../Engine/Shaders/Private/MegaLights/MegaLightsVolume.ush" 2886
"../../../Engine/Shaders/Private/MegaLights/MegaLightsVolumeHardwareRayTracing.usf" 2887
"../../../Engine/Shaders/Private/Lumen/LumenHardwareRayTracingCommon.ush" 2888
"../../../Engine/Shaders/Private/RayTracing/RayTracingReflectionEnvironment.ush" 2889
"../../../Engine/Shaders/Private/Lumen/LumenHardwareRayTracingPlatformCommon.ush" 2890
"../../../Engine/Shaders/Private/Lumen/LumenReflectionsCombine.ush" 2891
"../../../Engine/Shaders/Private/Lumen/LumenTracingCommon.ush" 2892
"../../../Engine/Shaders/Private/Lumen/SurfaceCache/LumenSurfaceCacheSampling.ush" 2893
"../../../Engine/Shaders/Private/Lumen/SurfaceCache/LumenSurfaceCache.ush" 2894
"../../../Engine/Shaders/Private/Lumen/LumenCardCommon.ush" 2895
"../../../Engine/Shaders/Private/Lumen/LumenCardTileShadowDownsampleFactor.ush" 2896
"../../../Engine/Shaders/Private/MegaLights/MegaLightsHardwareRayTracing.usf" 2897
"../../../Engine/Shaders/Private/MegaLights/MegaLights.usf" 2898
"../../../Engine/Shaders/Private/MegaLights/MegaLightsShading.ush" 2899
"../../../Engine/Shaders/Private/MegaLights/MegaLightsFilterVisibleLightHash.usf" 2900
"../../../Engine/Shaders/Private/MegaLights/MegaLightsDenoiserSpatial.usf" 2901
"../../../Engine/Shaders/Private/Lumen/LumenReflectionDenoiserCommon.ush" 2902
"../../../Engine/Shaders/Private/MegaLights/MegaLightsDenoiserTemporal.usf" 2903
"../../../Engine/Shaders/Private/MegaLights/MegaLightsShading.usf" 2904
"../../../Engine/Shaders/Private/StochasticLighting/StochasticLightingUpsample.ush" 2905
"../../../Engine/Shaders/Private/MegaLights/MegaLightsVisibleLightHash.usf" 2906
"../../../Engine/Shaders/Private/MegaLights/MegaLightsVolumeShading.usf" 2907
"../../../Engine/Shaders/Private/MegaLights/MegaLightsSampling.usf" 2908
"../../../Engine/Shaders/Private/MegaLights/MegaLightsSampling.ush" 2909
"../../../Engine/Shaders/Private/MegaLights/MegaLightsVolumeSampling.usf" 2910
"../../../Engine/Shaders/Private/MaterialCache/MaterialCacheABufferPages.usf" 2911
"../../../Engine/Shaders/Private/MaterialCache/MaterialCacheShade.usf" 2912
"../../../Engine/Shaders/Private/MaterialCache/MaterialCacheUnwrapNaniteShade.usf" 2913
"../../../Engine/Shaders/Private/MaterialCache/MaterialCacheUnwrapPixelShader.usf" 2914
"../../../Engine/Shaders/Private/MaterialCache/MaterialCacheUnwrapVertexShader.usf" 2915
"../../../Engine/Shaders/Private/Lumen/LumenVisualizeRadianceCache.usf" 2916
"../../../Engine/Shaders/Private/Lumen/LumenRadianceCacheCommon.ush" 2917
"../../../Engine/Shaders/Private/Lumen/LumenVisualizeHardwareRayTracing.usf" 2918
"../../../Engine/Shaders/Private/Lumen/LumenVisualize.ush" 2919
"../../../Engine/Shaders/Private/Lumen/LumenHairTracing.ush" 2920
"../../../Engine/Shaders/Private/Lumen/LumenVisualize.usf" 2921
"../../../Engine/Shaders/Private/Lumen/LumenSoftwareRayTracing.ush" 2922
"../../../Engine/Shaders/Private/DistanceField/GlobalDistanceFieldObjectGrid.ush" 2923
"../../../Engine/Shaders/Private/DistanceFieldLightingShared.ush" 2924
"../../../Engine/Shaders/Private/Lumen/LumenVisualizeTraces.ush" 2925
"../../../Engine/Shaders/Private/Lumen/LumenTranslucencyVolumeLighting.usf" 2926
"../../../Engine/Shaders/Private/Lumen/LumenRadianceCacheMarkCommon.ush" 2927
"../../../Engine/Shaders/Private/Lumen/LumenTranslucencyVolumeLightingShared.ush" 2928
"../../../Engine/Shaders/Private/Lumen/LumenScreenProbeCommon.ush" 2929
"../../../Engine/Shaders/Private/RayTracing/RayGenUtils.ush" 2930
"../../../Engine/Shaders/Private/Lumen/LumenRadianceCacheTracingCommon.ush" 2931
"../../../Engine/Shaders/Private/Lumen/LumenTranslucencyVolumeHardwareRayTracing.usf" 2932
"../../../Engine/Shaders/Private/Lumen/LumenTranslucencyRadianceCacheMarkShaders.usf" 2933
"../../../Engine/Shaders/Private/Lumen/SurfaceCache/LumenSurfaceCache.usf" 2934
"../../../Engine/Shaders/Private/Lumen/LumenShortRangeAOHardwareRayTracing.usf" 2935
"../../../Engine/Shaders/Private/Lumen/LumenScreenSpaceBentNormal.ush" 2936
"../../../Engine/Shaders/Private/Lumen/LumenScreenSpaceBentNormal.usf" 2937
"../../../Engine/Shaders/Private/Lumen/LumenScreenProbeTracing.usf" 2938
"../../../Engine/Shaders/Private/Lumen/LumenScreenProbeTracingCommon.ush" 2939
"../../../Engine/Shaders/Private/Lumen/LumenFloatQuantization.ush" 2940
"../../../Engine/Shaders/Private/Lumen/LumenScreenProbeImportanceSampling.usf" 2941
"../../../Engine/Shaders/Private/Lumen/LumenScreenProbeImportanceSamplingShared.ush" 2942
"../../../Engine/Shaders/Private/Lumen/LumenScreenProbeHardwareRayTracing.usf" 2943
"../../../Engine/Shaders/Private/Lumen/LumenScreenProbeDebug.usf" 2944
"../../../Engine/Shaders/Private/Lumen/LumenScreenProbeGather.usf" 2945
"../../../Engine/Shaders/Private/Lumen/LumenScreenProbeGatherTemporal.usf" 2946
"../../../Engine/Shaders/Private/Lumen/LumenScreenProbeFiltering.usf" 2947
"../../../Engine/Shaders/Private/Lumen/LumenSceneLighting.usf" 2948
"../../../Engine/Shaders/Private/Lumen/LumenCardTile.ush" 2949
"../../../Engine/Shaders/Private/Lumen/LumenSceneLighting.ush" 2950
"../../../Engine/Shaders/Private/Lumen/Radiosity/LumenRadiosity.ush" 2951
"../../../Engine/Shaders/Private/Lumen/LumenSceneLightingDebug.usf" 2952
"../../../Engine/Shaders/Private/Lumen/LumenScene.usf" 2953
"../../../Engine/Shaders/Private/Lumen/LumenSceneDirectLightingHardwareRayTracing.usf" 2954
"../../../Engine/Shaders/Private/Lumen/LumenSceneDirectLightingStochastic.ush" 2955
"../../../Engine/Shaders/Private/Lumen/LumenReflectionCommon.ush" 2956
"../../../Engine/Shaders/Private/Lumen/LumenSceneDirectLighting.ush" 2957
"../../../Engine/Shaders/Private/Lumen/LumenSceneDebugHardwareRayTracing.usf" 2958
"../../../Engine/Shaders/Private/Lumen/LumenSceneDirectLightingStochastic.usf" 2959
"../../../Engine/Shaders/Private/Lumen/LumenSceneDirectLightingSoftwareRayTracing.usf" 2960
"../../../Engine/Shaders/Private/DistanceFieldShadowingShared.ush" 2961
"../../../Engine/Shaders/Private/Lumen/LumenSceneDirectLightingPerLightShadowCommon.ush" 2962
"../../../Engine/Shaders/Private/Lumen/LumenSceneDirectLightingShadowMask.usf" 2963
"../../../Engine/Shaders/Private/Lumen/LumenSceneDirectLighting.usf" 2964
"../../../Engine/Shaders/Private/Lumen/LumenSceneDirectLightingCulling.usf" 2965
"../../../Engine/Shaders/Private/Lumen/LumenCardComputeShader.usf" 2966
"../../../Engine/Shaders/Private/Lumen/LumenCardBasePass.ush" 2967
"../../../Engine/Shaders/Private/Lumen/LumenCardPixelShader.usf" 2968
"../../../Engine/Shaders/Private/Lumen/LumenCardVertexShader.usf" 2969
"../../../Engine/Shaders/Private/Lumen/LumenReSTIRGather.usf" 2970
"../../../Engine/Shaders/Private/Lumen/LumenReflectionTracing.usf" 2971
"../../../Engine/Shaders/Private/Lumen/LumenReflectionDenoiserSpatial.usf" 2972
"../../../Engine/Shaders/Private/Lumen/LumenReflectionDenoiserClear.usf" 2973
"../../../Engine/Shaders/Private/Lumen/LumenReflectionDenoiserTemporal.usf" 2974
"../../../Engine/Shaders/Private/Lumen/LumenReflectionResolve.usf" 2975
"../../../Engine/Shaders/Private/Lumen/LumenReflections.usf" 2976
"../../../Engine/Shaders/Private/Lumen/RayTracedTranslucency.usf" 2977
"../../../Engine/Shaders/Private/Lumen/LumenReflectionHardwareRayTracing.usf" 2978
"../../../Engine/Shaders/Private/Lumen/Radiosity/LumenVisualizeRadiosityProbes.usf" 2979
"../../../Engine/Shaders/Private/Lumen/Radiosity/LumenRadiosity.usf" 2980
"../../../Engine/Shaders/Private/Lumen/Radiosity/LumenRadiosityHardwareRayTracing.usf" 2981
"../../../Engine/Shaders/Private/Lumen/Radiosity/LumenRadiosityCulling.usf" 2982
"../../../Engine/Shaders/Private/Lumen/LumenRadianceCacheHardwareRayTracing.usf" 2983
"../../../Engine/Shaders/Private/Lumen/LumenRadianceCache.usf" 2984
"../../../Engine/Shaders/Private/Lumen/LumenRadianceCacheUpdate.ush" 2985
"../../../Engine/Shaders/Private/Lumen/LumenRadianceCacheDebug.usf" 2986
"../../../Engine/Shaders/Private/Lumen/LumenRadianceCacheUpdate.usf" 2987
"../../../Engine/Shaders/Private/Lumen/LumenMeshSDFCulling.usf" 2988
"../../../Engine/Shaders/Private/HybridIndirectLighting.ush" 2989
"../../../Engine/Shaders/Private/MeshDistanceFieldCommon.ush" 2990
"../../../Engine/Shaders/Private/Lumen/LumenIrradianceFieldGather.usf" 2991
"../../../Engine/Shaders/Private/Lumen/LumenHardwareRayTracingMaterials.usf" 2992
"../../../Engine/Shaders/Private/Lumen/LumenFrontLayerTranslucency.usf" 2993
"../../../Engine/Shaders/Private/LocalFogVolumes/LocalFogVolumeSplat.usf" 2994
"../../../Engine/Shaders/Private/LocalFogVolumes/LocalFogVolumeTiledCulling.usf" 2995
"../../../Engine/Shaders/Private/LightShaftShader.usf" 2996
"../../../Engine/Shaders/Private/StationaryLightOverlapShaders.usf" 2997
"../../../Engine/Shaders/Private/DeferredLightPixelShaders.usf" 2998
"../../../Engine/Shaders/Private/DeferredLightVertexShaders.usf" 2999
"../../../Engine/Shaders/Private/LightMapDensityShader.usf" 3000
"../../../Engine/Shaders/Private/LightGridInjection.usf" 3001
"../../../Engine/Shaders/Shared/LightGridDefinitions.h" 3002
"../../../Engine/Shaders/Private/LightFunctionPixelShader.usf" 3003
"../../../Engine/Shaders/Private/LightFunctionVertexShader.usf" 3004
"../../../Engine/Shaders/Private/LightFunctionAtlas/LightFunctionAtlasRender.usf" 3005
"../../../Engine/Shaders/Private/InstanceCulling/InstanceCullingOcclusionQuery.usf" 3006
"../../../Engine/Shaders/Private/InstanceCulling/InstanceCullingSetup.ush" 3007
"../../../Engine/Shaders/Private/InstanceCulling/BuildInstanceDrawCommands.usf" 3008
"../../../Engine/Shaders/Private/InstanceCulling/InstanceCompactionCommon.ush" 3009
"../../../Engine/Shaders/Private/SceneDataMobileWriter.ush" 3010
"../../../Engine/Shaders/Private/InstanceCulling/CompactVisibleInstances.usf" 3011
"../../../Engine/Shaders/Private/ReflectionEnvironmentPixelShader.usf" 3012
"../../../Engine/Shaders/Private/AmbientCubemapComposite.usf" 3013
"../../../Engine/Shaders/Private/DiffuseIndirectComposite.usf" 3014
"../../../Engine/Shaders/Private/IESAtlas.usf" 3015
"../../../Engine/Shaders/Private/HeterogeneousVolumes/HeterogeneousVolumesVoxelGridShadows.usf" 3016
"../../../Engine/Shaders/Private/HeterogeneousVolumes/HeterogeneousVolumesStochasticFiltering.ush" 3017
"../../../Engine/Shaders/Private/HeterogeneousVolumes/HeterogeneousVolumesVoxelGridRenderingUtils.ush" 3018
"../../../Engine/Shaders/Private/HeterogeneousVolumes/HeterogeneousVolumesLightingUtils.ush" 3019
"../../../Engine/Shaders/Private/HeterogeneousVolumes/HeterogeneousVolumesVoxelGridRendering.usf" 3020
"../../../Engine/Shaders/Private/HeterogeneousVolumes/HeterogeneousVolumesVoxelGridPipeline.usf" 3021
"../../../Engine/Shaders/Private/HeterogeneousVolumes/HeterogeneousVolumesMaterialBakingPipeline.usf" 3022
"../../../Engine/Shaders/Private/HeterogeneousVolumes/HeterogeneousVolumesLiveShadingUtils.ush" 3023
"../../../Engine/Shaders/Private/HeterogeneousVolumes/HeterogeneousVolumesFrustumVoxelGrid.usf" 3024
"../../../Engine/Shaders/Private/HeterogeneousVolumes/HeterogeneousVolumesSparseVoxelPipeline.usf" 3025
"../../../Engine/Shaders/Private/HeterogeneousVolumes/HeterogeneousVolumesSparseVoxelUtils.ush" 3026
"../../../Engine/Shaders/Private/HeterogeneousVolumes/HeterogeneousVolumesSparseVoxelUniformBufferUtils.ush" 3027
"../../../Engine/Shaders/Private/HeterogeneousVolumes/HeterogeneousVolumesPreshadingPipeline.usf" 3028
"../../../Engine/Shaders/Private/HeterogeneousVolumes/HeterogeneousVolumesLiveShadingShadows.usf" 3029
"../../../Engine/Shaders/Private/HeterogeneousVolumes/HeterogeneousVolumesLiveShadingGlobalPipeline.usf" 3030
"../../../Engine/Shaders/Private/HeterogeneousVolumes/HeterogeneousVolumesLiveShadingPipeline.usf" 3031
"../../../Engine/Shaders/Private/HeterogeneousVolumes/HeterogeneousVolumesHardwareRayTracing.usf" 3032
"../../../Engine/Shaders/Private/HeterogeneousVolumes/HeterogeneousVolumesAmbientOcclusionPipeline.usf" 3033
"../../../Engine/Shaders/Private/HeterogeneousVolumes/HeterogeneousVolumesComposite.usf" 3034
"../../../Engine/Shaders/Private/HdrCustomResolveShaders.usf" 3035
"../../../Engine/Shaders/Private/HairStrands/RenderCurveRaster.usf" 3036
"../../../Engine/Shaders/Private/HairStrands/HairStrandsVoxelRasterCompute.usf" 3037
"../../../Engine/Shaders/Private/HairStrands/HairStrandsHitProxy.usf" 3038
"../../../Engine/Shaders/Private/HairStrands/HairStrandsVisibilityRasterComputeNaive.usf" 3039
"../../../Engine/Shaders/Private/HairStrands/HairStrandsVisibilityRasterHW.usf" 3040
"../../../Engine/Shaders/Private/HairStrands/HairStrandsVisibilityRasterCompute.usf" 3041
"../../../Engine/Shaders/Private/HairStrands/HairStrandsVisibilityRasterClassification.usf" 3042
"../../../Engine/Shaders/Private/HairStrands/HairStrandsCoverage.usf" 3043
"../../../Engine/Shaders/Private/HairStrands/HairStrandsVisibilityDepthPS.usf" 3044
"../../../Engine/Shaders/Private/HairStrands/HairStrandsVisibilityTransmittanceDepthPS.usf" 3045
"../../../Engine/Shaders/Private/HairStrands/HairStrandsVisibilityFillOpaqueDepthPS.usf" 3046
"../../../Engine/Shaders/Private/HairStrands/HairStrandsVisibilityCompactionComputeRaster.usf" 3047
"../../../Engine/Shaders/Private/HairStrands/HairStrandsVisibilityCompaction.usf" 3048
"../../../Engine/Shaders/Private/HairStrands/HairStrandsVisibilityCopyIndirectArg.usf" 3049
"../../../Engine/Shaders/Private/HairStrands/HairStrandsVisibilityClearPS.usf" 3050
"../../../Engine/Shaders/Private/HairStrands/HairStrandsVisibilityPS.usf" 3051
"../../../Engine/Shaders/Private/HairStrands/HairStrandsVisibilityVS.usf" 3052
"../../../Engine/Shaders/Private/HairStrands/HairStrandsVelocity.usf" 3053
"../../../Engine/Shaders/Private/HairStrands/HairStrandsVisibilityComputeSampleCoverage.usf" 3054
"../../../Engine/Shaders/Private/HairStrands/HairStrandsMaterialPS.usf" 3055
"../../../Engine/Shaders/Private/HairStrands/HairStrandsMaterialCommon.ush" 3056
"../../../Engine/Shaders/Private/HairStrands/HairStrandsMaterialVS.usf" 3057
"../../../Engine/Shaders/Private/HairStrands/HairStrandsLightSample.usf" 3058
"../../../Engine/Shaders/Private/HairStrands/HairStrandsDeepShadowMask.usf" 3059
"../../../Engine/Shaders/Private/HairStrands/HairStrandsDeepTransmittanceMask.usf" 3060
"../../../Engine/Shaders/Private/HairStrands/HairStrandsVisibilityTile.usf" 3061
"../../../Engine/Shaders/Private/HairStrands/HairStrandsDeepShadowPS.usf" 3062
"../../../Engine/Shaders/Private/HairStrands/HairStrandsDeepShadowVS.usf" 3063
"../../../Engine/Shaders/Private/HairStrands/HairStrandsAABB.usf" 3064
"../../../Engine/Shaders/Private/HairStrands/HairStrandsLUT.usf" 3065
"../../../Engine/Shaders/Private/HairStrands/HairStrandsForwardRaster.usf" 3066
"../../../Engine/Shaders/Private/HairStrands/HairStrandsForwardCulling.usf" 3067
"../../../Engine/Shaders/Private/HairStrands/HairStrandsEnvironmentLighting.usf" 3068
"../../../Engine/Shaders/Private/HairStrands/HairStrandsEnvironmentAO.usf" 3069
"../../../Engine/Shaders/Private/HairStrands/HairStrandsDeepShadowAllocation.usf" 3070
"../../../Engine/Shaders/Private/HairStrands/HairStrandsVoxelDebug.usf" 3071
"../../../Engine/Shaders/Private/HairStrands/HairStrandsComposition.usf" 3072
"../../../Engine/Shaders/Private/HairStrands/HairStrandsGBufferCommon.ush" 3073
"../../../Engine/Shaders/Private/GPUScene/GPUSceneDataManagement.usf" 3074
"../../../Engine/Shaders/Private/GPUSceneDebugRender.usf" 3075
"../../../Engine/Shaders/Private/GPUFeedbackCompaction.usf" 3076
"../../../Engine/Shaders/Private/GPUFastFourierTransform.usf" 3077
"../../../Engine/Shaders/Private/GPUFastFourierTransform2DCore.ush" 3078
"../../../Engine/Shaders/Private/GPUFastFourierTransformCore.ush" 3079
"../../../Engine/Shaders/Private/GPUBenchmark.usf" 3080
"../../../Engine/Shaders/Private/DistanceField/GlobalDistanceFieldDebug.usf" 3081
"../../../Engine/Shaders/Private/DistanceField/GlobalDistanceFieldUpdate.ush" 3082
"../../../Engine/Shaders/Private/DistanceField/GlobalDistanceFieldMip.usf" 3083
"../../../Engine/Shaders/Private/DistanceField/GlobalDistanceField.usf" 3084
"../../../Engine/Shaders/Private/DistanceField/GlobalDistanceFieldCompositeObjects.usf" 3085
"../../../Engine/Shaders/Private/DistanceField/GlobalDistanceFieldHeightfields.usf" 3086
"../../../Engine/Shaders/Private/HeightfieldLightingShared.ush" 3087
"../../../Engine/Shaders/Private/GenerateConservativeDepth.usf" 3088
"../../../Engine/Shaders/Private/HeightFogPixelShader.usf" 3089
"../../../Engine/Shaders/Private/HeightFogVertexShader.usf" 3090
"../../../Engine/Shaders/Private/DistortFiltering.usf" 3091
"../../../Engine/Shaders/Private/DistortAccumulatePS.usf" 3092
"../../../Engine/Shaders/Private/DistortAccumulateVS.usf" 3093
"../../../Engine/Shaders/Private/DistanceFieldVisualization.usf" 3094
"../../../Engine/Shaders/Private/DistanceFieldStreaming.usf" 3095
"../../../Engine/Shaders/Private/DistanceFieldShadowing.usf" 3096
"../../../Engine/Shaders/Private/DistanceFieldScreenGridLighting.usf" 3097
"../../../Engine/Shaders/Private/DistanceFieldObjectCulling.usf" 3098
"../../../Engine/Shaders/Private/DistanceFieldLightingPost.usf" 3099
"../../../Engine/Shaders/Private/DitheredTransitionStencil.usf" 3100
"../../../Engine/Shaders/Private/CopyDepthTexture.usf" 3101
"../../../Engine/Shaders/Private/CopyDepthTextureCS.usf" 3102
"../../../Engine/Shaders/Private/DeferredDecal.usf" 3103
"../../../Engine/Shaders/Private/DecalCommon.ush" 3104
"../../../Engine/Shaders/Private/DebugViewModeVertexShader.usf" 3105
"../../../Engine/Shaders/Private/DebugViewModeCommon.ush" 3106
"../../../Engine/Shaders/Private/DebugViewModePixelShader.usf" 3107
"../../../Engine/Shaders/Private/DebugProbes.usf" 3108
"../../../Engine/Shaders/Private/MeshDecals.usf" 3109
"../../../Engine/Shaders/Private/PostProcessAmbientOcclusion.usf" 3110
"../../../Engine/Shaders/Private/ClusteredDeferredShadingPixelShader.usf" 3111
"../../../Engine/Shaders/Private/ClusteredDeferredShadingVertexShader.usf" 3112
"../../../Engine/Shaders/Private/CapsuleShadowShaders.usf" 3113
"../../../Engine/Shaders/Private/BasePassPixelShader.usf" 3114
"../../../Engine/Shaders/Private/ForwardLightingCommon.ush" 3115
"../../../Engine/Shaders/Private/Substrate/SubstrateForwardLighting.ush" 3116
"../../../Engine/Shaders/Private/ComputeShaderOutputCommon.ush" 3117
"../../../Engine/Shaders/Private/BasePassVertexShader.usf" 3118
"../../../Engine/Shaders/Private/BasePassVertexCommon.ush" 3119
"../../../Engine/Shaders/Private/SimpleElementVolumeTexturePreviewPixelShader.usf" 3120
"../../../Engine/Shaders/Private/SimpleElementTexture2DPreviewPixelShader.usf" 3121
"../../../Engine/Shaders/Private/meshpaintdilatepixelshader.usf" 3122
"../../../Engine/Shaders/Private/meshpaintdilatevertexshader.usf" 3123
"../../../Engine/Shaders/Private/MeshPaintPixelShader.usf" 3124
"../../../Engine/Shaders/Private/MeshPaintVertexShader.usf" 3125
"../../../Engine/Shaders/Private/SlateElementPixelShader.usf" 3126
"../../../Engine/Shaders/Private/SlateShaderCommon.ush" 3127
"../../../Engine/Shaders/Private/SlateMaskingShader.usf" 3128
"../../../Engine/Shaders/Private/SlateVertexShader.usf" 3129
"../../../Engine/Shaders/Private/CompositeUIPixelShader.usf" 3130
"../../../Engine/Shaders/Private/ColorDeficiency.ush" 3131
"../../../Engine/Shaders/Private/SlatePostProcessColorDeficiencyPixelShader.usf" 3132
"../../../Engine/Shaders/Private/SlatePostProcessPixelShader.usf" 3133
"../../../Engine/Shaders/Private/Tools/VisualizeTexture.usf" 3134
"../../../Engine/Shaders/Private/UpdateDescriptorHandle.usf" 3135
"../../../Engine/Shaders/Private/ByteBuffer.usf" 3136
"../../../Engine/Shaders/Private/ShaderBundleWorkGraphDispatch.usf" 3137
"../../../Engine/Shaders/Private/ShaderBundleDispatch.usf" 3138
"../../../Engine/Shaders/Private/ResolveVertexShader.usf" 3139
"../../../Engine/Shaders/Private/ResolvePixelShader.usf" 3140
"../../../Engine/Shaders/Private/Tools/SetupIndirectArgs.usf" 3141
"../../../Engine/Shaders/Private/ClearReplacementShaders.usf" 3142
"../../../Engine/Shaders/Private/Tools/DrawTexture.usf" 3143
"../../../Engine/Shaders/Private/RayTracing/RayTracingValidation.usf" 3144
"../../../Engine/Shaders/Private/RenderGraphUtilities.usf" 3145
"../../../Engine/Shaders/Private/OneColorShader.usf" 3146
"../../../Engine/Shaders/Private/OculusShaders.usf" 3147
"../../../Engine/Shaders/Private/MediaShaders.usf" 3148
"../../../Engine/Shaders/Private/GPUMessaging.usf" 3149
"../../../Engine/Shaders/Private/Tools/GPUDebugCrashUtils.usf" 3150
"../../../Engine/Shaders/Private/NullPixelShader.usf" 3151
"../../../Engine/Shaders/Private/ComputeGenerateMips.usf" 3152
"../../../Engine/Shaders/Private/Tools/DumpTexture.usf" 3153
"../../../Engine/Shaders/Private/CopyTextureShaders.usf" 3154
"../../../Engine/Shaders/Private/Tools/FullscreenVertexShader.usf" 3155
"../../../Engine/Shaders/Private/RayTracing/RayTracingDispatchDesc.usf" 3156
"../../../Engine/Shaders/Private/Bink.usf" 3157
"../../../Engine/Shaders/Private/VelocityShader.usf" 3158
"../../../Engine/Shaders/Private/DepthOnlyPixelShader.usf" 3159
"../../../Engine/Shaders/Private/PositionOnlyDepthVertexShader.usf" 3160
"../../../Engine/Shaders/Private/DepthOnlyVertexShader.usf" 3161
"../../../Engine/Shaders/Private/AnisotropyPassShader.usf" 3162
"E:/Game Engines/Unreal Engine Things/UnrealProjects/B3_Maze/Content/MazeEscape/Maps/MainMenu.umap" 3163
"E:/Game Engines/Unreal Engine Things/UnrealProjects/B3_Maze/Content/MazeEscape/Blueprints/UI/WBP_Defeat.uasset" 3164
"E:/Game Engines/Unreal Engine Things/UnrealProjects/B3_Maze/Content/MazeEscape/Blueprints/AI/Characters/BP_EnemyCharacter.uasset" 3165
"/Engine/EngineResources/WhiteSquareTexture" 3166
"../../../Engine/Content/EngineResources/WhiteSquareTexture.uasset" 3167
"/Engine/EngineResources/GradientTexture0" 3168
"../../../Engine/Content/EngineResources/GradientTexture0.uasset" 3169
"/Engine/EngineResources/Black" 3170
"../../../Engine/Content/EngineResources/Black.uasset" 3171
"/Engine/EditorResources/S_Actor" 3172
"../../../Engine/Content/EditorResources/S_Actor.uasset" 3173
"/Engine/EngineFonts/RobotoDistanceField" 3174
"../../../Engine/Content/EngineFonts/RobotoDistanceField.uasset" 3175
"/Engine/EngineMaterials/DefaultTextMaterialOpaque" 3176
"../../../Engine/Content/EngineMaterials/DefaultTextMaterialOpaque.uasset" 3177
"/Engine/Functions/Engine_MaterialFunctions01/Shading/PowerToRoughness" 3178
"../../../Engine/Content/Functions/Engine_MaterialFunctions01/Shading/PowerToRoughness.uasset" 3179
"/Engine/Functions/Engine_MaterialFunctions01/Shading/ConvertFromDiffSpec" 3180
"../../../Engine/Content/Functions/Engine_MaterialFunctions01/Shading/ConvertFromDiffSpec.uasset" 3181
"/Engine/EngineMaterials/WorldGridMaterial" 3182
"../../../Engine/Content/EngineMaterials/WorldGridMaterial.uasset" 3183
"../../../Engine/Content/Functions/Engine_MaterialFunctions01/Opacity/CameraDepthFade.uasset" 3184
"../../../Engine/Content/EngineMaterials/T_Default_Material_Grid_M.uasset" 3185
"../../../Engine/Content/EngineMaterials/T_Default_Material_Grid_N.uasset" 3186
"/Engine/EngineMaterials/DefaultDeferredDecalMaterial" 3187
"../../../Engine/Content/EngineMaterials/DefaultDeferredDecalMaterial.uasset" 3188
"../../../Engine/Content/EngineMaterials/DefaultDiffuse.uasset" 3189
"/Engine/EngineMaterials/DefaultLightFunctionMaterial" 3190
"../../../Engine/Content/EngineMaterials/DefaultLightFunctionMaterial.uasset" 3191
"/Engine/EngineMaterials/DefaultPostProcessMaterial" 3192
"../../../Engine/Content/EngineMaterials/DefaultPostProcessMaterial.uasset" 3193
"../../../Engine/Content/Functions/Engine_MaterialFunctions02/Utility/BreakOutFloat2Components.uasset" 3194
"/Engine/EditorResources/S_Trigger" 3195
"../../../Engine/Content/EditorResources/S_Trigger.uasset" 3196
"/Engine/EditorResources/S_BoxReflectionCapture" 3197
"../../../Engine/Content/EditorResources/S_BoxReflectionCapture.uasset" 3198
"/Engine/EngineResources/DefaultTexture" 3199
"../../../Engine/Content/EngineResources/DefaultTexture.uasset" 3200
"/Engine/EditorResources/S_TriggerBox" 3201
"../../../Engine/Content/EditorResources/S_TriggerBox.uasset" 3202
"/Engine/EditorResources/S_TriggerCapsule" 3203
"../../../Engine/Content/EditorResources/S_TriggerCapsule.uasset" 3204
"/Engine/EditorResources/S_TriggerSphere" 3205
"../../../Engine/Content/EditorResources/S_TriggerSphere.uasset" 3206
"/Engine/EngineDamageTypes/DmgTypeBP_Environmental" 3207
"../../../Engine/Content/EngineDamageTypes/DmgTypeBP_Environmental.uasset" 3208
"/Engine/EngineMeshes/Sphere" 3209
"../../../Engine/Content/EngineMeshes/Sphere.uasset" 3210
"/Engine/EngineResources/DefaultTextureCube" 3211
"../../../Engine/Content/EngineResources/DefaultTextureCube.uasset" 3212
"/Engine/EngineResources/DefaultVolumeTexture" 3213
"../../../Engine/Content/EngineResources/DefaultVolumeTexture.uasset" 3214
"../../../Engine/Content/EngineResources/DefaultVolumeTexture2D.uasset" 3215
"/Engine/VREditor/TransformGizmo/SM_Sequencer_Node" 3216
"../../../Engine/Content/VREditor/TransformGizmo/SM_Sequencer_Node.uasset" 3217
"../../../Engine/Content/VREditor/TransformGizmo/Main.uasset" 3218
"../../../Engine/Content/VREditor/TransformGizmo/Xray.uasset" 3219
"/Engine/EditorResources/S_Solver" 3220
"../../../Engine/Content/EditorResources/S_Solver.uasset" 3221
"/Engine/EngineDebugMaterials/VolumeToRender" 3222
"../../../Engine/Content/EngineDebugMaterials/VolumeToRender.uasset" 3223
"/Engine/EngineDebugMaterials/M_VolumeRenderSphereTracePP" 3224
"../../../Engine/Content/EngineDebugMaterials/M_VolumeRenderSphereTracePP.uasset" 3225
"../../../Engine/Content/Functions/Engine_MaterialFunctions02/Utility/CameraDirectionVector.uasset" 3226
"/Engine/EditorMeshes/Camera/SM_CraneRig_Base" 3227
"../../../Engine/Content/EditorMeshes/Camera/SM_CraneRig_Base.uasset" 3228
"../../../Engine/Content/EditorMaterials/Camera/MI_CineMat_Rig.uasset" 3229
"../../../Engine/Content/EditorMaterials/Camera/CineMat.uasset" 3230
"/Engine/EditorMeshes/Camera/SM_CraneRig_Arm" 3231
"../../../Engine/Content/EditorMeshes/Camera/SM_CraneRig_Arm.uasset" 3232
"/Engine/EditorMeshes/Camera/SM_CraneRig_Mount" 3233
"../../../Engine/Content/EditorMeshes/Camera/SM_CraneRig_Mount.uasset" 3234
"/Engine/EditorMeshes/Camera/SM_CraneRig_Body" 3235
"../../../Engine/Content/EditorMeshes/Camera/SM_CraneRig_Body.uasset" 3236
"/Engine/EditorMeshes/Camera/SM_RailRig_Track" 3237
"../../../Engine/Content/EditorMeshes/Camera/SM_RailRig_Track.uasset" 3238
"/Engine/EditorMeshes/Camera/SM_RailRig_Mount" 3239
"../../../Engine/Content/EditorMeshes/Camera/SM_RailRig_Mount.uasset" 3240
"/Engine/EditorLandscapeResources/SplineEditorMesh" 3241
"../../../Engine/Content/EditorLandscapeResources/SplineEditorMesh.uasset" 3242
"../../../Engine/Content/EditorLandscapeResources/SplineEditorMeshMat.uasset" 3243
"/HairStrands/Materials/HairDebugMaterial" 3244
"../../Plugins/Runtime/HairStrands/Content/Materials/HairDebugMaterial.uasset" 3245
"../../../Engine/Content/Functions/Engine_MaterialFunctions02/Utility/MakeFloat2.uasset" 3246
"../../../Engine/Content/Functions/Engine_MaterialFunctions02/Utility/MakeFloat3.uasset" 3247
"../../../Engine/Content/EngineMaterials/HairColorMap.uasset" 3248
"../../../Engine/Content/EngineMaterials/HairDebugColor.uasset" 3249
"../../Plugins/Runtime/HairStrands/Content/Materials/HairGroupColors.uasset" 3250
"/HairStrands/Materials/HairDefaultMaterial" 3251
"../../Plugins/Runtime/HairStrands/Content/Materials/HairDefaultMaterial.uasset" 3252
"/HairStrands/Materials/HairCardsDefaultMaterial" 3253
"../../Plugins/Runtime/HairStrands/Content/Materials/HairCardsDefaultMaterial.uasset" 3254
"/HairStrands/Materials/HairMeshesDefaultMaterial" 3255
"../../Plugins/Runtime/HairStrands/Content/Materials/HairMeshesDefaultMaterial.uasset" 3256
"/Engine/BasicShapes/Cube" 3257
"../../../Engine/Content/BasicShapes/Cube.uasset" 3258
"/CameraCalibrationCore/Materials/M_DefaultOddSquare" 3259
"../../Plugins/VirtualProduction/CameraCalibrationCore/Content/Materials/M_DefaultOddSquare.uasset" 3260
"/CameraCalibrationCore/Materials/M_DefaultEvenSquare" 3261
"../../Plugins/VirtualProduction/CameraCalibrationCore/Content/Materials/M_DefaultEvenSquare.uasset" 3262
"/Engine/EngineMaterials/Widget3DPassThrough_Translucent" 3263
"../../../Engine/Content/EngineMaterials/Widget3DPassThrough_Translucent.uasset" 3264
"../../../Engine/Content/EngineMaterials/Widget3DPassThrough.uasset" 3265
"/Engine/EngineMaterials/Widget3DPassThrough_Translucent_OneSided" 3266
"../../../Engine/Content/EngineMaterials/Widget3DPassThrough_Translucent_OneSided.uasset" 3267
"/Engine/EngineMaterials/Widget3DPassThrough_Opaque" 3268
"../../../Engine/Content/EngineMaterials/Widget3DPassThrough_Opaque.uasset" 3269
"/Engine/EngineMaterials/Widget3DPassThrough_Opaque_OneSided" 3270
"../../../Engine/Content/EngineMaterials/Widget3DPassThrough_Opaque_OneSided.uasset" 3271
"/Engine/EngineMaterials/Widget3DPassThrough_Masked" 3272
"../../../Engine/Content/EngineMaterials/Widget3DPassThrough_Masked.uasset" 3273
"/Engine/EngineMaterials/Widget3DPassThrough_Masked_OneSided" 3274
"../../../Engine/Content/EngineMaterials/Widget3DPassThrough_Masked_OneSided.uasset" 3275
"/Engine/VREditor/ViewportInteractionAssetContainerData" 3276
"../../../Engine/Content/VREditor/ViewportInteractionAssetContainerData.uasset" 3277
"../../../Engine/Content/VREditor/SnapGrid/SnapGridMaterial.uasset" 3278
"../../../Engine/Content/VREditor/TransformGizmo/TransformGizmoMaterial_Inst.uasset" 3279
"../../../Engine/Content/VREditor/TransformGizmo/TranslucentTransformGizmoMaterial_Inst.uasset" 3280
"../../../Engine/Content/VREditor/SnapGrid/SnapGridPlaneMesh.uasset" 3281
"../../../Engine/Content/VREditor/Sounds/UI/Drop_Item_From_ContentBrowser.uasset" 3282
"../../../Engine/Content/VREditor/Sounds/UI/Gizmo_Handle_Clicked.uasset" 3283
"../../../Engine/Content/VREditor/Sounds/UI/Object_PickUp.uasset" 3284
"../../../Engine/Content/VREditor/Sounds/UI/Object_Snaps_To_Another_Actor.uasset" 3285
"../../../Engine/Content/VREditor/Sounds/UI/Object_Snaps_To_Grid.uasset" 3286
"../../../Engine/Content/VREditor/Sounds/UI/Scaling_Down.uasset" 3287
"../../../Engine/Content/VREditor/Sounds/UI/Scaling_Up.uasset" 3288
"../../../Engine/Content/VREditor/Sounds/UI/Selection_Changes.uasset" 3289
"../../../Engine/Content/VREditor/TransformGizmo/PlaneTranslationHandle.uasset" 3290
"../../../Engine/Content/VREditor/TransformGizmo/RotationHandleFull.uasset" 3291
"../../../Engine/Content/VREditor/TransformGizmo/RotationHandleIndicator.uasset" 3292
"../../../Engine/Content/VREditor/TransformGizmo/RotationHandleQuarter.uasset" 3293
"../../../Engine/Content/VREditor/TransformGizmo/StartRotationHandleIndicator.uasset" 3294
"../../../Engine/Content/VREditor/TransformGizmo/TransformGizmoFreeRotation.uasset" 3295
"../../../Engine/Content/VREditor/TransformGizmo/TranslateArrowHandle.uasset" 3296
"../../../Engine/Content/VREditor/TransformGizmo/UniformScaleHandle.uasset" 3297
"../../../Engine/Content/Functions/Engine_MaterialFunctions02/Math/Transform3x3Matrix.uasset" 3298
"../../../Engine/Content/Functions/Engine_MaterialFunctions02/SplitComponents.uasset" 3299
"../../../Engine/Content/VREditor/TransformGizmo/TransformGizmoMaterial.uasset" 3300
"../../../Engine/Content/VREditor/TransformGizmo/TranslucentTransformGizmoMaterial.uasset" 3301
"../../../Engine/Content/Functions/Engine_MaterialFunctions02/Utility/BreakOutFloat3Components.uasset" 3302
"../../../Engine/Content/VREditor/LaserPointer/VR_LaserPower_01.uasset" 3303
"/Engine/VREditor/TransformGizmo/BoundingBoxCorner" 3304
"../../../Engine/Content/VREditor/TransformGizmo/BoundingBoxCorner.uasset" 3305
"/Engine/VREditor/TransformGizmo/BoundingBoxEdge" 3306
"../../../Engine/Content/VREditor/TransformGizmo/BoundingBoxEdge.uasset" 3307
"/Engine/ArtTools/RenderToTexture/Meshes/S_1_Unit_Plane" 3308
"../../../Engine/Content/ArtTools/RenderToTexture/Meshes/S_1_Unit_Plane.uasset" 3309
"/Engine/EngineDebugMaterials/M_SimpleUnlitTranslucent" 3310
"../../../Engine/Content/EngineDebugMaterials/M_SimpleUnlitTranslucent.uasset" 3311
"/Engine/EngineFonts/Roboto" 3312
"../../../Engine/Content/EngineFonts/Roboto.uasset" 3313
"../../../Engine/Content/EngineFonts/Faces/DroidSansFallback.uasset" 3314
"../../../Engine/Content/EngineFonts/Faces/RobotoBold.uasset" 3315
"../../../Engine/Content/EngineFonts/Faces/RobotoBoldItalic.uasset" 3316
"../../../Engine/Content/EngineFonts/Faces/RobotoItalic.uasset" 3317
"../../../Engine/Content/EngineFonts/Faces/RobotoLight.uasset" 3318
"../../../Engine/Content/EngineFonts/Faces/RobotoRegular.uasset" 3319
"/Engine/EditorMaterials/ParticleSystems/PSysThumbnail_NoImage" 3320
"../../../Engine/Content/EditorMaterials/ParticleSystems/PSysThumbnail_NoImage.uasset" 3321
"/Engine/EditorMaterials/ParticleSystems/PSysThumbnail_OOD" 3322
"../../../Engine/Content/EditorMaterials/ParticleSystems/PSysThumbnail_OOD.uasset" 3323
"/Engine/EngineResources/LandscapeVisibilityLayerInfo" 3324
"../../../Engine/Content/EngineResources/LandscapeVisibilityLayerInfo.uasset" 3325
"/ACLPlugin/ACLAnimBoneCompressionSettings" 3326
"../../Plugins/Animation/ACLPlugin/Content/ACLAnimBoneCompressionSettings.uasset" 3327
"/Engine/Animation/DefaultRecorderBoneCompression" 3328
"../../../Engine/Content/Animation/DefaultRecorderBoneCompression.uasset" 3329
"/ACLPlugin/ACLAnimCurveCompressionSettings" 3330
"../../Plugins/Animation/ACLPlugin/Content/ACLAnimCurveCompressionSettings.uasset" 3331
"/Engine/Animation/DefaultVariableFrameStrippingSettings" 3332
"../../../Engine/Content/Animation/DefaultVariableFrameStrippingSettings.uasset" 3333
"/Paper2D/MaskedUnlitSpriteMaterial" 3334
"../../Plugins/2D/Paper2D/Content/MaskedUnlitSpriteMaterial.uasset" 3335
"../../Plugins/2D/Paper2D/Content/DefaultSpriteMaterial.uasset" 3336
"../../Plugins/2D/Paper2D/Content/PlaceholderTextures/DummySpriteTexture.uasset" 3337
"/Paper2D/OpaqueUnlitSpriteMaterial" 3338
"../../Plugins/2D/Paper2D/Content/OpaqueUnlitSpriteMaterial.uasset" 3339
"/Paper2D/DefaultPaperTerrainMaterial" 3340
"../../Plugins/2D/Paper2D/Content/DefaultPaperTerrainMaterial.uasset" 3341
"../../Plugins/2D/Paper2D/Content/DummySprite.uasset" 3342
"/ControlRig/Controls/ControlRigXRayMaterial" 3343
"../../Plugins/Animation/ControlRig/Content/Controls/ControlRigXRayMaterial.uasset" 3344
"/ControlRig/Controls/DefaultGizmoLibraryNormalized" 3345
"../../Plugins/Animation/ControlRig/Content/Controls/DefaultGizmoLibraryNormalized.uasset" 3346
"/ControlRig/M_Manip" 3347
"../../Plugins/Animation/ControlRig/Content/M_Manip.uasset" 3348
"../../../Engine/Content/Functions/Engine_MaterialFunctions02/WorldPositionOffset/CameraOffset.uasset" 3349
"/AudioWidgets/Resources/ScrubHandleDown_Clamped" 3350
"../../Plugins/Runtime/AudioWidgets/Content/Resources/ScrubHandleDown_Clamped.uasset" 3351
"/MediaPlate/SM_MediaPlateScreen" 3352
"../../Plugins/Media/MediaPlate/Content/SM_MediaPlateScreen.uasset" 3353
"/SpeedTreeImporter/SpeedTree9/SpeedTreeMaster" 3354
"../../Plugins/Editor/SpeedTreeImporter/Content/SpeedTree9/SpeedTreeMaster.uasset" 3355
"../../../Engine/Content/Functions/Engine_MaterialFunctions02/ObjectLocalBounds.uasset" 3356
"../../../Engine/Content/Functions/Engine_MaterialFunctions02/SafeNormalize.uasset" 3357
"../../../Engine/Content/Functions/Engine_MaterialFunctions02/Utility/VectorLength.uasset" 3358
"../../../Engine/Content/Functions/Engine_MaterialFunctions02/UVs/BoundingBoxBased_0-1_UVW.uasset" 3359
"../../../Engine/Content/Functions/Engine_MaterialFunctions02/WorldPositionOffset/ObjectScale.uasset" 3360
"../../Plugins/Editor/SpeedTreeImporter/Content/SpeedTree9/SpeedTreeBranchMotion.uasset" 3361
"../../Plugins/Editor/SpeedTreeImporter/Content/SpeedTree9/SpeedTreeCameraFacing.uasset" 3362
"../../Plugins/Editor/SpeedTreeImporter/Content/SpeedTree9/SpeedTreeWind.uasset" 3363
"../../Plugins/Editor/SpeedTreeImporter/Content/SpeedTree9/SpeedTreeWindMotion.uasset" 3364
"../../Plugins/Editor/SpeedTreeImporter/Content/SpeedTree9/UnpackDirection.uasset" 3365
"../../Plugins/Editor/SpeedTreeImporter/Content/SpeedTree9/UnpackInteger3.uasset" 3366
"../../Plugins/Editor/SpeedTreeImporter/Content/SpeedTree9/Empty.uasset" 3367
"../../Plugins/Editor/SpeedTreeImporter/Content/SpeedTree9/EmptyNormal.uasset" 3368
"../../Plugins/Editor/SpeedTreeImporter/Content/SpeedTree9/game_wind_noise.uasset" 3369
"/SpeedTreeImporter/SpeedTree9/SpeedTreeBillboardMaster" 3370
"../../Plugins/Editor/SpeedTreeImporter/Content/SpeedTree9/SpeedTreeBillboardMaster.uasset" 3371
"../../Plugins/Editor/SpeedTreeImporter/Content/SpeedTree9/SpeedTreeBillboard.uasset" 3372
"/Engine/EditorMaterials/Dataflow/DataflowVertexMaterial" 3373
"../../../Engine/Content/EditorMaterials/Dataflow/DataflowVertexMaterial.uasset" 3374
"/Engine/EditorMaterials/Dataflow/DataflowTwoSidedVertexMaterial" 3375
"../../../Engine/Content/EditorMaterials/Dataflow/DataflowTwoSidedVertexMaterial.uasset" 3376
"/Engine/EditorLandscapeResources/LayerVisMaterial" 3377
"../../../Engine/Content/EditorLandscapeResources/LayerVisMaterial.uasset" 3378
"../../../Engine/Content/EditorLandscapeResources/WhiteSquareTexture.uasset" 3379
"/Engine/EditorLandscapeResources/SelectBrushMaterial_Selected" 3380
"../../../Engine/Content/EditorLandscapeResources/SelectBrushMaterial_Selected.uasset" 3381
"../../../Engine/Content/EditorLandscapeResources/SelectBrushMaterial.uasset" 3382
"../../../Engine/Content/Functions/Engine_MaterialFunctions03/Math/WithinRangeFloat2.uasset" 3383
"../../../Engine/Content/EditorLandscapeResources/DefaultAlphaTexture.uasset" 3384
"/Engine/EditorLandscapeResources/SelectBrushMaterial_SelectedRegion" 3385
"../../../Engine/Content/EditorLandscapeResources/SelectBrushMaterial_SelectedRegion.uasset" 3386
"/Engine/EditorLandscapeResources/MaskBrushMaterial_MaskedRegion" 3387
"../../../Engine/Content/EditorLandscapeResources/MaskBrushMaterial_MaskedRegion.uasset" 3388
"../../../Engine/Content/EditorLandscapeResources/MaskBrushMaterial.uasset" 3389
"/Engine/EditorLandscapeResources/ColorMaskBrushMaterial_MaskedRegion" 3390
"../../../Engine/Content/EditorLandscapeResources/ColorMaskBrushMaterial_MaskedRegion.uasset" 3391
"../../../Engine/Content/EditorLandscapeResources/ColorMaskBrushMaterial.uasset" 3392
"/Engine/EditorLandscapeResources/LandscapeDirtyMaterial" 3393
"../../../Engine/Content/EditorLandscapeResources/LandscapeDirtyMaterial.uasset" 3394
"/Engine/EditorLandscapeResources/LandscapeLayerUsageMaterial" 3395
"../../../Engine/Content/EditorLandscapeResources/LandscapeLayerUsageMaterial.uasset" 3396
"../../../Engine/Content/Functions/Engine_MaterialFunctions01/Debug/DebugIntValues.uasset" 3397
"../../../Engine/Content/Functions/Engine_MaterialFunctions01/Texturing/ScaleUVsByCenter.uasset" 3398
"../../../Engine/Content/Functions/Engine_MaterialFunctions02/WorldPositionOffset/LocalPosition.uasset" 3399
"../../../Engine/Content/Functions/Engine_MaterialFunctions01/Texturing/TextureCropping.uasset" 3400
"../../../Engine/Content/Functions/Engine_MaterialFunctions02/ExampleContent/DebugNumberStrip.uasset" 3401
"C:/Users/rudra/AppData/Local/UnrealEngine/Editor/UInteractiveToolsPresetCollectionAsset_DefaultCollection.json" 3402
"/Engine/EngineMaterials/NaniteHiddenSectionMaterial" 3403
"../../../Engine/Content/EngineMaterials/NaniteHiddenSectionMaterial.uasset" 3404
"/Engine/EngineMaterials/RemoveSurfaceMaterial" 3405
"../../../Engine/Content/EngineMaterials/RemoveSurfaceMaterial.uasset" 3406
"/Engine/EngineDebugMaterials/DebugMeshMaterial" 3407
"../../../Engine/Content/EngineDebugMaterials/DebugMeshMaterial.uasset" 3408
"/Engine/EngineMaterials/EmissiveMeshMaterial" 3409
"../../../Engine/Content/EngineMaterials/EmissiveMeshMaterial.uasset" 3410
"../../../Engine/Content/EngineMaterials/DefaultWhiteGrid_Low.uasset" 3411
"/Engine/EngineMaterials/M_InvalidLightmapSettings" 3412
"../../../Engine/Content/EngineMaterials/M_InvalidLightmapSettings.uasset" 3413
"../../../Engine/Content/EngineMaterials/InvalidLightmapSettings.uasset" 3414
"/Engine/EngineMaterials/GizmoMaterial" 3415
"../../../Engine/Content/EngineMaterials/GizmoMaterial.uasset" 3416
"/Engine/EngineMaterials/PhAT_JointLimitMaterial" 3417
"../../../Engine/Content/EngineMaterials/PhAT_JointLimitMaterial.uasset" 3418
"/Engine/EngineMaterials/FlattenMaterial" 3419
"../../../Engine/Content/EngineMaterials/FlattenMaterial.uasset" 3420
"../../../Engine/Content/EngineMaterials/BaseFlattenDiffuseMap.uasset" 3421
"../../../Engine/Content/EngineMaterials/BaseFlattenEmissiveMap.uasset" 3422
"../../../Engine/Content/EngineMaterials/BaseFlattenGrayscaleMap.uasset" 3423
"../../../Engine/Content/EngineMaterials/BaseFlattenLinearColor.uasset" 3424
"../../../Engine/Content/EngineMaterials/BaseFlattenNormalMap.uasset" 3425
"../../../Engine/Content/Functions/Engine_MaterialFunctions02/PivotPainter2/Black_1x1_EXR_Texture.uasset" 3426
"/Engine/EngineMaterials/FlattenMaterial_VT" 3427
"../../../Engine/Content/EngineMaterials/FlattenMaterial_VT.uasset" 3428
"../../../Engine/Content/EngineMaterials/BaseFlattenDiffuseMap_VT.uasset" 3429
"../../../Engine/Content/EngineMaterials/BaseFlattenEmissiveMap_VT.uasset" 3430
"../../../Engine/Content/EngineMaterials/BaseFlattenGrayscaleMap_VT.uasset" 3431
"../../../Engine/Content/EngineMaterials/BaseFlattenLinearColor_VT.uasset" 3432
"../../../Engine/Content/EngineMaterials/BaseFlattenNormalMap_VT.uasset" 3433
"../../../Engine/Content/EngineMaterials/Black_1x1_EXR_Texture_VT.uasset" 3434
"/Engine/EngineMaterials/FlattenMaterial_WS_Normal_VT" 3435
"../../../Engine/Content/EngineMaterials/FlattenMaterial_WS_Normal_VT.uasset" 3436
"/Engine/EngineMaterials/Good64x64TilingNoiseHighFreq" 3437
"../../../Engine/Content/EngineMaterials/Good64x64TilingNoiseHighFreq.uasset" 3438
"/Engine/EngineMaterials/DefaultBokeh" 3439
"../../../Engine/Content/EngineMaterials/DefaultBokeh.uasset" 3440
"/Engine/EngineMaterials/MiniFont" 3441
"../../../Engine/Content/EngineMaterials/MiniFont.uasset" 3442
"/Engine/EngineMaterials/WeightMapPlaceholderTexture" 3443
"../../../Engine/Content/EngineMaterials/WeightMapPlaceholderTexture.uasset" 3444
"/Engine/EngineMaterials/WeightMapArrayPlaceholderTexture" 3445
"../../../Engine/Content/EngineMaterials/WeightMapArrayPlaceholderTexture.uasset" 3446
"/Engine/EngineMaterials/DefaultWhiteGrid" 3447
"../../../Engine/Content/EngineMaterials/DefaultWhiteGrid.uasset" 3448
"/Engine/EngineMaterials/PreintegratedSkinBRDF" 3449
"../../../Engine/Content/EngineMaterials/PreintegratedSkinBRDF.uasset" 3450
"/Engine/EngineMaterials/LTC/GGX_LTCAmp" 3451
"../../../Engine/Content/EngineMaterials/LTC/GGX_LTCAmp.uasset" 3452
"/Engine/EngineMaterials/LTC/GGX_LTCMat" 3453
"../../../Engine/Content/EngineMaterials/LTC/GGX_LTCMat.uasset" 3454
"/Engine/EngineMaterials/EnergyConservation/GGX_ReflectionEnergy" 3455
"../../../Engine/Content/EngineMaterials/EnergyConservation/GGX_ReflectionEnergy.uasset" 3456
"/Engine/EngineMaterials/EnergyConservation/GGX_TransmissionEnergyArray" 3457
"../../../Engine/Content/EngineMaterials/EnergyConservation/GGX_TransmissionEnergyArray.uasset" 3458
"/Engine/EngineMaterials/EnergyConservation/SheenLegacy_Energy" 3459
"../../../Engine/Content/EngineMaterials/EnergyConservation/SheenLegacy_Energy.uasset" 3460
"/Engine/EngineMaterials/DefaultPhysicalMaterial" 3461
"../../../Engine/Content/EngineMaterials/DefaultPhysicalMaterial.uasset" 3462
"/Engine/EngineMaterials/DefaultDestructiblePhysicalMaterial" 3463
"../../../Engine/Content/EngineMaterials/DefaultDestructiblePhysicalMaterial.uasset" 3464
"C:/Users/rudra/AppData/Local/UnrealEngine/Editor/ProjectEditorRecords.json" 3465
"/Niagara/ParameterDefinitions/SpriteRenderer" 3466
"../../Plugins/FX/Niagara/Content/ParameterDefinitions/SpriteRenderer.uasset" 3467
"/Niagara/ParameterDefinitions/RibbonRenderer" 3468
"../../Plugins/FX/Niagara/Content/ParameterDefinitions/RibbonRenderer.uasset" 3469
"/Niagara/ParameterDefinitions/MeshRenderer" 3470
"../../Plugins/FX/Niagara/Content/ParameterDefinitions/MeshRenderer.uasset" 3471
"/Niagara/ParameterDefinitions/LightRenderer" 3472
"../../Plugins/FX/Niagara/Content/ParameterDefinitions/LightRenderer.uasset" 3473
"/Niagara/ParameterDefinitions/DecalRenderer" 3474
"../../Plugins/FX/Niagara/Content/ParameterDefinitions/DecalRenderer.uasset" 3475
"/Niagara/ParameterDefinitions/CoreParameters" 3476
"../../Plugins/FX/Niagara/Content/ParameterDefinitions/CoreParameters.uasset" 3477
"/DeformerGraph/Deformers/DG_LinearBlendSkin_Morph_Cloth" 3478
"../../Plugins/Animation/DeformerGraph/Content/Deformers/DG_LinearBlendSkin_Morph_Cloth.uasset" 3479
"../../Plugins/Animation/DeformerGraph/Content/DeformerFunctions/DG_Function_LinearBlendSkin_Morph_Cloth.uasset" 3480
"/DeformerGraph/Deformers/DG_LinearBlendSkin_Morph_Cloth_RecomputeNormals" 3481
"../../Plugins/Animation/DeformerGraph/Content/Deformers/DG_LinearBlendSkin_Morph_Cloth_RecomputeNormals.uasset" 3482
"../../Plugins/Animation/DeformerGraph/Content/DeformerFunctions/DG_Function_ComputeNormalsTangents.uasset" 3483
"../../Plugins/Animation/DeformerGraph/Content/DeformerFunctions/DG_Function_LinearBlendSkin_Morph_Cloth_PositionOnly.uasset" 3484
"/Engine/EditorResources/SequenceRecorder/Countdown" 3485
"../../../Engine/Content/EditorResources/SequenceRecorder/Countdown.uasset" 3486
"/Engine/EditorResources/SequenceRecorder/RecordingIndicator" 3487
"../../../Engine/Content/EditorResources/SequenceRecorder/RecordingIndicator.uasset" 3488
"/Engine/EditorMaterials/PhAT_UnselectedMaterial" 3489
"../../../Engine/Content/EditorMaterials/PhAT_UnselectedMaterial.uasset" 3490
"/Engine/EditorMaterials/PhAT_NoCollisionMaterial" 3491
"../../../Engine/Content/EditorMaterials/PhAT_NoCollisionMaterial.uasset" 3492
"/Engine/BasicShapes/Sphere" 3493
"../../../Engine/Content/BasicShapes/Sphere.uasset" 3494
"../../../Engine/Content/EngineMaterials/DefaultMaterial.uasset" 3495
"/Engine/BasicShapes/Cylinder" 3496
"../../../Engine/Content/BasicShapes/Cylinder.uasset" 3497
"/Engine/BasicShapes/Cone" 3498
"../../../Engine/Content/BasicShapes/Cone.uasset" 3499
"/Engine/BasicShapes/Plane" 3500
"../../../Engine/Content/BasicShapes/Plane.uasset" 3501
"/Engine/EngineFonts/DroidSansMono" 3502
"../../../Engine/Content/EngineFonts/DroidSansMono.uasset" 3503
"../../../Engine/Content/EngineFonts/Faces/DroidSansMono.uasset" 3504
"../../../Engine/Documentation/Source/Shared/Types/ABrush/ABrush.INT.udn" 3505
"../../../Engine/Content/Internationalization/icudt64l/brkitr/en.res" 3506
"../../../Engine/Content/Internationalization/icudt64l/brkitr/root.res" 3507
"../../../Engine/Content/Internationalization/icudt64l/brkitr/char.brk" 3508
"../../../Engine/Content/Internationalization/icudt64l/brkitr/word.brk" 3509
"/Engine/EditorResources/S_Terrain" 3510
"../../../Engine/Content/EditorResources/S_Terrain.uasset" 3511
"../../../Engine/Plugins/FX/Niagara/Shaders/Private/NiagaraDataInterfaceTexture2DArrayTemplate.ush" 3512
"../../../Engine/Plugins/FX/Niagara/Shaders/Private/NiagaraDataInterfaceActorComponentTemplate.ush" 3513
"../../../Engine/Plugins/FX/Niagara/Shaders/Private/NiagaraDataInterfaceArrayTemplate.ush" 3514
"../../../Engine/Plugins/FX/Niagara/Shaders/Private/NiagaraDataInterfaceArrayRWTemplate.ush" 3515
"../../../Engine/Plugins/FX/Niagara/Shaders/Private/NiagaraDataInterfaceAsyncGpuTrace.ush" 3516
"../../../Engine/Plugins/FX/Niagara/Shaders/Private/NiagaraDataInterfaceAsyncGpuTraceTemplate.ush" 3517
"../../../Engine/Plugins/FX/Niagara/Shaders/Private/NiagaraDataInterfaceCamera.ush" 3518
"../../../Engine/Plugins/Experimental/ChaosNiagara/Shaders/NiagaraDataInterfaceChaosDestruction.ush" 3519
"../../../Engine/Plugins/FX/Niagara/Shaders/Private/NiagaraDataInterfaceCollisionQuery.ush" 3520
"../../../Engine/Plugins/FX/Niagara/Shaders/Private/NiagaraDataInterfaceCollisionQueryTemplate.ush" 3521
"../../../Engine/Plugins/FX/Niagara/Shaders/Private/NiagaraDataInterfaceCurveTemplate.ush" 3522
"../../../Engine/Plugins/FX/Niagara/Shaders/Private/NiagaraDataInterfaceCubeTextureTemplate.ush" 3523
"../../../Engine/Plugins/FX/Niagara/Shaders/Private/DataChannel/NiagaraDataInterfaceDataChannelCommon.ush" 3524
"../../../Engine/Plugins/FX/Niagara/Shaders/Private/DataChannel/NiagaraDataInterfaceDataChannelTemplateCommon.ush" 3525
"../../../Engine/Plugins/FX/Niagara/Shaders/Private/DataChannel/NiagaraDataInterfaceDataChannelTemplateReadCommon.ush" 3526
"../../../Engine/Plugins/FX/Niagara/Shaders/Private/DataChannel/NiagaraDataInterfaceDataChannelTemplate_Read.ush" 3527
"../../../Engine/Plugins/FX/Niagara/Shaders/Private/DataChannel/NiagaraDataInterfaceDataChannelTemplate_Consume.ush" 3528
"../../../Engine/Plugins/FX/Niagara/Shaders/Private/DataChannel/NiagaraDataInterfaceDataChannelTemplateWriteCommon.ush" 3529
"../../../Engine/Plugins/FX/Niagara/Shaders/Private/DataChannel/NiagaraDataInterfaceDataChannelTemplate_Append.ush" 3530
"../../../Engine/Plugins/FX/Niagara/Shaders/Private/NiagaraDataInterfaceDataTableTemplate.ush" 3531
"../../../Engine/Plugins/FX/Niagara/Shaders/Private/NiagaraDataInterfaceDebugDraw.ush" 3532
"../../../Engine/Plugins/FX/Niagara/Shaders/Private/NiagaraDataInterfaceDebugDrawTemplate.ush" 3533
"../../../Engine/Plugins/FX/Niagara/Shaders/Private/NiagaraDataInterfaceDynamicMeshTemplate.ush" 3534
"../../../Engine/Plugins/FX/Niagara/Shaders/Private/NiagaraDataInterfaceEmitterPropertiesTemplate.ush" 3535
"../../../Engine/Plugins/FX/Niagara/Shaders/Private/NiagaraDataInterfaceExportTemplate.ush" 3536
"../../../Engine/Plugins/FX/Niagara/Shaders/Private/NiagaraDataInterfaceGBufferTemplate.ush" 3537
"../../../Engine/Plugins/Experimental/ChaosNiagara/Shaders/NiagaraDataInterfaceGeometryCollection.ush" 3538
"../../../Engine/Plugins/FX/Niagara/Shaders/Private/NiagaraTransformUtils.ush" 3539
"../../../Engine/Plugins/Runtime/HairStrands/Shaders/Private/NiagaraStrandsExternalForce.ush" 3540
"../../../Engine/Plugins/Runtime/HairStrands/Shaders/Private/NiagaraHookeSpringMaterial.ush" 3541
"../../../Engine/Plugins/Runtime/HairStrands/Shaders/Private/NiagaraAngularSpringMaterial.ush" 3542
"../../../Engine/Plugins/Runtime/HairStrands/Shaders/Private/NiagaraConstantVolumeMaterial.ush" 3543
"../../../Engine/Plugins/Runtime/HairStrands/Shaders/Private/NiagaraCosseratRodMaterial.ush" 3544
"../../../Engine/Plugins/Runtime/HairStrands/Shaders/Private/NiagaraStaticCollisionConstraint.ush" 3545
"../../../Engine/Plugins/Runtime/HairStrands/Shaders/Private/NiagaraDataInterfaceHairStrands.ush" 3546
"../../../Engine/Plugins/Runtime/HairStrands/Shaders/Private/NiagaraDataInterfaceHairStrandsTemplate.ush" 3547
"../../../Engine/Plugins/FX/Niagara/Shaders/Private/NiagaraDataInterfaceIntRenderTarget2D.ush" 3548
"../../../Engine/Plugins/FX/Niagara/Shaders/Private/NiagaraDataInterfaceLandscape.ush" 3549
"../../../Engine/Plugins/FX/Niagara/Shaders/Private/NiagaraDataInterfaceMemoryBufferTemplate.ush" 3550
"../../../Engine/Plugins/FX/Niagara/Shaders/Private/NiagaraDataInterfaceMeshRendererInfoTemplate.ush" 3551
"../../../Engine/Plugins/FX/Niagara/Shaders/Private/NiagaraDataInterfaceOcclusion.ush" 3552
"../../../Engine/Plugins/FX/Niagara/Shaders/Private/NiagaraDataInterfacePhysicsAsset.ush" 3553
"../../../Engine/Plugins/Experimental/ChaosNiagara/Shaders/NiagaraDataInterfacePhysicsField.ush" 3554
"../../../Engine/Plugins/FX/Niagara/Shaders/Private/NiagaraDataInterfacePlatformSetTemplate.ush" 3555
"../../../Engine/Plugins/Runtime/HairStrands/Shaders/Private/NiagaraDataInterfaceVelocityGrid.ush" 3556
"../../../Engine/Plugins/Runtime/HairStrands/Shaders/Private/NiagaraDataInterfaceVelocityGridTemplate.ush" 3557
"../../../Engine/Plugins/Runtime/HairStrands/Shaders/Private/NiagaraDataInterfacePressureGrid.ush" 3558
"../../../Engine/Plugins/Runtime/HairStrands/Shaders/Private/NiagaraDataInterfacePressureGridTemplate.ush" 3559
"../../../Engine/Plugins/FX/Niagara/Shaders/Private/NiagaraDataInterfaceRenderTarget2DTemplate.ush" 3560
"../../../Engine/Plugins/FX/Niagara/Shaders/Private/NiagaraDataInterfaceRenderTarget2DArrayTemplate.ush" 3561
"../../../Engine/Plugins/FX/Niagara/Shaders/Private/NiagaraDataInterfaceRenderTargetCubeTemplate.ush" 3562
"../../../Engine/Plugins/FX/Niagara/Shaders/Private/NiagaraDataInterfaceRenderTargetVolumeTemplate.ush" 3563
"../../../Engine/Plugins/FX/Niagara/Shaders/Private/NiagaraDataInterfaceRigidMeshCollisionQuery.ush" 3564
"../../../Engine/Plugins/FX/Niagara/Shaders/Private/NiagaraDistanceFieldQueries.ush" 3565
"../../../Engine/Plugins/FX/Niagara/Shaders/Private/NiagaraDataInterfaceSceneCapture2DTemplate.ush" 3566
"../../../Engine/Plugins/FX/Niagara/Shaders/Private/NiagaraDataInterfaceSimCacheReaderTemplate.ush" 3567
"../../../Engine/Plugins/FX/Niagara/Shaders/Private/NiagaraDataInterfaceSimpleCounterTemplate.ush" 3568
"../../../Engine/Plugins/FX/Niagara/Shaders/Private/NiagaraDataInterfaceSkeletalMesh.ush" 3569
"../../../Engine/Plugins/FX/Niagara/Shaders/Private/NiagaraBaryCentricUtils.ush" 3570
"../../../Engine/Plugins/FX/Niagara/Shaders/Private/NiagaraDataInterfaceSkeletalMeshTemplate.ush" 3571
"../../../Engine/Plugins/FX/Niagara/Shaders/Private/NiagaraDataInterfaceSocketReaderTemplate.ush" 3572
"../../../Engine/Plugins/FX/Niagara/Shaders/Private/NiagaraDataInterfaceSparseVolumeTextureTemplate.ush" 3573
"../../../Engine/Plugins/FX/Niagara/Shaders/Private/NiagaraDataInterfaceSplineTemplate.ush" 3574
"../../../Engine/Plugins/FX/Niagara/Shaders/Private/NiagaraDataInterfaceSpriteRendererInfoTemplate.ush" 3575
"../../../Engine/Plugins/FX/Niagara/Shaders/Private/NiagaraDataInterfaceStaticMeshTemplate.ush" 3576
"../../../Engine/Plugins/FX/Niagara/Shaders/Private/NiagaraDataInterfaceTextureTemplate.ush" 3577
"../../../Engine/Plugins/FX/Niagara/Shaders/Private/NiagaraDataInterfaceVirtualTexture.ush" 3578
"../../../Engine/Plugins/FX/Niagara/Shaders/Private/NiagaraDataInterfaceVirtualTextureTemplate.ush" 3579
"../../../Engine/Plugins/FX/Niagara/Shaders/Private/NiagaraDataInterfaceVolumeCache.ush" 3580
"../../../Engine/Plugins/FX/Niagara/Shaders/Private/NiagaraDataInterfaceVolumeTextureTemplate.ush" 3581
"C:/Users/rudra/AppData/Local/Temp/UnrealShaderWorkingDir/780D0CC24D6C42CFD45D4A81D06721F1/8/WorkerOutputOnly.out" 3582
"C:/Users/rudra/AppData/Local/Temp/UnrealShaderWorkingDir/780D0CC24D6C42CFD45D4A81D06721F1/9/WorkerOutputOnly.out" 3583
"C:/Users/rudra/AppData/Local/Temp/UnrealShaderWorkingDir/780D0CC24D6C42CFD45D4A81D06721F1/0/WorkerOutputOnly.out" 3584
"C:/Users/rudra/AppData/Local/Temp/UnrealShaderWorkingDir/780D0CC24D6C42CFD45D4A81D06721F1/1/WorkerOutputOnly.out" 3585
"C:/Users/rudra/AppData/Local/Temp/UnrealShaderWorkingDir/780D0CC24D6C42CFD45D4A81D06721F1/3/WorkerOutputOnly.out" 3586
"C:/Users/rudra/AppData/Local/Temp/UnrealShaderWorkingDir/780D0CC24D6C42CFD45D4A81D06721F1/2/WorkerOutputOnly.out" 3587
"C:/Users/rudra/AppData/Local/Temp/UnrealShaderWorkingDir/780D0CC24D6C42CFD45D4A81D06721F1/6/WorkerOutputOnly.out" 3588
"C:/Users/rudra/AppData/Local/Temp/UnrealShaderWorkingDir/780D0CC24D6C42CFD45D4A81D06721F1/4/WorkerOutputOnly.out" 3589
"C:/Users/rudra/AppData/Local/Temp/UnrealShaderWorkingDir/780D0CC24D6C42CFD45D4A81D06721F1/5/WorkerOutputOnly.out" 3590
"C:/Users/rudra/AppData/Local/Temp/UnrealShaderWorkingDir/780D0CC24D6C42CFD45D4A81D06721F1/7/WorkerOutputOnly.out" 3591
"C:/Users/rudra/AppData/Local/Temp/UnrealShaderWorkingDir/780D0CC24D6C42CFD45D4A81D06721F1/10/WorkerOutputOnly.out" 3592
"C:/Users/rudra/AppData/Local/Temp/UnrealShaderWorkingDir/780D0CC24D6C42CFD45D4A81D06721F1/11/WorkerOutputOnly.out" 3593
"C:/Users/rudra/AppData/Local/Temp/UnrealShaderWorkingDir/780D0CC24D6C42CFD45D4A81D06721F1/12/WorkerOutputOnly.out" 3594
"E:/Game Engines/Unreal Engine Things/UnrealProjects/B3_Maze/Intermediate/ShaderAutogen/PCD3D_SM5/AutogenShaderHeaders.ush" 3595
"E:/Game Engines/Unreal Engine Things/UnrealProjects/B3_Maze/Content/MazeEscape/Blueprints/UI/WBP_MainMenu.uasset" 3596
"E:/Game Engines/Unreal Engine Things/UnrealProjects/B3_Maze/Content/MazeEscape/Input/IMC_MouseLook.uasset" 3597
"E:/Game Engines/Unreal Engine Things/UnrealProjects/B3_Maze/Content/FirstPerson/Blueprints/BP_FirstPersonCameraManager.uasset" 3598
"E:/Game Engines/Unreal Engine Things/UnrealProjects/B3_Maze/Content/MazeEscape/Input/IMC_Default.uasset" 3599
"E:/Game Engines/Unreal Engine Things/UnrealProjects/B3_Maze/Content/MazeEscape/Widgets/WBP_HUD.uasset" 3600
"E:/Game Engines/Unreal Engine Things/UnrealProjects/B3_Maze/Content/MazeEscape/Blueprints/Characters/Mannequins/Textures/Manny/T_Manny_02_D.uasset" 3601
"E:/Game Engines/Unreal Engine Things/UnrealProjects/B3_Maze/Content/MazeEscape/Blueprints/Characters/Mannequins/Materials/Manny/MI_Manny_02_New.uasset" 3602
"E:/Game Engines/Unreal Engine Things/UnrealProjects/B3_Maze/Content/MazeEscape/Blueprints/Game/BP_PlayerController.uasset" 3603
"E:/Game Engines/Unreal Engine Things/UnrealProjects/B3_Maze/Content/MazeEscape/Blueprints/Characters/Mannequins/Textures/Manny/T_Manny_02_BN.uasset" 3604
"E:/Game Engines/Unreal Engine Things/UnrealProjects/B3_Maze/Content/MazeEscape/Blueprints/Characters/Mannequins/Textures/Manny/T_Manny_02_MRA.uasset" 3605
"E:/Game Engines/Unreal Engine Things/UnrealProjects/B3_Maze/Content/MazeEscape/Blueprints/Characters/Mannequins/Textures/Manny/T_Manny_01_MRA.uasset" 3606
"E:/Game Engines/Unreal Engine Things/UnrealProjects/B3_Maze/Content/MazeEscape/Blueprints/Characters/Mannequins/Textures/Shared/T_UE_Logo_M.uasset" 3607
"E:/Game Engines/Unreal Engine Things/UnrealProjects/B3_Maze/Content/MazeEscape/Blueprints/Characters/Mannequins/Textures/Manny/T_Manny_01_BN.uasset" 3608
"E:/Game Engines/Unreal Engine Things/UnrealProjects/B3_Maze/Content/MazeEscape/Blueprints/Characters/Mannequins/Textures/Manny/T_Manny_01_D.uasset" 3609
"E:/Game Engines/Unreal Engine Things/UnrealProjects/B3_Maze/Content/MazeEscape/Blueprints/Characters/Mannequins/Materials/Manny/MI_Manny_01_New.uasset" 3610
"E:/Game Engines/Unreal Engine Things/UnrealProjects/B3_Maze/Content/MazeEscape/Blueprints/Characters/Mannequins/Rigs/PA_Mannequin.uasset" 3611
"E:/Game Engines/Unreal Engine Things/UnrealProjects/B3_Maze/Content/MazeEscape/Blueprints/Characters/Mannequins/Materials/M_Mannequin.uasset" 3612
"E:/Game Engines/Unreal Engine Things/UnrealProjects/B3_Maze/Content/MazeEscape/Blueprints/Characters/Mannequins/Anims/Unarmed/Jump/MM_Jump.uasset" 3613
"E:/Game Engines/Unreal Engine Things/UnrealProjects/B3_Maze/Content/MazeEscape/Blueprints/Characters/Mannequins/Meshes/SKM_Manny_Simple.uasset" 3614
"E:/Game Engines/Unreal Engine Things/UnrealProjects/B3_Maze/Content/MazeEscape/Blueprints/Characters/Mannequins/Anims/Unarmed/Jump/MM_Land.uasset" 3615
"E:/Game Engines/Unreal Engine Things/UnrealProjects/B3_Maze/Content/MazeEscape/Blueprints/Characters/Mannequins/Anims/Unarmed/Jump/MM_Fall_Loop.uasset" 3616
"E:/Game Engines/Unreal Engine Things/UnrealProjects/B3_Maze/Content/MazeEscape/Blueprints/Characters/Mannequins/Anims/Unarmed/Jog/MF_Unarmed_Jog_Bwd_Left.uasset" 3617
"E:/Game Engines/Unreal Engine Things/UnrealProjects/B3_Maze/Content/MazeEscape/Blueprints/Characters/Mannequins/Anims/Unarmed/Jog/MF_Unarmed_Jog_Bwd.uasset" 3618
"E:/Game Engines/Unreal Engine Things/UnrealProjects/B3_Maze/Content/MazeEscape/Blueprints/Characters/Mannequins/Anims/Unarmed/Jog/MF_Unarmed_Jog_Fwd.uasset" 3619
"E:/Game Engines/Unreal Engine Things/UnrealProjects/B3_Maze/Content/MazeEscape/Blueprints/Characters/Mannequins/Anims/Unarmed/Jog/MF_Unarmed_Jog_Fwd_Right.uasset" 3620
"E:/Game Engines/Unreal Engine Things/UnrealProjects/B3_Maze/Content/MazeEscape/Blueprints/Characters/Mannequins/Anims/Unarmed/Jog/MF_Unarmed_Jog_Fwd_Left.uasset" 3621
"E:/Game Engines/Unreal Engine Things/UnrealProjects/B3_Maze/Content/MazeEscape/Blueprints/Characters/Mannequins/Anims/Unarmed/Jog/MF_Unarmed_Jog_Bwd_Right.uasset" 3622
"E:/Game Engines/Unreal Engine Things/UnrealProjects/B3_Maze/Content/MazeEscape/Blueprints/Characters/Mannequins/Anims/Unarmed/Jog/MF_Unarmed_Jog_Left.uasset" 3623
"E:/Game Engines/Unreal Engine Things/UnrealProjects/B3_Maze/Content/MazeEscape/Blueprints/Characters/Mannequins/Anims/Unarmed/Jog/MF_Unarmed_Jog_Right.uasset" 3624
"E:/Game Engines/Unreal Engine Things/UnrealProjects/B3_Maze/Content/MazeEscape/Blueprints/Characters/Mannequins/Anims/Unarmed/Walk/MF_Unarmed_Walk_Bwd.uasset" 3625
"E:/Game Engines/Unreal Engine Things/UnrealProjects/B3_Maze/Content/MazeEscape/Blueprints/Characters/Mannequins/Anims/Unarmed/Walk/MF_Unarmed_Walk_Bwd_Left.uasset" 3626
"/Game/MazeEscape/Blueprints/UI/WBP_MainMenu" 3627
"E:/Game Engines/Unreal Engine Things/UnrealProjects/B3_Maze/Content/MazeEscape/Blueprints/UI/ButtonOnClick.uasset" 3628
"E:/Game Engines/Unreal Engine Things/UnrealProjects/B3_Maze/Content/MazeEscape/Blueprints/UI/ButtonWithHover.uasset" 3629
"E:/Game Engines/Unreal Engine Things/UnrealProjects/B3_Maze/Content/MazeEscape/Blueprints/UI/ButtonWithoutHover.uasset" 3630
"E:/Game Engines/Unreal Engine Things/UnrealProjects/B3_Maze/Content/MazeEscape/Blueprints/UI/Horror_Maze_Main.uasset" 3631
"/Game/FirstPerson/Blueprints/BP_FirstPersonCameraManager" 3632
"/Game/MazeEscape/Input/IMC_MouseLook" 3633
"E:/Game Engines/Unreal Engine Things/UnrealProjects/B3_Maze/Content/MazeEscape/Input/Actions/IA_MouseLook.uasset" 3634
"/Game/MazeEscape/Input/IMC_Default" 3635
"E:/Game Engines/Unreal Engine Things/UnrealProjects/B3_Maze/Content/MazeEscape/Input/Actions/IA_Jump.uasset" 3636
"E:/Game Engines/Unreal Engine Things/UnrealProjects/B3_Maze/Content/MazeEscape/Input/Actions/IA_Look.uasset" 3637
"E:/Game Engines/Unreal Engine Things/UnrealProjects/B3_Maze/Content/MazeEscape/Input/Actions/IA_Move.uasset" 3638
"/Game/MazeEscape/Widgets/WBP_HUD" 3639
"E:/Game Engines/Unreal Engine Things/UnrealProjects/B3_Maze/Content/__ExternalActors__/MazeEscape/Maps/MainLevel/E/JF/5P6DGZJGL1LMJ1K73ACDQM.uasset" 3640
"E:/Game Engines/Unreal Engine Things/UnrealProjects/B3_Maze/Content/MazeEscape/Blueprints/Game/BP_GameMode.uasset" 3641
"E:/Game Engines/Unreal Engine Things/UnrealProjects/B3_Maze/Content/MazeEscape/Blueprints/Characters/BP_PlayerCharector.uasset" 3642
"E:/Game Engines/Unreal Engine Things/UnrealProjects/B3_Maze/Content/MazeEscape/Blueprints/UI/WBP_Win.uasset" 3643
"E:/Game Engines/Unreal Engine Things/UnrealProjects/B3_Maze/Content/FirstPerson/Anims/ABP_FP_Copy.uasset" 3644
"E:/Game Engines/Unreal Engine Things/UnrealProjects/B3_Maze/Content/MazeEscape/Blueprints/Characters/Mannequins/Anims/Unarmed/ABP_Unarmed.uasset" 3645
"E:/Game Engines/Unreal Engine Things/UnrealProjects/B3_Maze/Content/MazeEscape/Input/Touch/BPI_TouchInterface.uasset" 3646
"E:/Game Engines/Unreal Engine Things/UnrealProjects/B3_Maze/Content/MazeEscape/Input/Touch/UI_TouchSimple.uasset" 3647
"E:/Game Engines/Unreal Engine Things/UnrealProjects/B3_Maze/Content/FirstPerson/Anims/CtrlRig_FPWarp.uasset" 3648
"E:/Game Engines/Unreal Engine Things/UnrealProjects/B3_Maze/Content/MazeEscape/Blueprints/Characters/Mannequins/Meshes/SK_Mannequin.uasset" 3649
"E:/Game Engines/Unreal Engine Things/UnrealProjects/B3_Maze/Content/MazeEscape/Blueprints/Characters/Mannequins/Anims/Unarmed/MM_Idle.uasset" 3650
"E:/Game Engines/Unreal Engine Things/UnrealProjects/B3_Maze/Content/MazeEscape/Blueprints/Characters/Mannequins/Anims/Unarmed/BS_Idle_Walk_Run.uasset" 3651
"E:/Game Engines/Unreal Engine Things/UnrealProjects/B3_Maze/Content/MazeEscape/Blueprints/Characters/Mannequins/Rigs/CR_Mannequin_FootIK.uasset" 3652
"../../../Engine/Content/MobileResources/HUD/VirtualJoystick_Thumb.uasset" 3653
"E:/Game Engines/Unreal Engine Things/UnrealProjects/B3_Maze/Content/MazeEscape/Input/Touch/UI_Thumbstick.uasset" 3654
"../../../Engine/Content/Animation/DefaultAnimBoneCompressionSettings.uasset" 3655
"../../../Engine/Content/Animation/DefaultAnimCurveCompressionSettings.uasset" 3656
"E:/Game Engines/Unreal Engine Things/UnrealProjects/B3_Maze/Content/MazeEscape/Blueprints/Characters/Mannequins/Anims/Unarmed/Walk/MF_Unarmed_Walk_Bwd_Right.uasset" 3657
"E:/Game Engines/Unreal Engine Things/UnrealProjects/B3_Maze/Content/MazeEscape/Blueprints/Characters/Mannequins/Anims/Unarmed/Walk/MF_Unarmed_Walk_Fwd.uasset" 3658
"E:/Game Engines/Unreal Engine Things/UnrealProjects/B3_Maze/Content/MazeEscape/Blueprints/Characters/Mannequins/Anims/Unarmed/Walk/MF_Unarmed_Walk_Fwd_Left.uasset" 3659
"E:/Game Engines/Unreal Engine Things/UnrealProjects/B3_Maze/Content/MazeEscape/Blueprints/Characters/Mannequins/Anims/Unarmed/Walk/MF_Unarmed_Walk_Fwd_Right.uasset" 3660
"E:/Game Engines/Unreal Engine Things/UnrealProjects/B3_Maze/Content/MazeEscape/Blueprints/Characters/Mannequins/Anims/Unarmed/Walk/MF_Unarmed_Walk_Left.uasset" 3661
"E:/Game Engines/Unreal Engine Things/UnrealProjects/B3_Maze/Content/MazeEscape/Blueprints/Characters/Mannequins/Anims/Unarmed/Walk/MF_Unarmed_Walk_Right.uasset" 3662
"../../../Engine/Content/MobileResources/HUD/VirtualJoystick_Background.uasset" 3663
"../../../Engine/Content/EditorResources/BadBlueprintSprite.uasset" 3664
"../../../Engine/Content/EngineSounds/Submixes/MasterReverbEffectPreset.uasset" 3665
"../../../Engine/Content/EngineSounds/Submixes/MasterSubmixDefault.uasset" 3666
"../../../Engine/Content/EngineSounds/Submixes/MasterEQSubmixDefault.uasset" 3667
"../../../Engine/Content/EngineSounds/Submixes/MasterReverbSubmixDefault.uasset" 3668
"../../../Engine/Content/EngineSounds/Submixes/MasterEQEffectPreset.uasset" 3669
"E:/Game Engines/Unreal Engine Things/UnrealProjects/B3_Maze/Content/FirstPerson/Blueprints/BP_FirstPersonPlayerController.uasset" 3670
"E:/Game Engines/Unreal Engine Things/UnrealProjects/B3_Maze/Content/FirstPerson/Blueprints/BP_FirstPersonGameMode.uasset" 3671
"E:/Game Engines/Unreal Engine Things/UnrealProjects/B3_Maze/Content/FirstPerson/Blueprints/BP_FirstPersonCharacter.uasset" 3672
"/Engine/EditorResources/BadBlueprintSprite" 3673
"/Engine/EngineSounds/Submixes/MasterReverbEffectPreset" 3674
"/Engine/EngineSounds/Submixes/MasterEQEffectPreset" 3675
"/Engine/EngineSounds/Submixes/MasterEQSubmixDefault" 3676
"/Game/FirstPerson/Blueprints/BP_FirstPersonCharacter" 3677
"../../../Engine/Plugins/Interchange/Assets/Content/gltf/Textures/T_Generic_N.uasset" 3678
"../../../Engine/Plugins/Interchange/Assets/Content/gltf/MaterialFunctions/MF_Clearcoat.uasset" 3679
"../../../Engine/Plugins/Interchange/Assets/Content/gltf/Textures/T_Anisotropy_Direction_Linear.uasset" 3680
"../../../Engine/Content/Functions/Engine_MaterialFunctions01/Texturing/FlattenNormal.uasset" 3681
"../../../Engine/Plugins/Interchange/Assets/Content/gltf/MaterialBodies/MF_ClearCoat_Body.uasset" 3682
"../../../Engine/Plugins/Interchange/Assets/Content/gltf/MaterialFunctions/MF_Occlusion.uasset" 3683
"../../../Engine/Plugins/Interchange/Assets/Content/gltf/MaterialFunctions/MF_Emissive.uasset" 3684
"../../../Engine/Plugins/Interchange/Assets/Content/gltf/MaterialFunctions/MF_Iridescence.uasset" 3685
"E:/Game Engines/Unreal Engine Things/UnrealProjects/B3_Maze/Content/MazeEscape/Maps/MainLevel.umap" 3686
"../../../Engine/Plugins/Interchange/Assets/Content/gltf/MaterialFunctions/MF_RotateNormals_TS.uasset" 3687
"../../../Engine/Plugins/Interchange/Assets/Content/gltf/MaterialFunctions/MF_IOR.uasset" 3688
"../../../Engine/Plugins/Interchange/Assets/Content/gltf/MaterialFunctions/MF_ScaleNormal.uasset" 3689
"../../../Engine/Plugins/Interchange/Assets/Content/gltf/MaterialFunctions/MF_BaseColor.uasset" 3690
"../../../Engine/Plugins/Interchange/Assets/Content/gltf/MaterialFunctions/MF_Specular.uasset" 3691
"../../../Engine/Plugins/Interchange/Assets/Content/gltf/Textures/T_White_srgb.uasset" 3692
"../../../Engine/Plugins/Interchange/Assets/Content/gltf/Textures/T_White_Linear.uasset" 3693
"../../../Engine/Plugins/Interchange/Assets/Content/gltf/MaterialFunctions/MF_RotateV2.uasset" 3694
"../../../Engine/Plugins/Interchange/Assets/Content/Functions/MF_IridescenceNoLUT.uasset" 3695
"../../../Engine/Plugins/Interchange/Assets/Content/gltf/MaterialFunctions/MF_TransformUVs.uasset" 3696
"../../../Engine/Plugins/Interchange/Assets/Content/gltf/MaterialFunctions/MF_MetallicRoughness.uasset" 3697
"../../../Engine/Plugins/Interchange/Assets/Content/gltf/MaterialFunctions/MF_SpecularAnisotropy.uasset" 3698
"../../../Engine/Plugins/Interchange/Assets/Content/gltf/MaterialFunctions/MF_Normals.uasset" 3699
"/Game/__ExternalActors__/MazeEscape/Maps/MainLevel/E/JF/5P6DGZJGL1LMJ1K73ACDQM" 3700
"/InterchangeAssets/gltf/MaterialFunctions/MF_BaseColor" 3701
"/InterchangeAssets/gltf/MaterialFunctions/MF_RotateV2" 3702
"/InterchangeAssets/gltf/MaterialFunctions/MF_TransformUVs" 3703
"/InterchangeAssets/gltf/MaterialFunctions/MF_IOR" 3704
"/InterchangeAssets/gltf/MaterialFunctions/MF_Iridescence" 3705
"/InterchangeAssets/gltf/MaterialFunctions/MF_MetallicRoughness" 3706
"/Game/FirstPerson/Blueprints/BP_FirstPersonPlayerController" 3707
"/Game/FirstPerson/Blueprints/BP_FirstPersonGameMode" 3708
"../../../Engine/Content/Functions/Engine_MaterialFunctions03/Math/RemapValueRange.uasset" 3709
"/Engine/Functions/Engine_MaterialFunctions01/Texturing/FlattenNormal" 3710
"/InterchangeAssets/gltf/MaterialFunctions/MF_Clearcoat" 3711
"/InterchangeAssets/gltf/MaterialBodies/MF_ClearCoat_Body" 3712
"../../../Engine/Plugins/Interchange/Assets/Content/Utilities/New_LUT.uasset" 3713
"../../../Engine/Plugins/Interchange/Assets/Content/gltf/M_ClearCoat.uasset" 3714
"../../../Engine/Plugins/Interchange/Assets/Content/gltf/MaterialInstances/MI_ClearCoat_Opaque.uasset" 3715
"../../../Engine/Plugins/Interchange/Assets/Content/gltf/MaterialInstances/MI_ClearCoat_Blend.uasset" 3716
"../../../Engine/Plugins/Interchange/Assets/Content/gltf/MaterialInstances/MI_ClearCoat_Mask.uasset" 3717
"../../../Engine/Plugins/Interchange/Assets/Content/Functions/MF_Iridescence.uasset" 3718
"/InterchangeAssets/gltf/MaterialInstances/MI_ClearCoat_Blend" 3719
"../../../Engine/Plugins/Interchange/Assets/Content/gltf/MaterialInstances/MI_ClearCoat_Opaque_DS.uasset" 3720
"/InterchangeAssets/gltf/MaterialInstances/MI_ClearCoat_Mask" 3721
"../../../Engine/Plugins/Interchange/Assets/Content/gltf/MaterialInstances/MI_ClearCoat_Mask_DS.uasset" 3722
"/InterchangeAssets/gltf/MaterialInstances/MI_ClearCoat_Opaque" 3723
"/InterchangeAssets/gltf/MaterialInstances/MI_ClearCoat_Mask_DS" 3724
"/InterchangeAssets/gltf/MaterialInstances/MI_ClearCoat_Opaque_DS" 3725
"../../../Engine/Plugins/Interchange/Assets/Content/gltf/M_Default.uasset" 3726
"../../../Engine/Plugins/Interchange/Assets/Content/gltf/MaterialBodies/MF_Default_Body.uasset" 3727
"../../../Engine/Plugins/Interchange/Assets/Content/gltf/MaterialInstances/MI_Default_Opaque_DS.uasset" 3728
"../../../Engine/Plugins/Interchange/Assets/Content/gltf/MaterialInstances/MI_Default_Opaque.uasset" 3729
"../../../Engine/Plugins/Interchange/Assets/Content/gltf/MaterialInstances/MI_ClearCoat_Blend_DS.uasset" 3730
"../../../Engine/Plugins/Interchange/Assets/Content/gltf/MaterialBodies/MF_Sheen_Body.uasset" 3731
"../../../Engine/Plugins/Interchange/Assets/Content/gltf/MaterialInstances/MI_Sheen_Opaque.uasset" 3732
"../../../Engine/Plugins/Interchange/Assets/Content/gltf/MaterialFunctions/MF_Sheen.uasset" 3733
"../../../Engine/Plugins/Interchange/Assets/Content/gltf/MaterialInstances/MI_Default_Blend.uasset" 3734
"../../../Engine/Plugins/Interchange/Assets/Content/gltf/M_Sheen.uasset" 3735
"../../../Engine/Plugins/Interchange/Assets/Content/gltf/MaterialInstances/MI_Sheen_Mask.uasset" 3736
"../../../Engine/Plugins/Interchange/Assets/Content/gltf/MaterialInstances/MI_Sheen_Blend_DS.uasset" 3737
"../../../Engine/Plugins/Interchange/Assets/Content/gltf/MaterialInstances/MI_Sheen_Mask_DS.uasset" 3738
"../../../Engine/Plugins/Interchange/Assets/Content/gltf/MaterialFunctions/MF_Transmission.uasset" 3739
"../../../Engine/Plugins/Interchange/Assets/Content/gltf/MaterialFunctions/MF_Temporal_Blur.uasset" 3740
"../../../Engine/Plugins/Interchange/Assets/Content/gltf/MaterialBodies/MF_Transmission_Body.uasset" 3741
"../../../Engine/Content/Functions/Engine_MaterialFunctions02/Texturing/ScreenAlignedPixelToPixelUVs.uasset" 3742
"../../../Engine/Plugins/Interchange/Assets/Content/gltf/M_Transmission.uasset" 3743
"../../../Engine/Plugins/Interchange/Assets/Content/gltf/MaterialFunctions/MF_PerceivedBrightness.uasset" 3744
"../../../Engine/Plugins/Interchange/Assets/Content/gltf/MaterialInstances/MI_Transmission_DS.uasset" 3745
"../../../Engine/Plugins/Interchange/Assets/Content/gltf/MaterialFunctions/MF_SpecGlossToMetalRoughness.uasset" 3746
"../../../Engine/Plugins/Interchange/Assets/Content/gltf/MaterialFunctions/MF_MaxComponentValue.uasset" 3747
"../../../Engine/Plugins/Interchange/Assets/Content/gltf/MaterialFunctions/MF_DiffuseSpecGloss.uasset" 3748
"../../../Engine/Plugins/Interchange/Assets/Content/gltf/MaterialBodies/MF_SpecularGlossiness_Body.uasset" 3749
"../../../Engine/Content/Functions/Engine_MaterialFunctions02/Math/AddComponents.uasset" 3750
"../../../Engine/Plugins/Interchange/Assets/Content/gltf/MaterialInstances/MI_Default_Mask.uasset" 3751
"../../../Engine/Plugins/Interchange/Assets/Content/gltf/MaterialInstances/MI_Default_Mask_DS.uasset" 3752
"../../../Engine/Plugins/Interchange/Assets/Content/gltf/MaterialInstances/MI_Transmission.uasset" 3753
"../../../Engine/Plugins/Interchange/Assets/Content/gltf/MaterialInstances/MI_Sheen_Opaque_DS.uasset" 3754
"../../../Engine/Plugins/Interchange/Assets/Content/gltf/MaterialInstances/MI_Sheen_Blend.uasset" 3755
"../../../Engine/Plugins/Interchange/Assets/Content/gltf/MaterialFunctions/MF_Fresnel_DS.uasset" 3756
"../../../Engine/Plugins/Interchange/Assets/Content/gltf/MaterialInstances/MI_Default_Blend_DS.uasset" 3757
"/Game/__ExternalActors__/MazeEscape/Maps/MainLevel/0/6H/TJYVUUD3BJESIS84BK0SRU" 3758
"E:/Game Engines/Unreal Engine Things/UnrealProjects/B3_Maze/Content/__ExternalActors__/MazeEscape/Maps/MainLevel/0/6H/TJYVUUD3BJESIS84BK0SRU.uasset" 3759
"E:/Game Engines/Unreal Engine Things/UnrealProjects/B3_Maze/Content/LevelPrototyping/Materials/MI_PrototypeGrid_Gray.uasset" 3760
"../../../Engine/Content/MapTemplates/SM_Template_Map_Floor.uasset" 3761
"E:/Game Engines/Unreal Engine Things/UnrealProjects/B3_Maze/Content/LevelPrototyping/Materials/M_PrototypeGrid.uasset" 3762
"../../../Engine/Content/Functions/Engine_MaterialFunctions01/Gradient/LinearGradient.uasset" 3763
"../../../Engine/Content/Functions/Engine_MaterialFunctions01/ImageAdjustment/CheapContrast.uasset" 3764
"E:/Game Engines/Unreal Engine Things/UnrealProjects/B3_Maze/Content/LevelPrototyping/Materials/MF_ProcGrid.uasset" 3765
"E:/Game Engines/Unreal Engine Things/UnrealProjects/B3_Maze/Content/LevelPrototyping/Textures/T_GridChecker_A.uasset" 3766
"/Game/__ExternalActors__/MazeEscape/Maps/MainLevel/0/77/9M07UW76V644B3SF1CCN6D" 3767
"E:/Game Engines/Unreal Engine Things/UnrealProjects/B3_Maze/Content/__ExternalActors__/MazeEscape/Maps/MainLevel/0/77/9M07UW76V644B3SF1CCN6D.uasset" 3768
"/Game/__ExternalActors__/MazeEscape/Maps/MainLevel/0/FL/8VEHDNSXJV2AK7EMTTA9VA" 3769
"E:/Game Engines/Unreal Engine Things/UnrealProjects/B3_Maze/Content/__ExternalActors__/MazeEscape/Maps/MainLevel/0/FL/8VEHDNSXJV2AK7EMTTA9VA.uasset" 3770
"/Game/__ExternalActors__/MazeEscape/Maps/MainLevel/0/MR/MH6GF6J37B5AWAWHY5G9OW" 3771
"E:/Game Engines/Unreal Engine Things/UnrealProjects/B3_Maze/Content/__ExternalActors__/MazeEscape/Maps/MainLevel/0/MR/MH6GF6J37B5AWAWHY5G9OW.uasset" 3772
"/Game/__ExternalActors__/MazeEscape/Maps/MainLevel/0/QM/TIN2Z02KPWECSR8416HMB3" 3773
"E:/Game Engines/Unreal Engine Things/UnrealProjects/B3_Maze/Content/__ExternalActors__/MazeEscape/Maps/MainLevel/0/QM/TIN2Z02KPWECSR8416HMB3.uasset" 3774
"/Game/__ExternalActors__/MazeEscape/Maps/MainLevel/0/RE/RUK3XMC1RTGAUUPWBY6I1A" 3775
"E:/Game Engines/Unreal Engine Things/UnrealProjects/B3_Maze/Content/__ExternalActors__/MazeEscape/Maps/MainLevel/0/RE/RUK3XMC1RTGAUUPWBY6I1A.uasset" 3776
"/Game/__ExternalActors__/MazeEscape/Maps/MainLevel/0/UL/ATFT229XX9BV7RT3855GKN" 3777
"E:/Game Engines/Unreal Engine Things/UnrealProjects/B3_Maze/Content/__ExternalActors__/MazeEscape/Maps/MainLevel/0/UL/ATFT229XX9BV7RT3855GKN.uasset" 3778
"/Game/__ExternalActors__/MazeEscape/Maps/MainLevel/0/YL/86E0J9ZL0O018ZKJU4AHQI" 3779
"E:/Game Engines/Unreal Engine Things/UnrealProjects/B3_Maze/Content/__ExternalActors__/MazeEscape/Maps/MainLevel/0/YL/86E0J9ZL0O018ZKJU4AHQI.uasset" 3780
"/Game/__ExternalActors__/MazeEscape/Maps/MainLevel/1/9C/I162I07YZAYBMWXL0NAX35" 3781
"E:/Game Engines/Unreal Engine Things/UnrealProjects/B3_Maze/Content/__ExternalActors__/MazeEscape/Maps/MainLevel/1/9C/I162I07YZAYBMWXL0NAX35.uasset" 3782
"/Game/__ExternalActors__/MazeEscape/Maps/MainLevel/1/CV/5S8UTCH55QMMDTIK2UJW65" 3783
"E:/Game Engines/Unreal Engine Things/UnrealProjects/B3_Maze/Content/__ExternalActors__/MazeEscape/Maps/MainLevel/1/CV/5S8UTCH55QMMDTIK2UJW65.uasset" 3784
"/Game/__ExternalActors__/MazeEscape/Maps/MainLevel/1/E3/0ACTKGLO7PB72NFFIYMBCC" 3785
"E:/Game Engines/Unreal Engine Things/UnrealProjects/B3_Maze/Content/__ExternalActors__/MazeEscape/Maps/MainLevel/1/E3/0ACTKGLO7PB72NFFIYMBCC.uasset" 3786
"/Game/__ExternalActors__/MazeEscape/Maps/MainLevel/1/V9/7L7HCAV5LVUXIDMPXURS3I" 3787
"E:/Game Engines/Unreal Engine Things/UnrealProjects/B3_Maze/Content/__ExternalActors__/MazeEscape/Maps/MainLevel/1/V9/7L7HCAV5LVUXIDMPXURS3I.uasset" 3788
"/Game/__ExternalActors__/MazeEscape/Maps/MainLevel/2/E3/9HPDXP1D61591LQ64Z35GH" 3789
"E:/Game Engines/Unreal Engine Things/UnrealProjects/B3_Maze/Content/__ExternalActors__/MazeEscape/Maps/MainLevel/2/E3/9HPDXP1D61591LQ64Z35GH.uasset" 3790
"/Game/__ExternalActors__/MazeEscape/Maps/MainLevel/2/FZ/GVK2NCJGFNVPOF3FJTVRUH" 3791
"E:/Game Engines/Unreal Engine Things/UnrealProjects/B3_Maze/Content/__ExternalActors__/MazeEscape/Maps/MainLevel/2/FZ/GVK2NCJGFNVPOF3FJTVRUH.uasset" 3792
"E:/Game Engines/Unreal Engine Things/UnrealProjects/B3_Maze/Content/MazeEscape/Blueprints/AI/Patrol/BP_PatrolPoint.uasset" 3793
"/Game/__ExternalActors__/MazeEscape/Maps/MainLevel/C/VJ/H9A11YH18U8ZEBU9KWSUJZ" 3794
"E:/Game Engines/Unreal Engine Things/UnrealProjects/B3_Maze/Content/__ExternalActors__/MazeEscape/Maps/MainLevel/C/VJ/H9A11YH18U8ZEBU9KWSUJZ.uasset" 3795
"E:/Game Engines/Unreal Engine Things/UnrealProjects/B3_Maze/Content/__ExternalActors__/MazeEscape/Maps/MainLevel/C/Y2/AVWJY2B9U8LAWZBSX86NE3.uasset" 3796
"E:/Game Engines/Unreal Engine Things/UnrealProjects/B3_Maze/Content/MazeEscape/Blueprints/AI/Controllers/BP_EnemyController.uasset" 3797
"../../../Engine/Content/EditorBlueprintResources/StandardMacros.uasset" 3798
"/Game/__ExternalActors__/MazeEscape/Maps/MainLevel/2/V5/JS05WUUW9DH9G1SO1Z3ICW" 3799
"E:/Game Engines/Unreal Engine Things/UnrealProjects/B3_Maze/Content/__ExternalActors__/MazeEscape/Maps/MainLevel/2/V5/JS05WUUW9DH9G1SO1Z3ICW.uasset" 3800
"/Game/__ExternalActors__/MazeEscape/Maps/MainLevel/2/V9/SPCLXTOIN9UY4R44339N3P" 3801
"E:/Game Engines/Unreal Engine Things/UnrealProjects/B3_Maze/Content/__ExternalActors__/MazeEscape/Maps/MainLevel/2/V9/SPCLXTOIN9UY4R44339N3P.uasset" 3802
"/Game/__ExternalActors__/MazeEscape/Maps/MainLevel/3/55/7HPCLVTS2O0XBAPYRCO9MB" 3803
"E:/Game Engines/Unreal Engine Things/UnrealProjects/B3_Maze/Content/__ExternalActors__/MazeEscape/Maps/MainLevel/3/55/7HPCLVTS2O0XBAPYRCO9MB.uasset" 3804
"/Game/__ExternalActors__/MazeEscape/Maps/MainLevel/3/DE/DMX1CJ4CYGKZMWD49O4RLJ" 3805
"E:/Game Engines/Unreal Engine Things/UnrealProjects/B3_Maze/Content/__ExternalActors__/MazeEscape/Maps/MainLevel/3/DE/DMX1CJ4CYGKZMWD49O4RLJ.uasset" 3806
"/Game/__ExternalActors__/MazeEscape/Maps/MainLevel/3/J1/XI64LOWPZVWE3ZN4SOIWJB" 3807
"E:/Game Engines/Unreal Engine Things/UnrealProjects/B3_Maze/Content/__ExternalActors__/MazeEscape/Maps/MainLevel/3/J1/XI64LOWPZVWE3ZN4SOIWJB.uasset" 3808
"/Game/__ExternalActors__/MazeEscape/Maps/MainLevel/3/JT/A2ZB4IXNCGI6RJBNUUGNCS" 3809
"E:/Game Engines/Unreal Engine Things/UnrealProjects/B3_Maze/Content/__ExternalActors__/MazeEscape/Maps/MainLevel/3/JT/A2ZB4IXNCGI6RJBNUUGNCS.uasset" 3810
"/Game/__ExternalActors__/MazeEscape/Maps/MainLevel/3/P3/86J7NMR9G24XX2MCQ44W0R" 3811
"E:/Game Engines/Unreal Engine Things/UnrealProjects/B3_Maze/Content/__ExternalActors__/MazeEscape/Maps/MainLevel/3/P3/86J7NMR9G24XX2MCQ44W0R.uasset" 3812
"/Game/__ExternalActors__/MazeEscape/Maps/MainLevel/3/P8/MQ6VIF94H2TSKERNEJYEXO" 3813
"E:/Game Engines/Unreal Engine Things/UnrealProjects/B3_Maze/Content/__ExternalActors__/MazeEscape/Maps/MainLevel/3/P8/MQ6VIF94H2TSKERNEJYEXO.uasset" 3814
"/Game/__ExternalActors__/MazeEscape/Maps/MainLevel/3/QN/ZHSI2NHRGJLZ91VCS7ZM7G" 3815
"E:/Game Engines/Unreal Engine Things/UnrealProjects/B3_Maze/Content/__ExternalActors__/MazeEscape/Maps/MainLevel/3/QN/ZHSI2NHRGJLZ91VCS7ZM7G.uasset" 3816
"/Game/__ExternalActors__/MazeEscape/Maps/MainLevel/3/S5/1EXUASD4G9RR7QKAWKLENN" 3817
"E:/Game Engines/Unreal Engine Things/UnrealProjects/B3_Maze/Content/__ExternalActors__/MazeEscape/Maps/MainLevel/3/S5/1EXUASD4G9RR7QKAWKLENN.uasset" 3818
"/Game/__ExternalActors__/MazeEscape/Maps/MainLevel/4/03/6365ZVSRBYWR4F0Y1K508E" 3819
"E:/Game Engines/Unreal Engine Things/UnrealProjects/B3_Maze/Content/__ExternalActors__/MazeEscape/Maps/MainLevel/4/03/6365ZVSRBYWR4F0Y1K508E.uasset" 3820
"/Game/__ExternalActors__/MazeEscape/Maps/MainLevel/4/0X/FY30TNLHBO2T5B6963OE3O" 3821
"E:/Game Engines/Unreal Engine Things/UnrealProjects/B3_Maze/Content/__ExternalActors__/MazeEscape/Maps/MainLevel/4/0X/FY30TNLHBO2T5B6963OE3O.uasset" 3822
"/Game/__ExternalActors__/MazeEscape/Maps/MainLevel/4/6B/QXXYS3MMT0FRETQS79KJT7" 3823
"E:/Game Engines/Unreal Engine Things/UnrealProjects/B3_Maze/Content/__ExternalActors__/MazeEscape/Maps/MainLevel/4/6B/QXXYS3MMT0FRETQS79KJT7.uasset" 3824
"/Game/__ExternalActors__/MazeEscape/Maps/MainLevel/4/EC/1H0BJ7YXM51N8LWNORD6Q0" 3825
"E:/Game Engines/Unreal Engine Things/UnrealProjects/B3_Maze/Content/__ExternalActors__/MazeEscape/Maps/MainLevel/4/EC/1H0BJ7YXM51N8LWNORD6Q0.uasset" 3826
"/Game/__ExternalActors__/MazeEscape/Maps/MainLevel/4/SE/GBDO6BVWMAWYQP95N83TQ7" 3827
"E:/Game Engines/Unreal Engine Things/UnrealProjects/B3_Maze/Content/__ExternalActors__/MazeEscape/Maps/MainLevel/4/SE/GBDO6BVWMAWYQP95N83TQ7.uasset" 3828
"/Game/__ExternalActors__/MazeEscape/Maps/MainLevel/4/VW/ABSVDFV674QYSJE0AYOQZ5" 3829
"E:/Game Engines/Unreal Engine Things/UnrealProjects/B3_Maze/Content/__ExternalActors__/MazeEscape/Maps/MainLevel/4/VW/ABSVDFV674QYSJE0AYOQZ5.uasset" 3830
"/Game/__ExternalActors__/MazeEscape/Maps/MainLevel/4/X8/5LUOW0Z8EDUE31OZLWEB1G" 3831
"E:/Game Engines/Unreal Engine Things/UnrealProjects/B3_Maze/Content/__ExternalActors__/MazeEscape/Maps/MainLevel/4/X8/5LUOW0Z8EDUE31OZLWEB1G.uasset" 3832
"/Game/__ExternalActors__/MazeEscape/Maps/MainLevel/4/ZD/K2FYBG2ZVY1T66ATUBNBDA" 3833
"E:/Game Engines/Unreal Engine Things/UnrealProjects/B3_Maze/Content/__ExternalActors__/MazeEscape/Maps/MainLevel/4/ZD/K2FYBG2ZVY1T66ATUBNBDA.uasset" 3834
"/Game/__ExternalActors__/MazeEscape/Maps/MainLevel/5/0C/BKZCPCO5G4OX2TAU0YQU83" 3835
"E:/Game Engines/Unreal Engine Things/UnrealProjects/B3_Maze/Content/__ExternalActors__/MazeEscape/Maps/MainLevel/5/0C/BKZCPCO5G4OX2TAU0YQU83.uasset" 3836
"/Game/__ExternalActors__/MazeEscape/Maps/MainLevel/5/6Q/3JWBH2X84JM7JQ6M2X5PVD" 3837
"E:/Game Engines/Unreal Engine Things/UnrealProjects/B3_Maze/Content/__ExternalActors__/MazeEscape/Maps/MainLevel/5/6Q/3JWBH2X84JM7JQ6M2X5PVD.uasset" 3838
"/Game/__ExternalActors__/MazeEscape/Maps/MainLevel/5/7C/UPPZ39JP1GB6DEOARAVEJK" 3839
"E:/Game Engines/Unreal Engine Things/UnrealProjects/B3_Maze/Content/__ExternalActors__/MazeEscape/Maps/MainLevel/5/7C/UPPZ39JP1GB6DEOARAVEJK.uasset" 3840
"/Game/__ExternalActors__/MazeEscape/Maps/MainLevel/5/7N/S7T5SRP501USCQ1JG1DCNW" 3841
"E:/Game Engines/Unreal Engine Things/UnrealProjects/B3_Maze/Content/__ExternalActors__/MazeEscape/Maps/MainLevel/5/7N/S7T5SRP501USCQ1JG1DCNW.uasset" 3842
"/Game/__ExternalActors__/MazeEscape/Maps/MainLevel/5/HT/JZFV4A7GQVTVNUQEW58L3D" 3843
"E:/Game Engines/Unreal Engine Things/UnrealProjects/B3_Maze/Content/__ExternalActors__/MazeEscape/Maps/MainLevel/5/HT/JZFV4A7GQVTVNUQEW58L3D.uasset" 3844
"/Game/__ExternalActors__/MazeEscape/Maps/MainLevel/5/U7/AIITV49GZEJSKGAWNN1QL4" 3845
"E:/Game Engines/Unreal Engine Things/UnrealProjects/B3_Maze/Content/__ExternalActors__/MazeEscape/Maps/MainLevel/5/U7/AIITV49GZEJSKGAWNN1QL4.uasset" 3846
"/Game/__ExternalActors__/MazeEscape/Maps/MainLevel/6/21/ZHPPOWGJ90O0NCJCIO3UV0" 3847
"E:/Game Engines/Unreal Engine Things/UnrealProjects/B3_Maze/Content/__ExternalActors__/MazeEscape/Maps/MainLevel/6/21/ZHPPOWGJ90O0NCJCIO3UV0.uasset" 3848
"/Game/__ExternalActors__/MazeEscape/Maps/MainLevel/6/6B/ZV7ZS6NSGKRU2EEJKSI5V3" 3849
"E:/Game Engines/Unreal Engine Things/UnrealProjects/B3_Maze/Content/__ExternalActors__/MazeEscape/Maps/MainLevel/6/6B/ZV7ZS6NSGKRU2EEJKSI5V3.uasset" 3850
"/Game/__ExternalActors__/MazeEscape/Maps/MainLevel/6/EP/1KUOUTUH7EATT95BLCBJAF" 3851
"E:/Game Engines/Unreal Engine Things/UnrealProjects/B3_Maze/Content/__ExternalActors__/MazeEscape/Maps/MainLevel/6/EP/1KUOUTUH7EATT95BLCBJAF.uasset" 3852
"/Game/__ExternalActors__/MazeEscape/Maps/MainLevel/6/FQ/5DAZWGVNMY8K5XTV1RN05F" 3853
"E:/Game Engines/Unreal Engine Things/UnrealProjects/B3_Maze/Content/__ExternalActors__/MazeEscape/Maps/MainLevel/6/FQ/5DAZWGVNMY8K5XTV1RN05F.uasset" 3854
"/Game/__ExternalActors__/MazeEscape/Maps/MainLevel/6/MO/L4QHJNPGOULYI5NVA8CAPB" 3855
"E:/Game Engines/Unreal Engine Things/UnrealProjects/B3_Maze/Content/__ExternalActors__/MazeEscape/Maps/MainLevel/6/MO/L4QHJNPGOULYI5NVA8CAPB.uasset" 3856
"/Game/__ExternalActors__/MazeEscape/Maps/MainLevel/6/SY/R5W4I5020C9HPG8XVWXP0J" 3857
"E:/Game Engines/Unreal Engine Things/UnrealProjects/B3_Maze/Content/__ExternalActors__/MazeEscape/Maps/MainLevel/6/SY/R5W4I5020C9HPG8XVWXP0J.uasset" 3858
"/Game/__ExternalActors__/MazeEscape/Maps/MainLevel/7/Q1/XX72OPXPWDVYFNBIEMDVZL" 3859
"E:/Game Engines/Unreal Engine Things/UnrealProjects/B3_Maze/Content/__ExternalActors__/MazeEscape/Maps/MainLevel/7/Q1/XX72OPXPWDVYFNBIEMDVZL.uasset" 3860
"E:/Game Engines/Unreal Engine Things/UnrealProjects/B3_Maze/Content/__ExternalActors__/MazeEscape/Maps/MainLevel/C/S8/NVOA7ZF55ZS3S0I0CC9UA0.uasset" 3861
"E:/Game Engines/Unreal Engine Things/UnrealProjects/B3_Maze/Content/__ExternalActors__/MazeEscape/Maps/MainLevel/E/L6/H5SP3BQDYKPDAK6G1PHTKW.uasset" 3862
"/Game/__ExternalActors__/MazeEscape/Maps/MainLevel/8/8N/SAW00IGWGWQU2PJ5MANRX2" 3863
"E:/Game Engines/Unreal Engine Things/UnrealProjects/B3_Maze/Content/__ExternalActors__/MazeEscape/Maps/MainLevel/8/8N/SAW00IGWGWQU2PJ5MANRX2.uasset" 3864
"/Game/__ExternalActors__/MazeEscape/Maps/MainLevel/8/A6/Y85QHZIQGNO2UX62GHEX1E" 3865
"E:/Game Engines/Unreal Engine Things/UnrealProjects/B3_Maze/Content/__ExternalActors__/MazeEscape/Maps/MainLevel/8/A6/Y85QHZIQGNO2UX62GHEX1E.uasset" 3866
"/Game/__ExternalActors__/MazeEscape/Maps/MainLevel/8/BC/4QP3T69FGJSTPXLFGOH9KL" 3867
"E:/Game Engines/Unreal Engine Things/UnrealProjects/B3_Maze/Content/__ExternalActors__/MazeEscape/Maps/MainLevel/8/BC/4QP3T69FGJSTPXLFGOH9KL.uasset" 3868
"/Game/__ExternalActors__/MazeEscape/Maps/MainLevel/8/BG/HRM34H8R2Z98CEP0A2HH2H" 3869
"E:/Game Engines/Unreal Engine Things/UnrealProjects/B3_Maze/Content/__ExternalActors__/MazeEscape/Maps/MainLevel/8/BG/HRM34H8R2Z98CEP0A2HH2H.uasset" 3870
"/Game/__ExternalActors__/MazeEscape/Maps/MainLevel/8/CB/MNGPHY6TFUWLBNPH5MZ2NC" 3871
"E:/Game Engines/Unreal Engine Things/UnrealProjects/B3_Maze/Content/__ExternalActors__/MazeEscape/Maps/MainLevel/8/CB/MNGPHY6TFUWLBNPH5MZ2NC.uasset" 3872
"/Game/__ExternalActors__/MazeEscape/Maps/MainLevel/8/EQ/WUW7PJW0AV9K9G6NYOVNZB" 3873
"E:/Game Engines/Unreal Engine Things/UnrealProjects/B3_Maze/Content/__ExternalActors__/MazeEscape/Maps/MainLevel/8/EQ/WUW7PJW0AV9K9G6NYOVNZB.uasset" 3874
"/Game/__ExternalActors__/MazeEscape/Maps/MainLevel/8/FJ/W16L3X3QP3ED3J0NNP8OSP" 3875
"E:/Game Engines/Unreal Engine Things/UnrealProjects/B3_Maze/Content/__ExternalActors__/MazeEscape/Maps/MainLevel/8/FJ/W16L3X3QP3ED3J0NNP8OSP.uasset" 3876
"/Game/__ExternalActors__/MazeEscape/Maps/MainLevel/8/HS/IGEEZZ6NLREYB81X7HKPMC" 3877
"E:/Game Engines/Unreal Engine Things/UnrealProjects/B3_Maze/Content/__ExternalActors__/MazeEscape/Maps/MainLevel/8/HS/IGEEZZ6NLREYB81X7HKPMC.uasset" 3878
"/Game/__ExternalActors__/MazeEscape/Maps/MainLevel/8/NH/R4A8S7IT7O0MTGGGJB58FO" 3879
"E:/Game Engines/Unreal Engine Things/UnrealProjects/B3_Maze/Content/__ExternalActors__/MazeEscape/Maps/MainLevel/8/NH/R4A8S7IT7O0MTGGGJB58FO.uasset" 3880
"/Game/__ExternalActors__/MazeEscape/Maps/MainLevel/8/V0/U6B4108XFMSTF6LT51E2LF" 3881
"E:/Game Engines/Unreal Engine Things/UnrealProjects/B3_Maze/Content/__ExternalActors__/MazeEscape/Maps/MainLevel/8/V0/U6B4108XFMSTF6LT51E2LF.uasset" 3882
"/Game/__ExternalActors__/MazeEscape/Maps/MainLevel/9/0O/73E6ZRAOHY6J77HF1PN9RJ" 3883
"E:/Game Engines/Unreal Engine Things/UnrealProjects/B3_Maze/Content/__ExternalActors__/MazeEscape/Maps/MainLevel/9/0O/73E6ZRAOHY6J77HF1PN9RJ.uasset" 3884
"/Game/__ExternalActors__/MazeEscape/Maps/MainLevel/9/3Z/73ZNUN89TVIZOS197NMO2M" 3885
"E:/Game Engines/Unreal Engine Things/UnrealProjects/B3_Maze/Content/__ExternalActors__/MazeEscape/Maps/MainLevel/9/3Z/73ZNUN89TVIZOS197NMO2M.uasset" 3886
"../../../Engine/Content/EngineSky/M_SimpleSkyDome.uasset" 3887
"../../../Engine/Content/EngineSky/SM_SkySphere.uasset" 3888
"../../../Engine/Content/EngineSky/M_Sky_Panning_Clouds2.uasset" 3889
"../../../Engine/Content/EngineSky/T_Sky_Blue.uasset" 3890
"../../../Engine/Content/EngineSky/T_Sky_Clouds_M.uasset" 3891
"../../../Engine/Content/EngineSky/T_Sky_Stars.uasset" 3892
"/Game/__ExternalActors__/MazeEscape/Maps/MainLevel/9/5D/OBJOQUNE54PB5OGTH9X6MT" 3893
"E:/Game Engines/Unreal Engine Things/UnrealProjects/B3_Maze/Content/__ExternalActors__/MazeEscape/Maps/MainLevel/9/5D/OBJOQUNE54PB5OGTH9X6MT.uasset" 3894
"/Game/__ExternalActors__/MazeEscape/Maps/MainLevel/9/CF/C1KKO6741YRJDKEIDR5RDK" 3895
"E:/Game Engines/Unreal Engine Things/UnrealProjects/B3_Maze/Content/__ExternalActors__/MazeEscape/Maps/MainLevel/9/CF/C1KKO6741YRJDKEIDR5RDK.uasset" 3896
"/Game/__ExternalActors__/MazeEscape/Maps/MainLevel/9/KB/TFQX56QFCOKAI3QIA7OLOF" 3897
"E:/Game Engines/Unreal Engine Things/UnrealProjects/B3_Maze/Content/__ExternalActors__/MazeEscape/Maps/MainLevel/9/KB/TFQX56QFCOKAI3QIA7OLOF.uasset" 3898
"/Game/__ExternalActors__/MazeEscape/Maps/MainLevel/9/P0/3NWT2CFCR1KN9LGG7SM4TJ" 3899
"E:/Game Engines/Unreal Engine Things/UnrealProjects/B3_Maze/Content/__ExternalActors__/MazeEscape/Maps/MainLevel/9/P0/3NWT2CFCR1KN9LGG7SM4TJ.uasset" 3900
"/Game/__ExternalActors__/MazeEscape/Maps/MainLevel/9/PQ/UBUSF3K3K0AUWJ4OIAMMOB" 3901
"E:/Game Engines/Unreal Engine Things/UnrealProjects/B3_Maze/Content/__ExternalActors__/MazeEscape/Maps/MainLevel/9/PQ/UBUSF3K3K0AUWJ4OIAMMOB.uasset" 3902
"/Game/__ExternalActors__/MazeEscape/Maps/MainLevel/9/QY/WI8QKRP2ZR3W6NB0B5C6EC" 3903
"E:/Game Engines/Unreal Engine Things/UnrealProjects/B3_Maze/Content/__ExternalActors__/MazeEscape/Maps/MainLevel/9/QY/WI8QKRP2ZR3W6NB0B5C6EC.uasset" 3904
"/Game/__ExternalActors__/MazeEscape/Maps/MainLevel/A/29/SCRM5DESVX12LHVAVHP525" 3905
"E:/Game Engines/Unreal Engine Things/UnrealProjects/B3_Maze/Content/__ExternalActors__/MazeEscape/Maps/MainLevel/A/29/SCRM5DESVX12LHVAVHP525.uasset" 3906
"/Game/__ExternalActors__/MazeEscape/Maps/MainLevel/A/45/144N9759UZUJN4RML9HHDU" 3907
"E:/Game Engines/Unreal Engine Things/UnrealProjects/B3_Maze/Content/__ExternalActors__/MazeEscape/Maps/MainLevel/A/45/144N9759UZUJN4RML9HHDU.uasset" 3908
"/Game/__ExternalActors__/MazeEscape/Maps/MainLevel/A/PB/MXF5UPL43CL66SXSDQ0MAB" 3909
"E:/Game Engines/Unreal Engine Things/UnrealProjects/B3_Maze/Content/__ExternalActors__/MazeEscape/Maps/MainLevel/A/PB/MXF5UPL43CL66SXSDQ0MAB.uasset" 3910
"/Game/__ExternalActors__/MazeEscape/Maps/MainLevel/A/PY/NPHDA3PZJEBMGMC5668ZWM" 3911
"E:/Game Engines/Unreal Engine Things/UnrealProjects/B3_Maze/Content/__ExternalActors__/MazeEscape/Maps/MainLevel/A/PY/NPHDA3PZJEBMGMC5668ZWM.uasset" 3912
"/Game/__ExternalActors__/MazeEscape/Maps/MainLevel/B/5Q/Z3V5C40ME9C7KHJT5KRIVU" 3913
"E:/Game Engines/Unreal Engine Things/UnrealProjects/B3_Maze/Content/__ExternalActors__/MazeEscape/Maps/MainLevel/B/5Q/Z3V5C40ME9C7KHJT5KRIVU.uasset" 3914
"/Game/__ExternalActors__/MazeEscape/Maps/MainLevel/B/BI/E2DAQ7XW5LA1192WYIKS78" 3915
"E:/Game Engines/Unreal Engine Things/UnrealProjects/B3_Maze/Content/__ExternalActors__/MazeEscape/Maps/MainLevel/B/BI/E2DAQ7XW5LA1192WYIKS78.uasset" 3916
"/Game/__ExternalActors__/MazeEscape/Maps/MainLevel/B/J9/06TGZX78FDUEFVO0CNH5UF" 3917
"E:/Game Engines/Unreal Engine Things/UnrealProjects/B3_Maze/Content/__ExternalActors__/MazeEscape/Maps/MainLevel/B/J9/06TGZX78FDUEFVO0CNH5UF.uasset" 3918
"/Game/__ExternalActors__/MazeEscape/Maps/MainLevel/B/KX/KT472MF3WBRB4Y2O08JR5L" 3919
"E:/Game Engines/Unreal Engine Things/UnrealProjects/B3_Maze/Content/__ExternalActors__/MazeEscape/Maps/MainLevel/B/KX/KT472MF3WBRB4Y2O08JR5L.uasset" 3920
"/Game/__ExternalActors__/MazeEscape/Maps/MainLevel/B/OS/TVN2AN49AFOVP2IPAA63S7" 3921
"E:/Game Engines/Unreal Engine Things/UnrealProjects/B3_Maze/Content/__ExternalActors__/MazeEscape/Maps/MainLevel/B/OS/TVN2AN49AFOVP2IPAA63S7.uasset" 3922
"/Game/__ExternalActors__/MazeEscape/Maps/MainLevel/B/W2/8P3GIT8UE6E08A8KHRQDOR" 3923
"E:/Game Engines/Unreal Engine Things/UnrealProjects/B3_Maze/Content/__ExternalActors__/MazeEscape/Maps/MainLevel/B/W2/8P3GIT8UE6E08A8KHRQDOR.uasset" 3924
"E:/Game Engines/Unreal Engine Things/UnrealProjects/B3_Maze/Content/MazeEscape/Blueprints/Gameplay/BP_Exit.uasset" 3925
"/Game/__ExternalActors__/MazeEscape/Maps/MainLevel/C/20/3EI9G919G3CUHUTITU80MT" 3926
"E:/Game Engines/Unreal Engine Things/UnrealProjects/B3_Maze/Content/__ExternalActors__/MazeEscape/Maps/MainLevel/C/20/3EI9G919G3CUHUTITU80MT.uasset" 3927
"/Game/__ExternalActors__/MazeEscape/Maps/MainLevel/C/CB/G3V1P9NPKWRVMAD1V51BQ7" 3928
"E:/Game Engines/Unreal Engine Things/UnrealProjects/B3_Maze/Content/__ExternalActors__/MazeEscape/Maps/MainLevel/C/CB/G3V1P9NPKWRVMAD1V51BQ7.uasset" 3929
"/Game/__ExternalActors__/MazeEscape/Maps/MainLevel/C/LI/ELMJUJH3F0A1BPG8U9C4KK" 3930
"E:/Game Engines/Unreal Engine Things/UnrealProjects/B3_Maze/Content/__ExternalActors__/MazeEscape/Maps/MainLevel/C/LI/ELMJUJH3F0A1BPG8U9C4KK.uasset" 3931
"/Game/__ExternalActors__/MazeEscape/Maps/MainLevel/C/NA/RBFT36SKDLY1DLNRPHW6QI" 3932
"E:/Game Engines/Unreal Engine Things/UnrealProjects/B3_Maze/Content/__ExternalActors__/MazeEscape/Maps/MainLevel/C/NA/RBFT36SKDLY1DLNRPHW6QI.uasset" 3933
"/Game/__ExternalActors__/MazeEscape/Maps/MainLevel/C/OU/308P0E3AF4LN08WSEDIW8A" 3934
"E:/Game Engines/Unreal Engine Things/UnrealProjects/B3_Maze/Content/__ExternalActors__/MazeEscape/Maps/MainLevel/C/OU/308P0E3AF4LN08WSEDIW8A.uasset" 3935
"/Game/__ExternalActors__/MazeEscape/Maps/MainLevel/C/SH/RRHBV4214S45IC629FXCHG" 3936
"E:/Game Engines/Unreal Engine Things/UnrealProjects/B3_Maze/Content/__ExternalActors__/MazeEscape/Maps/MainLevel/C/SH/RRHBV4214S45IC629FXCHG.uasset" 3937
"/Game/__ExternalActors__/MazeEscape/Maps/MainLevel/D/5Y/HVKIZRSOLLWM40IM6MAS3V" 3938
"E:/Game Engines/Unreal Engine Things/UnrealProjects/B3_Maze/Content/__ExternalActors__/MazeEscape/Maps/MainLevel/D/5Y/HVKIZRSOLLWM40IM6MAS3V.uasset" 3939
"/Game/__ExternalActors__/MazeEscape/Maps/MainLevel/D/CB/OTYKDK0GBZRSL2MUSV51JQ" 3940
"E:/Game Engines/Unreal Engine Things/UnrealProjects/B3_Maze/Content/__ExternalActors__/MazeEscape/Maps/MainLevel/D/CB/OTYKDK0GBZRSL2MUSV51JQ.uasset" 3941
"/Game/__ExternalActors__/MazeEscape/Maps/MainLevel/D/E5/391XWF35GVX3B62BFT5SFM" 3942
"E:/Game Engines/Unreal Engine Things/UnrealProjects/B3_Maze/Content/__ExternalActors__/MazeEscape/Maps/MainLevel/D/E5/391XWF35GVX3B62BFT5SFM.uasset" 3943
"/Game/__ExternalActors__/MazeEscape/Maps/MainLevel/D/IC/ITKBSETXXLE8ZVNFI9JFV4" 3944
"E:/Game Engines/Unreal Engine Things/UnrealProjects/B3_Maze/Content/__ExternalActors__/MazeEscape/Maps/MainLevel/D/IC/ITKBSETXXLE8ZVNFI9JFV4.uasset" 3945
"../../../Engine/Content/EngineSky/VolumetricClouds/m_SimpleVolumetricCloud_Inst.uasset" 3946
"../../../Engine/Content/EngineSky/VolumetricClouds/m_SimpleVolumetricCloud.uasset" 3947
"../../../Engine/Content/EngineSky/VolumetricClouds/T_CloudMask.uasset" 3948
"../../../Engine/Content/EngineSky/VolumetricClouds/T_CloudPattern.uasset" 3949
"../../../Engine/Content/EngineSky/VolumetricClouds/T_Profile_08.uasset" 3950
"../../../Engine/Content/EngineSky/VolumetricClouds/VT_PerlinWorley_Balanced.uasset" 3951
"../../../Engine/Content/Functions/Engine_MaterialFunctions01/Units/Km-to-Cm.uasset" 3952
"../../../Engine/Content/Functions/Engine_MaterialFunctions02/Utility/BreakOutFloat4Components.uasset" 3953
"../../../Engine/Content/Functions/Engine_MaterialFunctions02/Utility/MakeFloat4.uasset" 3954
"../../../Engine/Content/EngineSky/VolumetricClouds/VT_Lightning.uasset" 3955
"/Game/__ExternalActors__/MazeEscape/Maps/MainLevel/D/QP/W4ZZTW8EO30OC2IC8UJDVX" 3956
"E:/Game Engines/Unreal Engine Things/UnrealProjects/B3_Maze/Content/__ExternalActors__/MazeEscape/Maps/MainLevel/D/QP/W4ZZTW8EO30OC2IC8UJDVX.uasset" 3957
"/Game/__ExternalActors__/MazeEscape/Maps/MainLevel/D/QX/5VHXCVRZANYJVLVDBSVRKH" 3958
"E:/Game Engines/Unreal Engine Things/UnrealProjects/B3_Maze/Content/__ExternalActors__/MazeEscape/Maps/MainLevel/D/QX/5VHXCVRZANYJVLVDBSVRKH.uasset" 3959
"/Game/__ExternalActors__/MazeEscape/Maps/MainLevel/D/S7/BCCIDMDGFRP5ERJ6LV491Y" 3960
"E:/Game Engines/Unreal Engine Things/UnrealProjects/B3_Maze/Content/__ExternalActors__/MazeEscape/Maps/MainLevel/D/S7/BCCIDMDGFRP5ERJ6LV491Y.uasset" 3961
"/Game/__ExternalActors__/MazeEscape/Maps/MainLevel/E/2L/G9X0CPHHR5ST62R4QXE3JG" 3962
"E:/Game Engines/Unreal Engine Things/UnrealProjects/B3_Maze/Content/__ExternalActors__/MazeEscape/Maps/MainLevel/E/2L/G9X0CPHHR5ST62R4QXE3JG.uasset" 3963
"/Game/__ExternalActors__/MazeEscape/Maps/MainLevel/E/2Z/YGG32TN7ZTKF9PTFVTUUGU" 3964
"E:/Game Engines/Unreal Engine Things/UnrealProjects/B3_Maze/Content/__ExternalActors__/MazeEscape/Maps/MainLevel/E/2Z/YGG32TN7ZTKF9PTFVTUUGU.uasset" 3965
"/Game/__ExternalActors__/MazeEscape/Maps/MainLevel/E/4Z/GQXFJLWVSJCHUDGDNBFWXZ" 3966
"E:/Game Engines/Unreal Engine Things/UnrealProjects/B3_Maze/Content/__ExternalActors__/MazeEscape/Maps/MainLevel/E/4Z/GQXFJLWVSJCHUDGDNBFWXZ.uasset" 3967
"/Game/__ExternalActors__/MazeEscape/Maps/MainLevel/E/9Q/CWZ1HHSRNOJ0TT5H1WSIM8" 3968
"E:/Game Engines/Unreal Engine Things/UnrealProjects/B3_Maze/Content/__ExternalActors__/MazeEscape/Maps/MainLevel/E/9Q/CWZ1HHSRNOJ0TT5H1WSIM8.uasset" 3969
"/Game/__ExternalActors__/MazeEscape/Maps/MainLevel/E/AY/J0IE3VIAC5RHRYH5ZDGWSC" 3970
"E:/Game Engines/Unreal Engine Things/UnrealProjects/B3_Maze/Content/__ExternalActors__/MazeEscape/Maps/MainLevel/E/AY/J0IE3VIAC5RHRYH5ZDGWSC.uasset" 3971
"/Game/__ExternalActors__/MazeEscape/Maps/MainLevel/E/L3/HW0GOV845UQG79X3P9UBGI" 3972
"E:/Game Engines/Unreal Engine Things/UnrealProjects/B3_Maze/Content/__ExternalActors__/MazeEscape/Maps/MainLevel/E/L3/HW0GOV845UQG79X3P9UBGI.uasset" 3973
"/Game/__ExternalActors__/MazeEscape/Maps/MainLevel/E/LH/9X2KR2LBQI7D31GHUGO56M" 3974
"E:/Game Engines/Unreal Engine Things/UnrealProjects/B3_Maze/Content/__ExternalActors__/MazeEscape/Maps/MainLevel/E/LH/9X2KR2LBQI7D31GHUGO56M.uasset" 3975
"/Game/__ExternalActors__/MazeEscape/Maps/MainLevel/E/TA/O3BLLKGVGACPYSPCL6S3ZY" 3976
"E:/Game Engines/Unreal Engine Things/UnrealProjects/B3_Maze/Content/__ExternalActors__/MazeEscape/Maps/MainLevel/E/TA/O3BLLKGVGACPYSPCL6S3ZY.uasset" 3977
"/Game/__ExternalActors__/MazeEscape/Maps/MainLevel/E/XH/8AIAU0WKCT6DCKF5PFX7BI" 3978
"E:/Game Engines/Unreal Engine Things/UnrealProjects/B3_Maze/Content/__ExternalActors__/MazeEscape/Maps/MainLevel/E/XH/8AIAU0WKCT6DCKF5PFX7BI.uasset" 3979
"/Game/__ExternalActors__/MazeEscape/Maps/MainLevel/F/0V/2ZVRCZVVST1PK6TXR14XQ1" 3980
"E:/Game Engines/Unreal Engine Things/UnrealProjects/B3_Maze/Content/__ExternalActors__/MazeEscape/Maps/MainLevel/F/0V/2ZVRCZVVST1PK6TXR14XQ1.uasset" 3981
"/Game/__ExternalActors__/MazeEscape/Maps/MainLevel/F/24/31EXH1MGHAEJFIBDA9I4J1" 3982
"E:/Game Engines/Unreal Engine Things/UnrealProjects/B3_Maze/Content/__ExternalActors__/MazeEscape/Maps/MainLevel/F/24/31EXH1MGHAEJFIBDA9I4J1.uasset" 3983
"/Game/__ExternalActors__/MazeEscape/Maps/MainLevel/F/2J/JDZ2IKNKGT342QL1BKTIFA" 3984
"E:/Game Engines/Unreal Engine Things/UnrealProjects/B3_Maze/Content/__ExternalActors__/MazeEscape/Maps/MainLevel/F/2J/JDZ2IKNKGT342QL1BKTIFA.uasset" 3985
"/Engine/EditorResources/EmptyActor" 3986
"../../../Engine/Content/EditorResources/EmptyActor.uasset" 3987
"../../../Engine/Plugins/Interchange/Assets/Shaders/ThinFilmFunctions.usf" 3988
"/Engine/Functions/Engine_MaterialFunctions02/Texturing/ScreenAlignedPixelToPixelUVs" 3989
"/InterchangeAssets/gltf/MaterialBodies/MF_Transmission_Body" 3990
"/InterchangeAssets/gltf/MaterialInstances/MI_Sheen_Blend_DS" 3991
"/InterchangeAssets/gltf/MaterialInstances/MI_Sheen_Mask_DS" 3992
"/InterchangeAssets/gltf/MaterialInstances/MI_Sheen_Opaque_DS" 3993
"/InterchangeAssets/gltf/MaterialInstances/MI_Sheen_Blend" 3994
"/InterchangeAssets/gltf/MaterialFunctions/MF_DiffuseSpecGloss" 3995
"/InterchangeAssets/gltf/MaterialInstances/MI_Sheen_Mask" 3996
"/InterchangeAssets/gltf/MaterialFunctions/MF_MaxComponentValue" 3997
"/InterchangeAssets/gltf/MaterialFunctions/MF_SpecGlossToMetalRoughness" 3998
"/InterchangeAssets/gltf/MaterialInstances/MI_Transmission_DS" 3999
"/InterchangeAssets/gltf/MaterialInstances/MI_Transmission" 4000
"/InterchangeAssets/gltf/MaterialInstances/MI_Sheen_Opaque" 4001
"/InterchangeAssets/gltf/MaterialInstances/MI_Default_Blend_DS" 4002
"/InterchangeAssets/gltf/MaterialInstances/MI_Default_Mask_DS" 4003
"/InterchangeAssets/gltf/MaterialInstances/MI_Default_Opaque_DS" 4004
"/InterchangeAssets/gltf/MaterialInstances/MI_Default_Blend" 4005
"/InterchangeAssets/gltf/MaterialInstances/MI_Default_Mask" 4006
"/InterchangeAssets/gltf/MaterialInstances/MI_Default_Opaque" 4007
"/InterchangeAssets/gltf/MaterialInstances/MI_ClearCoat_Blend_DS" 4008
"/InterchangeAssets/gltf/MaterialBodies/MF_SpecularGlossiness_Body" 4009
"../../../Engine/Plugins/Interchange/Assets/Content/gltf/MaterialInstances/MI_SpecularGlossiness_Mask.uasset" 4010
"../../../Engine/Plugins/Interchange/Assets/Content/gltf/MaterialInstances/MI_SpecularGlossiness_Blend_DS.uasset" 4011
"../../../Engine/Content/Functions/Engine_MaterialFunctions01/Volumetrics/BeersLaw.uasset" 4012
"../../../Engine/Plugins/Interchange/Assets/Content/Functions/MX_Transmission.uasset" 4013
"../../../Engine/Content/Functions/Substrate/MF_SchlickInternal.uasset" 4014
"../../../Engine/Plugins/Interchange/Assets/Content/gltf/MaterialInstances/MI_SpecularGlossiness_Opaque.uasset" 4015
"../../../Engine/Plugins/Interchange/Assets/Content/Functions/MF_OrenNayerView.uasset" 4016
"../../../Engine/Plugins/Interchange/Assets/Content/Functions/MX_TransmissionSurface.uasset" 4017
"../../../Engine/Plugins/Interchange/Assets/Content/gltf/MaterialInstances/MI_Unlit_Opaque.uasset" 4018
"../../../Engine/Plugins/Interchange/Assets/Content/gltf/M_Unlit.uasset" 4019
"../../../Engine/Plugins/Interchange/Assets/Content/gltf/MaterialInstances/MI_Unlit_Blend.uasset" 4020
"../../../Engine/Plugins/Interchange/Assets/Content/gltf/MaterialInstances/MI_Unlit_Mask.uasset" 4021
"../../../Engine/Plugins/Interchange/Assets/Content/gltf/MaterialInstances/MI_Unlit_Opaque_DS.uasset" 4022
"../../../Engine/Plugins/Interchange/Assets/Content/gltf/MaterialInstances/MI_SpecularGlossiness_Opaque_DS.uasset" 4023
"../../../Engine/Plugins/Interchange/Assets/Content/Functions/MX_OpenPBR_Opaque.uasset" 4024
"../../../Engine/Plugins/Interchange/Assets/Content/gltf/MaterialInstances/MI_Unlit_Mask_DS.uasset" 4025
"../../../Engine/Plugins/Animation/ControlRig/Content/Controls/ControlRig_Sphere_solid.uasset" 4026
"../../../Engine/Plugins/Animation/ControlRig/Content/Controls/ControlRig_Arrow2_1mm.uasset" 4027
"../../../Engine/Plugins/Animation/ControlRig/Content/Controls/ControlRig_Arrow2_3mm.uasset" 4028
"../../../Engine/Plugins/Animation/ControlRig/Content/Controls/ControlRig_Arrow4_1mm.uasset" 4029
"/ControlRig/Controls/ControlRig_Arrow2_3mm" 4030
"/ControlRig/Controls/ControlRig_Arrow2_1mm" 4031
"../../../Engine/Plugins/Animation/ControlRig/Content/Controls/ControlRig_Arrow4_3mm.uasset" 4032
"/ControlRig/Controls/ControlRig_Sphere_solid" 4033
"/InterchangeAssets/Functions/MF_OrenNayerView" 4034
"../../../Engine/Plugins/Animation/ControlRig/Content/Controls/ControlRig_Arrow_1mm.uasset" 4035
"/Engine/Functions/Substrate/MF_SchlickInternal" 4036
"/InterchangeAssets/Functions/MX_Transmission" 4037
"../../../Engine/Plugins/Animation/ControlRig/Content/Controls/ControlRig_Arrow4_solid.uasset" 4038
"../../../Engine/Plugins/Animation/ControlRig/Content/Controls/ControlRig_Arrow_3mm.uasset" 4039
"/ControlRig/Controls/ControlRig_Arrow_3mm" 4040
"../../../Engine/Plugins/Interchange/Assets/Content/gltf/M_SpecularGlossiness.uasset" 4041
"/ControlRig/Controls/ControlRig_Arrow_1mm" 4042
"/ControlRig/Controls/ControlRig_Arrow4_solid" 4043
"/ControlRig/Controls/ControlRig_Arrow4_3mm" 4044
"/ControlRig/Controls/ControlRig_Arrow4_1mm" 4045
"/InterchangeAssets/gltf/MaterialInstances/MI_SpecularGlossiness_Blend_DS" 4046
"../../../Engine/Plugins/Interchange/Assets/Content/gltf/MaterialInstances/MI_SpecularGlossiness_Mask_DS.uasset" 4047
"/InterchangeAssets/gltf/MaterialInstances/MI_SpecularGlossiness_Opaque_DS" 4048
"/InterchangeAssets/gltf/MaterialInstances/MI_SpecularGlossiness_Mask" 4049
"../../../Engine/Plugins/Interchange/Assets/Content/Functions/MX_StandardSurface.uasset" 4050
"../../../Engine/Plugins/Interchange/Assets/Content/Functions/MX_OpenPBR_Translucent.uasset" 4051
"/InterchangeAssets/gltf/MaterialInstances/MI_SpecularGlossiness_Opaque" 4052
"/InterchangeAssets/Functions/MX_OpenPBR_Opaque" 4053
"../../../Engine/Plugins/Animation/ControlRig/Content/Controls/ControlRig_Arrow2_solid.uasset" 4054
"../../../Engine/Plugins/Interchange/Assets/Content/gltf/MaterialBodies/MF_Unlit_Body.uasset" 4055
"/InterchangeAssets/Functions/MX_OpenPBR_Translucent" 4056
"../../../Engine/Plugins/Interchange/Assets/Content/gltf/MaterialInstances/MI_Unlit_Blend_DS.uasset" 4057
"../../../Engine/Plugins/Interchange/Assets/Content/gltf/MaterialInstances/MI_SpecularGlossiness_Blend.uasset" 4058
"../../../Engine/Plugins/Animation/ControlRig/Content/Controls/ControlRig_Box_1mm.uasset" 4059
"../../../Engine/Plugins/Animation/ControlRig/Content/Controls/ControlRig_Box_3mm.uasset" 4060
"../../../Engine/Plugins/Animation/ControlRig/Content/Controls/ControlRig_Box_solid.uasset" 4061
"../../../Engine/Plugins/Animation/ControlRig/Content/Controls/ControlRig_Circle_solid.uasset" 4062
"../../../Engine/Plugins/Animation/ControlRig/Content/Controls/ControlRig_Circle_3mm.uasset" 4063
"../../../Engine/Plugins/Animation/ControlRig/Content/Controls/ControlRig_Diamond_1mm.uasset" 4064
"../../../Engine/Plugins/Animation/ControlRig/Content/Controls/ControlRig_Diamond_3mm.uasset" 4065
"../../../Engine/Plugins/Animation/ControlRig/Content/Controls/ControlRig_Diamond_solid.uasset" 4066
"../../Plugins/Animation/ControlRig/Content/Controls/ControlRig_Arrow2_3mm.uasset" 4067
"../../Plugins/Animation/ControlRig/Content/Controls/ControlRig_Arrow2_1mm.uasset" 4068
"../../../Engine/Plugins/Animation/ControlRig/Content/Controls/ControlRig_HalfCircle_1mm.uasset" 4069
"../../../Engine/Plugins/Animation/ControlRig/Content/Controls/ControlRig_Hexagon_1mm.uasset" 4070
"../../Plugins/Animation/ControlRig/Content/Controls/ControlRig_Sphere_solid.uasset" 4071
"../../Plugins/Animation/ControlRig/Content/Controls/ControlRig_Arrow_3mm.uasset" 4072
"../../Plugins/Animation/ControlRig/Content/Controls/ControlRig_Arrow_1mm.uasset" 4073
"../../Plugins/Animation/ControlRig/Content/Controls/ControlRig_Arrow4_3mm.uasset" 4074
"../../Plugins/Animation/ControlRig/Content/Controls/ControlRig_Arrow4_solid.uasset" 4075
"../../../Engine/Plugins/Animation/ControlRig/Content/Controls/ControlRig_Hexagon_solid.uasset" 4076
"../../../Engine/Plugins/Animation/ControlRig/Content/Controls/ControlRig_Octagon_1mm.uasset" 4077
"../../../Engine/Plugins/Animation/ControlRig/Content/Controls/ControlRig_HalfCircle_solid.uasset" 4078
"/InterchangeAssets/gltf/MaterialInstances/MI_SpecularGlossiness_Mask_DS" 4079
"/ControlRig/Controls/ControlRig_HalfCircle_1mm" 4080
"/ControlRig/Controls/ControlRig_Diamond_solid" 4081
"../../../Engine/Plugins/Animation/ControlRig/Content/Controls/ControlRig_Arrow_solid.uasset" 4082
"/ControlRig/Controls/ControlRig_Diamond_3mm" 4083
"/ControlRig/Controls/ControlRig_Diamond_1mm" 4084
"/ControlRig/Controls/ControlRig_Arrow2_solid" 4085
"../../../Engine/Plugins/Animation/ControlRig/Content/Controls/ControlRig_Circle_1mm.uasset" 4086
"/ControlRig/Controls/ControlRig_Circle_solid" 4087
"/ControlRig/Controls/ControlRig_Circle_3mm" 4088
"/InterchangeAssets/gltf/MaterialInstances/MI_Unlit_Blend_DS" 4089
"../../../Engine/Plugins/Animation/ControlRig/Content/Controls/ControlRig_Hexagon_3mm.uasset" 4090
"/InterchangeAssets/gltf/MaterialInstances/MI_Unlit_Mask_DS" 4091
"/InterchangeAssets/gltf/MaterialInstances/MI_Unlit_Opaque_DS" 4092
"/InterchangeAssets/gltf/MaterialInstances/MI_Unlit_Blend" 4093
"/InterchangeAssets/gltf/MaterialInstances/MI_Unlit_Mask" 4094
"/InterchangeAssets/gltf/MaterialInstances/MI_Unlit_Opaque" 4095
"../../../Engine/Plugins/Animation/ControlRig/Content/Controls/ControlRig_HalfCircle_3mm.uasset" 4096
"../../Plugins/Animation/ControlRig/Content/Controls/ControlRig_Arrow4_1mm.uasset" 4097
"../../Plugins/Animation/ControlRig/Content/Controls/ControlRig_HalfCircle_1mm.uasset" 4098
"../../Plugins/Animation/ControlRig/Content/Controls/ControlRig_Diamond_3mm.uasset" 4099
"../../../Engine/Plugins/Animation/ControlRig/Content/Controls/ControlRig_Pyramid_3mm.uasset" 4100
"../../Plugins/Animation/ControlRig/Content/Controls/ControlRig_Diamond_1mm.uasset" 4101
"../../../Engine/Plugins/Animation/ControlRig/Content/Controls/ControlRig_Pyramid_solid.uasset" 4102
"../../Plugins/Animation/ControlRig/Content/Controls/ControlRig_Circle_solid.uasset" 4103
"../../../Engine/Plugins/Animation/ControlRig/Content/Controls/ControlRig_Pyramid_1mm.uasset" 4104
"../../Plugins/Animation/ControlRig/Content/Controls/ControlRig_Arrow2_solid.uasset" 4105
"../../Plugins/Animation/ControlRig/Content/Controls/ControlRig_Diamond_solid.uasset" 4106
"../../../Engine/Plugins/Animation/ControlRig/Content/Controls/ControlRig_Octagon_solid.uasset" 4107
"../../../Engine/Plugins/Animation/ControlRig/Content/Controls/ControlRig_Octagon_3mm.uasset" 4108
"../../Plugins/Animation/ControlRig/Content/Controls/ControlRig_Circle_3mm.uasset" 4109
"/ControlRig/Controls/ControlRig_Box_solid" 4110
"/ControlRig/Controls/ControlRig_Box_3mm" 4111
"../../Plugins/Animation/ControlRig/Content/Controls/ControlRig_Box_solid.uasset" 4112
"/ControlRig/Controls/ControlRig_Box_1mm" 4113
"../../Plugins/Animation/ControlRig/Content/Controls/ControlRig_Box_3mm.uasset" 4114
"/ControlRig/Controls/ControlRig_Octagon_1mm" 4115
"../../Plugins/Animation/ControlRig/Content/Controls/ControlRig_Box_1mm.uasset" 4116
"/ControlRig/Controls/ControlRig_Hexagon_solid" 4117
"../../Plugins/Animation/ControlRig/Content/Controls/ControlRig_Octagon_1mm.uasset" 4118
"/InterchangeAssets/gltf/MaterialInstances/MI_SpecularGlossiness_Blend" 4119
"../../Plugins/Animation/ControlRig/Content/Controls/ControlRig_Hexagon_solid.uasset" 4120
"/ControlRig/Controls/ControlRig_Hexagon_1mm" 4121
"/ControlRig/Controls/ControlRig_HalfCircle_solid" 4122
"../../Plugins/Animation/ControlRig/Content/Controls/ControlRig_Hexagon_1mm.uasset" 4123
"/ControlRig/Controls/ControlRig_HalfCircle_3mm" 4124
"/ControlRig/Controls/ControlRig_Circle_1mm" 4125
"/ControlRig/Controls/ControlRig_Pyramid_solid" 4126
"/ControlRig/Controls/ControlRig_Pyramid_3mm" 4127
"/ControlRig/Controls/ControlRig_Pyramid_1mm" 4128
"/ControlRig/Controls/ControlRig_Octagon_solid" 4129
"/ControlRig/Controls/ControlRig_Arrow_solid" 4130
"/ControlRig/Controls/ControlRig_Octagon_3mm" 4131
"../../../Engine/Plugins/Animation/ControlRig/Content/Controls/ControlRig_QuarterCircle_1mm.uasset" 4132
"/ControlRig/Controls/ControlRig_Hexagon_3mm" 4133
"/ControlRig/Controls/ControlRig_QuarterCircle_1mm" 4134
"../../../Engine/Plugins/Animation/ControlRig/Content/Controls/ControlRig_RoundedSquare_3mm.uasset" 4135
"../../../Engine/Plugins/Animation/ControlRig/Content/Controls/ControlRig_RoundedSquare_solid.uasset" 4136
"../../../Engine/Plugins/Animation/ControlRig/Content/Controls/ControlRig_Square_1mm.uasset" 4137
"../../../Engine/Plugins/Animation/ControlRig/Content/Controls/ControlRig_Square_3mm.uasset" 4138
"../../../Engine/Plugins/Animation/ControlRig/Content/Controls/ControlRig_QuarterCircle_3mm.uasset" 4139
"../../../Engine/Plugins/Animation/ControlRig/Content/Controls/ControlRig_QuarterCircle_solid.uasset" 4140
"../../../Engine/Plugins/Animation/ControlRig/Content/Controls/ControlRig_RoundedTriangle_1mm.uasset" 4141
"../../../Engine/Plugins/Animation/ControlRig/Content/Controls/ControlRig_RoundedTriangle_solid.uasset" 4142
"../../../Engine/Plugins/Animation/ControlRig/Content/Controls/ControlRig_RoundedTriangle_3mm.uasset" 4143
"../../../Engine/Plugins/Animation/ControlRig/Content/Controls/ControlRig_RoundedSquare_1mm.uasset" 4144
"../../../Engine/Plugins/Animation/ControlRig/Content/Controls/ControlRig_Sphere_3mm.uasset" 4145
"../../../Engine/Plugins/Animation/ControlRig/Content/Controls/ControlRig_Sphere_1mm.uasset" 4146
"../../../Engine/Content/Maps/Entry.umap" 4147
"../../../Engine/Plugins/Animation/ControlRig/Content/Controls/ControlRig_Triangle_1mm.uasset" 4148
"../../../Engine/Content/EditorMaterials/PreviewShadowIndicator.uasset" 4149
"../../../Engine/Content/EditorMaterials/PreviewShadowIndicatorMaterial.uasset" 4150
"../../../Engine/Plugins/Animation/ControlRig/Content/Controls/ControlRig_Star4_solid.uasset" 4151
"../../../Engine/Plugins/Animation/ControlRig/Content/Controls/ControlRig_Star4_3mm.uasset" 4152
"../../../Engine/Plugins/Animation/ControlRig/Content/Controls/ControlRig_Square_solid.uasset" 4153
"../../../Engine/Plugins/Animation/ControlRig/Content/Controls/ControlRig_Star4_1mm.uasset" 4154
"../../../Engine/Plugins/Animation/ControlRig/Content/Controls/ControlRig_Wedge_1mm.uasset" 4155
"../../../Engine/Plugins/Animation/ControlRig/Content/Controls/ControlRig_Triangle_solid.uasset" 4156
"../../Plugins/Animation/ControlRig/Content/Controls/ControlRig_HalfCircle_solid.uasset" 4157
"../../../Engine/Content/EngineMaterials/Substrate/GLints/dict_16_192_64_0p5_0p02_0000_0000.uasset" 4158
"/ControlRig/Controls/ControlRig_RoundedSquare_solid" 4159
"../../../Engine/Plugins/Animation/ControlRig/Content/Controls/ControlRig_Triangle_3mm.uasset" 4160
"/ControlRig/Controls/ControlRig_RoundedSquare_3mm" 4161
"/ControlRig/Controls/ControlRig_Wedge_1mm" 4162
"/ControlRig/Controls/ControlRig_Triangle_solid" 4163
"/ControlRig/Controls/ControlRig_Triangle_3mm" 4164
"../../Plugins/Animation/ControlRig/Content/Controls/ControlRig_HalfCircle_3mm.uasset" 4165
"/ControlRig/Controls/ControlRig_Triangle_1mm" 4166
"../../../Engine/Content/EngineMaterials/Substrate/GLints/dict_16_192_64_0p5_0p02_0000_0005.uasset" 4167
"/ControlRig/Controls/ControlRig_Star4_solid" 4168
"/ControlRig/Controls/ControlRig_Star4_3mm" 4169
"../../Plugins/Animation/ControlRig/Content/Controls/ControlRig_Circle_1mm.uasset" 4170
"/ControlRig/Controls/ControlRig_Star4_1mm" 4171
"../../../Engine/Content/EngineMaterials/Substrate/GLints/dict_16_192_64_0p5_0p02_0000_0006.uasset" 4172
"../../../Engine/Content/EngineMaterials/Substrate/GLints/dict_16_192_64_0p5_0p02_0000_0007.uasset" 4173
"../../../Engine/Plugins/Animation/ControlRig/Content/Controls/ControlRig_Wedge_3mm.uasset" 4174
"../../Plugins/Animation/ControlRig/Content/Controls/ControlRig_Pyramid_solid.uasset" 4175
"../../../Engine/Content/EngineMaterials/Substrate/GLints/dict_16_192_64_0p5_0p02_0000_0002.uasset" 4176
"../../../Engine/Content/EngineMaterials/Substrate/GLints/dict_16_192_64_0p5_0p02_0000_0001.uasset" 4177
"../../../Engine/Content/EngineMaterials/Substrate/GLints/dict_16_192_64_0p5_0p02_0000_0003.uasset" 4178
"../../../Engine/Content/EngineMaterials/Substrate/GLints/dict_16_192_64_0p5_0p02_0000_0004.uasset" 4179
"../../../Engine/Plugins/Animation/ControlRig/Content/Controls/ControlRig_Wedge_solid.uasset" 4180
"../../../Engine/Content/Maps/Entry_BuiltData.uasset" 4181
"../../Plugins/Animation/ControlRig/Content/Controls/ControlRig_Pyramid_3mm.uasset" 4182
"../../Plugins/Animation/ControlRig/Content/Controls/ControlRig_Octagon_solid.uasset" 4183
"../../Plugins/Animation/ControlRig/Content/Controls/ControlRig_Arrow_solid.uasset" 4184
"../../Plugins/Animation/ControlRig/Content/Controls/ControlRig_Octagon_3mm.uasset" 4185
"../../Plugins/Animation/ControlRig/Content/Controls/ControlRig_Pyramid_1mm.uasset" 4186
"../../Plugins/Animation/ControlRig/Content/Controls/ControlRig_QuarterCircle_1mm.uasset" 4187
"../../Plugins/Animation/ControlRig/Content/Controls/ControlRig_RoundedSquare_solid.uasset" 4188
"../../Plugins/Animation/ControlRig/Content/Controls/ControlRig_Hexagon_3mm.uasset" 4189
"../../Plugins/Animation/ControlRig/Content/Controls/ControlRig_RoundedSquare_3mm.uasset" 4190
"../../Plugins/Animation/ControlRig/Content/Controls/ControlRig_Wedge_1mm.uasset" 4191
"../../Plugins/Animation/ControlRig/Content/Controls/ControlRig_Triangle_solid.uasset" 4192
"../../Plugins/Animation/ControlRig/Content/Controls/ControlRig_Triangle_3mm.uasset" 4193
"../../Plugins/Animation/ControlRig/Content/Controls/ControlRig_Triangle_1mm.uasset" 4194
"../../Plugins/Animation/ControlRig/Content/Controls/ControlRig_Star4_solid.uasset" 4195
"../../Plugins/Animation/ControlRig/Content/Controls/ControlRig_Star4_3mm.uasset" 4196
"../../Plugins/Animation/ControlRig/Content/Controls/ControlRig_Star4_1mm.uasset" 4197
"/Engine/EngineMaterials/Substrate/GLints/dict_16_192_64_0p5_0p02_0000_0005" 4198
"/ControlRig/Controls/ControlRig_Wedge_solid" 4199
"/ControlRig/Controls/ControlRig_Wedge_3mm" 4200
"/Engine/EngineMaterials/Substrate/GLints/dict_16_192_64_0p5_0p02_0000_0004" 4201
"/Engine/EngineMaterials/Substrate/GLints/dict_16_192_64_0p5_0p02_0000_0003" 4202
"/Engine/EditorMaterials/PreviewShadowIndicator" 4203
"/Engine/EngineMaterials/Substrate/GLints/dict_16_192_64_0p5_0p02_0000_0000" 4204
"/ControlRig/Controls/ControlRig_Square_solid" 4205
"/ControlRig/Controls/ControlRig_Square_3mm" 4206
"/ControlRig/Controls/ControlRig_Square_1mm" 4207
"/ControlRig/Controls/ControlRig_Sphere_3mm" 4208
"/Engine/EngineMaterials/Substrate/GLints/dict_16_192_64_0p5_0p02_0000_0002" 4209
"/Engine/EngineMaterials/Substrate/GLints/dict_16_192_64_0p5_0p02_0000_0001" 4210
"/ControlRig/Controls/ControlRig_Sphere_1mm" 4211
"/ControlRig/Controls/ControlRig_RoundedTriangle_solid" 4212
"/ControlRig/Controls/ControlRig_RoundedTriangle_3mm" 4213
"/Engine/EngineMaterials/Substrate/GLints/dict_16_192_64_0p5_0p02_0000_0007" 4214
"/ControlRig/Controls/ControlRig_RoundedTriangle_1mm" 4215
"/Engine/EngineMaterials/Substrate/GLints/dict_16_192_64_0p5_0p02_0000_0006" 4216
"/Engine/Maps/Entry" 4217
"/ControlRig/Controls/ControlRig_RoundedSquare_1mm" 4218
"../../Plugins/Animation/ControlRig/Content/Controls/ControlRig_Square_3mm.uasset" 4219
"../../Plugins/Animation/ControlRig/Content/Controls/ControlRig_Square_solid.uasset" 4220
"../../Plugins/Animation/ControlRig/Content/Controls/ControlRig_Wedge_3mm.uasset" 4221
"../../Plugins/Animation/ControlRig/Content/Controls/ControlRig_Sphere_3mm.uasset" 4222
"../../Plugins/Animation/ControlRig/Content/Controls/ControlRig_Square_1mm.uasset" 4223
"../../Plugins/Animation/ControlRig/Content/Controls/ControlRig_Sphere_1mm.uasset" 4224
"../../Plugins/Animation/ControlRig/Content/Controls/ControlRig_RoundedTriangle_solid.uasset" 4225
"../../Plugins/Animation/ControlRig/Content/Controls/ControlRig_RoundedTriangle_3mm.uasset" 4226
"../../Plugins/Animation/ControlRig/Content/Controls/ControlRig_Wedge_solid.uasset" 4227
"../../Plugins/Animation/ControlRig/Content/Controls/ControlRig_RoundedTriangle_1mm.uasset" 4228
"../../Plugins/Animation/ControlRig/Content/Controls/ControlRig_RoundedSquare_1mm.uasset" 4229
"/ControlRig/Controls/ControlRig_QuarterCircle_solid" 4230
"/ControlRig/Controls/ControlRig_QuarterCircle_3mm" 4231
"/Engine/EditorMaterials/PreviewShadowIndicatorMaterial" 4232
"/Game/FirstPerson/Anims/CtrlRig_FPWarp" 4233
"/Game/MazeEscape/Blueprints/Characters/Mannequins/Rigs/CR_Mannequin_FootIK" 4234
"../../../Engine/Content/EngineMaterials/Substrate/GLints/dict_16_192_64_0p5_0p02_0000_0010.uasset" 4235
"../../../Engine/Content/EngineMaterials/Substrate/GLints/dict_16_192_64_0p5_0p02_0000_0011.uasset" 4236
"../../../Engine/Content/EngineMaterials/Substrate/GLints/dict_16_192_64_0p5_0p02_0000_0008.uasset" 4237
"../../../Engine/Content/EngineMaterials/Substrate/GLints/dict_16_192_64_0p5_0p02_0001_0002.uasset" 4238
"../../Plugins/Animation/ControlRig/Content/Controls/ControlRig_QuarterCircle_solid.uasset" 4239
"../../Plugins/Animation/ControlRig/Content/Controls/ControlRig_QuarterCircle_3mm.uasset" 4240
"../../../Engine/Content/EngineMaterials/Substrate/GLints/dict_16_192_64_0p5_0p02_0001_0005.uasset" 4241
"../../../Engine/Content/EngineMaterials/Substrate/GLints/dict_16_192_64_0p5_0p02_0000_0012.uasset" 4242
"../../../Engine/Content/EngineMaterials/Substrate/GLints/dict_16_192_64_0p5_0p02_0001_0007.uasset" 4243
"/Engine/EngineMaterials/Substrate/GLints/dict_16_192_64_0p5_0p02_0001_0007" 4244
"/Engine/EngineMaterials/Substrate/GLints/dict_16_192_64_0p5_0p02_0001_0005" 4245
"../../../Engine/Content/EngineMaterials/Substrate/GLints/dict_16_192_64_0p5_0p02_0000_0015.uasset" 4246
"../../../Engine/Content/EngineMaterials/Substrate/GLints/dict_16_192_64_0p5_0p02_0001_0008.uasset" 4247
"../../../Engine/Content/EngineMaterials/Substrate/GLints/dict_16_192_64_0p5_0p02_0001_0009.uasset" 4248
"/Engine/EngineMaterials/Substrate/GLints/dict_16_192_64_0p5_0p02_0001_0002" 4249
"/Engine/EngineMaterials/Substrate/GLints/dict_16_192_64_0p5_0p02_0000_0012" 4250
"../../../Engine/Content/EngineMaterials/Substrate/GLints/dict_16_192_64_0p5_0p02_0001_0011.uasset" 4251
"/Engine/EngineMaterials/Substrate/GLints/dict_16_192_64_0p5_0p02_0000_0011" 4252
"/Engine/EngineMaterials/Substrate/GLints/dict_16_192_64_0p5_0p02_0000_0010" 4253
"/Engine/EngineMaterials/Substrate/GLints/dict_16_192_64_0p5_0p02_0000_0008" 4254
"../../../Engine/Content/EngineMaterials/Substrate/GLints/dict_16_192_64_0p5_0p02_0001_0003.uasset" 4255
"../../../Engine/Content/EngineMaterials/Substrate/GLints/dict_16_192_64_0p5_0p02_0001_0004.uasset" 4256
"../../../Engine/Content/EngineMaterials/Substrate/GLints/dict_16_192_64_0p5_0p02_0000_0009.uasset" 4257
"../../../Engine/Content/EngineMaterials/Substrate/GLints/dict_16_192_64_0p5_0p02_0001_0010.uasset" 4258
"../../../Engine/Content/EngineMaterials/Substrate/GLints/dict_16_192_64_0p5_0p02_0001_0001.uasset" 4259
"../../../Engine/Content/EngineMaterials/Substrate/GLints/dict_16_192_64_0p5_0p02_0000_0014.uasset" 4260
"../../../Engine/Content/EngineMaterials/Substrate/GLints/dict_16_192_64_0p5_0p02_0000_0013.uasset" 4261
"../../../Engine/Content/EngineMaterials/Substrate/GLints/dict_16_192_64_0p5_0p02_0001_0000.uasset" 4262
"../../../Engine/Content/EngineMaterials/Substrate/GLints/dict_16_192_64_0p5_0p02_0001_0006.uasset" 4263
"/Engine/EngineMaterials/Substrate/GLints/dict_16_192_64_0p5_0p02_0001_0006" 4264
"/Engine/EngineMaterials/Substrate/GLints/dict_16_192_64_0p5_0p02_0001_0011" 4265
"/Engine/EngineMaterials/Substrate/GLints/dict_16_192_64_0p5_0p02_0001_0010" 4266
"/Engine/EngineMaterials/Substrate/GLints/dict_16_192_64_0p5_0p02_0001_0004" 4267
"/Engine/EngineMaterials/Substrate/GLints/dict_16_192_64_0p5_0p02_0001_0003" 4268
"/Engine/EngineMaterials/Substrate/GLints/dict_16_192_64_0p5_0p02_0001_0009" 4269
"/Engine/EngineMaterials/Substrate/GLints/dict_16_192_64_0p5_0p02_0001_0008" 4270
"/Engine/EngineMaterials/Substrate/GLints/dict_16_192_64_0p5_0p02_0001_0001" 4271
"/Engine/EngineMaterials/Substrate/GLints/dict_16_192_64_0p5_0p02_0001_0000" 4272
"/Engine/EngineMaterials/Substrate/GLints/dict_16_192_64_0p5_0p02_0000_0015" 4273
"/Engine/EngineMaterials/Substrate/GLints/dict_16_192_64_0p5_0p02_0000_0014" 4274
"/Engine/EngineMaterials/Substrate/GLints/dict_16_192_64_0p5_0p02_0000_0013" 4275
"/Engine/EngineMaterials/Substrate/GLints/dict_16_192_64_0p5_0p02_0000_0009" 4276
"../../../Engine/Content/EngineMaterials/Substrate/GLints/dict_16_192_64_0p5_0p02_0002_0008.uasset" 4277
"../../../Engine/Content/EngineMaterials/Substrate/GLints/dict_16_192_64_0p5_0p02_0002_0007.uasset" 4278
"../../../Engine/Content/EngineMaterials/Substrate/GLints/dict_16_192_64_0p5_0p02_0002_0009.uasset" 4279
"../../../Engine/Content/EngineMaterials/Substrate/GLints/dict_16_192_64_0p5_0p02_0001_0012.uasset" 4280
"../../../Engine/Content/EngineMaterials/Substrate/GLints/dict_16_192_64_0p5_0p02_0001_0015.uasset" 4281
"../../../Engine/Content/EngineMaterials/Substrate/GLints/dict_16_192_64_0p5_0p02_0001_0014.uasset" 4282
"../../../Engine/Content/EngineMaterials/Substrate/GLints/dict_16_192_64_0p5_0p02_0002_0005.uasset" 4283
"../../../Engine/Content/EngineMaterials/Substrate/GLints/dict_16_192_64_0p5_0p02_0002_0002.uasset" 4284
"../../../Engine/Content/EngineMaterials/Substrate/GLints/dict_16_192_64_0p5_0p02_0002_0001.uasset" 4285
"../../../Engine/Content/EngineMaterials/Substrate/GLints/dict_16_192_64_0p5_0p02_0001_0013.uasset" 4286
"../../../Engine/Content/EngineMaterials/Substrate/GLints/dict_16_192_64_0p5_0p02_0002_0003.uasset" 4287
"../../../Engine/Content/EngineMaterials/Substrate/GLints/dict_16_192_64_0p5_0p02_0002_0010.uasset" 4288
"../../../Engine/Content/EngineMaterials/Substrate/GLints/dict_16_192_64_0p5_0p02_0002_0004.uasset" 4289
"../../../Engine/Content/EngineMaterials/Substrate/GLints/dict_16_192_64_0p5_0p02_0002_0006.uasset" 4290
"../../../Engine/Content/EngineMaterials/Substrate/GLints/dict_16_192_64_0p5_0p02_0002_0013.uasset" 4291
"../../../Engine/Content/EngineMaterials/Substrate/GLints/dict_16_192_64_0p5_0p02_0002_0015.uasset" 4292
"../../../Engine/Content/EngineMaterials/Substrate/GLints/dict_16_192_64_0p5_0p02_0003_0000.uasset" 4293
"../../../Engine/Content/EngineMaterials/Substrate/GLints/dict_16_192_64_0p5_0p02_0002_0014.uasset" 4294
"../../../Engine/Content/EngineMaterials/Substrate/GLints/dict_16_192_64_0p5_0p02_0002_0012.uasset" 4295
"../../../Engine/Content/EngineMaterials/Substrate/GLints/dict_16_192_64_0p5_0p02_0002_0011.uasset" 4296
"../../../Engine/Content/EngineMaterials/Substrate/GLints/dict_16_192_64_0p5_0p02_0003_0003.uasset" 4297
"../../../Engine/Content/EngineMaterials/Substrate/GLints/dict_16_192_64_0p5_0p02_0003_0001.uasset" 4298
"../../../Engine/Content/EngineMaterials/Substrate/GLints/dict_16_192_64_0p5_0p02_0003_0005.uasset" 4299
"../../../Engine/Content/EngineMaterials/Substrate/GLints/dict_16_192_64_0p5_0p02_0003_0008.uasset" 4300
"../../../Engine/Content/EngineMaterials/Substrate/GLints/dict_16_192_64_0p5_0p02_0003_0010.uasset" 4301
"../../../Engine/Content/EngineMaterials/Substrate/GLints/dict_16_192_64_0p5_0p02_0003_0009.uasset" 4302
"../../../Engine/Content/EngineMaterials/Substrate/GLints/dict_16_192_64_0p5_0p02_0003_0004.uasset" 4303
"../../../Engine/Content/EngineMaterials/Substrate/GLints/dict_16_192_64_0p5_0p02_0003_0002.uasset" 4304
"../../../Engine/Content/EngineMaterials/Substrate/GLints/dict_16_192_64_0p5_0p02_0003_0007.uasset" 4305
"../../../Engine/Content/EngineMaterials/Substrate/GLints/dict_16_192_64_0p5_0p02_0003_0011.uasset" 4306
"../../../Engine/Content/EngineMaterials/Substrate/GLints/dict_16_192_64_0p5_0p02_0003_0006.uasset" 4307
"../../../Engine/Content/EngineMaterials/Substrate/GLints/dict_16_192_64_0p5_0p02_0002_0000.uasset" 4308
"/Engine/EngineMaterials/Substrate/GLints/dict_16_192_64_0p5_0p02_0002_0014" 4309
"/Engine/EngineMaterials/Substrate/GLints/dict_16_192_64_0p5_0p02_0003_0011" 4310
"/Engine/EngineMaterials/Substrate/GLints/dict_16_192_64_0p5_0p02_0002_0013" 4311
"/Engine/EngineMaterials/Substrate/GLints/dict_16_192_64_0p5_0p02_0002_0012" 4312
"/Engine/EngineMaterials/Substrate/GLints/dict_16_192_64_0p5_0p02_0003_0010" 4313
"/Engine/EngineMaterials/Substrate/GLints/dict_16_192_64_0p5_0p02_0003_0009" 4314
"/Engine/EngineMaterials/Substrate/GLints/dict_16_192_64_0p5_0p02_0002_0011" 4315
"/Engine/EngineMaterials/Substrate/GLints/dict_16_192_64_0p5_0p02_0002_0010" 4316
"/Engine/EngineMaterials/Substrate/GLints/dict_16_192_64_0p5_0p02_0003_0008" 4317
"/Engine/EngineMaterials/Substrate/GLints/dict_16_192_64_0p5_0p02_0003_0007" 4318
"/Engine/EngineMaterials/Substrate/GLints/dict_16_192_64_0p5_0p02_0003_0006" 4319
"/Engine/EngineMaterials/Substrate/GLints/dict_16_192_64_0p5_0p02_0003_0005" 4320
"/Engine/EngineMaterials/Substrate/GLints/dict_16_192_64_0p5_0p02_0002_0009" 4321
"/Engine/EngineMaterials/Substrate/GLints/dict_16_192_64_0p5_0p02_0003_0004" 4322
"/Engine/EngineMaterials/Substrate/GLints/dict_16_192_64_0p5_0p02_0003_0003" 4323
"/Engine/EngineMaterials/Substrate/GLints/dict_16_192_64_0p5_0p02_0003_0002" 4324
"/Engine/EngineMaterials/Substrate/GLints/dict_16_192_64_0p5_0p02_0003_0001" 4325
"/Engine/EngineMaterials/Substrate/GLints/dict_16_192_64_0p5_0p02_0003_0000" 4326
"/Engine/EngineMaterials/Substrate/GLints/dict_16_192_64_0p5_0p02_0002_0008" 4327
"/Engine/EngineMaterials/Substrate/GLints/dict_16_192_64_0p5_0p02_0002_0007" 4328
"/Engine/EngineMaterials/Substrate/GLints/dict_16_192_64_0p5_0p02_0002_0006" 4329
"/Engine/EngineMaterials/Substrate/GLints/dict_16_192_64_0p5_0p02_0002_0015" 4330
"/Engine/EngineMaterials/Substrate/GLints/dict_16_192_64_0p5_0p02_0002_0005" 4331
"/Engine/EngineMaterials/Substrate/GLints/dict_16_192_64_0p5_0p02_0002_0004" 4332
"/Engine/EngineMaterials/Substrate/GLints/dict_16_192_64_0p5_0p02_0002_0003" 4333
"/Engine/EngineMaterials/Substrate/GLints/dict_16_192_64_0p5_0p02_0002_0002" 4334
"/Engine/EngineMaterials/Substrate/GLints/dict_16_192_64_0p5_0p02_0002_0001" 4335
"/Engine/EngineMaterials/Substrate/GLints/dict_16_192_64_0p5_0p02_0002_0000" 4336
"/Engine/EngineMaterials/Substrate/GLints/dict_16_192_64_0p5_0p02_0001_0015" 4337
"/Engine/EngineMaterials/Substrate/GLints/dict_16_192_64_0p5_0p02_0001_0014" 4338
"/Engine/EngineMaterials/Substrate/GLints/dict_16_192_64_0p5_0p02_0001_0013" 4339
"/Engine/EngineMaterials/Substrate/GLints/dict_16_192_64_0p5_0p02_0001_0012" 4340
"../../../Engine/Content/EngineMaterials/Substrate/GLints/dict_16_192_64_0p5_0p02_0003_0015.uasset" 4341
"../../../Engine/Content/EngineMaterials/Substrate/GLints/dict_16_192_64_0p5_0p02_0004_0002.uasset" 4342
"../../../Engine/Content/EngineMaterials/Substrate/GLints/dict_16_192_64_0p5_0p02_0004_0004.uasset" 4343
"../../../Engine/Content/EngineMaterials/Substrate/GLints/dict_16_192_64_0p5_0p02_0003_0012.uasset" 4344
"../../../Engine/Content/EngineMaterials/Substrate/GLints/dict_16_192_64_0p5_0p02_0004_0001.uasset" 4345
"../../../Engine/Content/EngineMaterials/Substrate/GLints/dict_16_192_64_0p5_0p02_0004_0000.uasset" 4346
"../../../Engine/Content/EngineMaterials/Substrate/GLints/dict_16_192_64_0p5_0p02_0004_0007.uasset" 4347
"../../../Engine/Content/EngineMaterials/Substrate/GLints/dict_16_192_64_0p5_0p02_0003_0013.uasset" 4348
"../../../Engine/Content/EngineMaterials/Substrate/GLints/dict_16_192_64_0p5_0p02_0003_0014.uasset" 4349
"../../../Engine/Content/EngineMaterials/Substrate/GLints/dict_16_192_64_0p5_0p02_0004_0006.uasset" 4350
"../../../Engine/Content/EngineMaterials/Substrate/GLints/dict_16_192_64_0p5_0p02_0004_0008.uasset" 4351
"../../../Engine/Content/EngineMaterials/Substrate/GLints/dict_16_192_64_0p5_0p02_0004_0003.uasset" 4352
"../../../Engine/Content/EngineMaterials/Substrate/GLints/dict_16_192_64_0p5_0p02_0004_0005.uasset" 4353
"../../../Engine/Content/EngineMaterials/Substrate/GLints/dict_16_192_64_0p5_0p02_0004_0011.uasset" 4354
"../../../Engine/Content/EngineMaterials/Substrate/GLints/dict_16_192_64_0p5_0p02_0004_0014.uasset" 4355
"../../../Engine/Content/EngineMaterials/Substrate/GLints/dict_16_192_64_0p5_0p02_0004_0010.uasset" 4356
"../../../Engine/Content/EngineMaterials/Substrate/GLints/dict_16_192_64_0p5_0p02_0004_0012.uasset" 4357
"../../../Engine/Plugins/Animation/DeformerGraph/Shaders/Private/DataInterfaceCustomComputeKernel.ush" 4358
"../../../Engine/Content/EngineMaterials/Substrate/GLints/dict_16_192_64_0p5_0p02_0005_0008.uasset" 4359
"../../../Engine/Content/EngineMaterials/Substrate/GLints/dict_16_192_64_0p5_0p02_0005_0003.uasset" 4360
"../../../Engine/Content/EngineMaterials/Substrate/GLints/dict_16_192_64_0p5_0p02_0005_0005.uasset" 4361
"../../../Engine/Content/EngineMaterials/Substrate/GLints/dict_16_192_64_0p5_0p02_0005_0002.uasset" 4362
"../../../Engine/Plugins/Animation/DeformerGraph/Shaders/Private/DataInterfaceCloth.ush" 4363
"../../../Engine/Content/EngineMaterials/Substrate/GLints/dict_16_192_64_0p5_0p02_0004_0013.uasset" 4364
"../../../Engine/Content/EngineMaterials/Substrate/GLints/dict_16_192_64_0p5_0p02_0004_0015.uasset" 4365
"../../../Engine/Content/EngineMaterials/Substrate/GLints/dict_16_192_64_0p5_0p02_0005_0011.uasset" 4366
"../../../Engine/Content/EngineMaterials/Substrate/GLints/dict_16_192_64_0p5_0p02_0004_0009.uasset" 4367
"../../../Engine/Plugins/Animation/DeformerGraph/Shaders/Private/DataInterfaceSkinnedMeshRead.ush" 4368
"../../../Engine/Content/EngineMaterials/Substrate/GLints/dict_16_192_64_0p5_0p02_0005_0006.uasset" 4369
"../../../Engine/Content/EngineMaterials/Substrate/GLints/dict_16_192_64_0p5_0p02_0005_0009.uasset" 4370
"../../../Engine/Content/EngineMaterials/Substrate/GLints/dict_16_192_64_0p5_0p02_0005_0010.uasset" 4371
"../../../Engine/Content/EngineMaterials/Substrate/GLints/dict_16_192_64_0p5_0p02_0005_0001.uasset" 4372
"../../../Engine/Content/EngineMaterials/Substrate/GLints/dict_16_192_64_0p5_0p02_0005_0007.uasset" 4373
"../../../Engine/Plugins/Animation/DeformerGraph/Shaders/Private/DataInterfaceSkeleton.ush" 4374
"../../../Engine/Content/EngineMaterials/Substrate/GLints/dict_16_192_64_0p5_0p02_0005_0004.uasset" 4375
"../../../Engine/Content/EngineMaterials/Substrate/GLints/dict_16_192_64_0p5_0p02_0005_0000.uasset" 4376
"../../../Engine/Plugins/Animation/DeformerGraph/Shaders/Private/DataInterfaceSkeletonCommon.ush" 4377
"../../../Engine/Plugins/Animation/DeformerGraph/Shaders/Private/DataInterfaceMorphTarget.ush" 4378
"../../../Engine/Plugins/Animation/DeformerGraph/Shaders/Private/DataInterfaceSkinnedMeshWrite.ush" 4379
"../../../Engine/Plugins/Animation/DeformerGraph/Shaders/Private/DataInterfaceRawBuffer.ush" 4380
"../../../Engine/Plugins/Runtime/ComputeFramework/Shaders/Private/BufferAlias.ush" 4381
"../../../Engine/Plugins/Animation/DeformerGraph/Shaders/Private/DataInterfaceSkinnedMesh.ush" 4382
"../../../Engine/Plugins/Animation/DeformerGraph/Shaders/Private/DataInterfaceHalfEdge.ush" 4383
"/Engine/EngineMaterials/Substrate/GLints/dict_16_192_64_0p5_0p02_0005_0011" 4384
"/Engine/EngineMaterials/Substrate/GLints/dict_16_192_64_0p5_0p02_0005_0010" 4385
"/Engine/EngineMaterials/Substrate/GLints/dict_16_192_64_0p5_0p02_0005_0009" 4386
"/Engine/EngineMaterials/Substrate/GLints/dict_16_192_64_0p5_0p02_0005_0008" 4387
"/Engine/EngineMaterials/Substrate/GLints/dict_16_192_64_0p5_0p02_0005_0007" 4388
"/Engine/EngineMaterials/Substrate/GLints/dict_16_192_64_0p5_0p02_0005_0006" 4389
"/Engine/EngineMaterials/Substrate/GLints/dict_16_192_64_0p5_0p02_0005_0005" 4390
"/Engine/EngineMaterials/Substrate/GLints/dict_16_192_64_0p5_0p02_0005_0004" 4391
"/Engine/EngineMaterials/Substrate/GLints/dict_16_192_64_0p5_0p02_0005_0003" 4392
"/Engine/EngineMaterials/Substrate/GLints/dict_16_192_64_0p5_0p02_0005_0002" 4393
"/Engine/EngineMaterials/Substrate/GLints/dict_16_192_64_0p5_0p02_0005_0001" 4394
"/Engine/EngineMaterials/Substrate/GLints/dict_16_192_64_0p5_0p02_0005_0000" 4395
"/Engine/EngineMaterials/Substrate/GLints/dict_16_192_64_0p5_0p02_0004_0015" 4396
"/Engine/EngineMaterials/Substrate/GLints/dict_16_192_64_0p5_0p02_0004_0014" 4397
"/Engine/EngineMaterials/Substrate/GLints/dict_16_192_64_0p5_0p02_0004_0013" 4398
"/Engine/EngineMaterials/Substrate/GLints/dict_16_192_64_0p5_0p02_0004_0012" 4399
"/Engine/EngineMaterials/Substrate/GLints/dict_16_192_64_0p5_0p02_0004_0011" 4400
"/Engine/EngineMaterials/Substrate/GLints/dict_16_192_64_0p5_0p02_0004_0010" 4401
"/Engine/EngineMaterials/Substrate/GLints/dict_16_192_64_0p5_0p02_0004_0009" 4402
"/Engine/EngineMaterials/Substrate/GLints/dict_16_192_64_0p5_0p02_0004_0008" 4403
"/Engine/EngineMaterials/Substrate/GLints/dict_16_192_64_0p5_0p02_0004_0007" 4404
"/Engine/EngineMaterials/Substrate/GLints/dict_16_192_64_0p5_0p02_0004_0006" 4405
"/Engine/EngineMaterials/Substrate/GLints/dict_16_192_64_0p5_0p02_0004_0005" 4406
"/Engine/EngineMaterials/Substrate/GLints/dict_16_192_64_0p5_0p02_0004_0004" 4407
"/Engine/EngineMaterials/Substrate/GLints/dict_16_192_64_0p5_0p02_0004_0003" 4408
"/Engine/EngineMaterials/Substrate/GLints/dict_16_192_64_0p5_0p02_0004_0002" 4409
"/Engine/EngineMaterials/Substrate/GLints/dict_16_192_64_0p5_0p02_0004_0001" 4410
"/Engine/EngineMaterials/Substrate/GLints/dict_16_192_64_0p5_0p02_0004_0000" 4411
"/Engine/EngineMaterials/Substrate/GLints/dict_16_192_64_0p5_0p02_0003_0015" 4412
"/Engine/EngineMaterials/Substrate/GLints/dict_16_192_64_0p5_0p02_0003_0014" 4413
"/Engine/EngineMaterials/Substrate/GLints/dict_16_192_64_0p5_0p02_0003_0013" 4414
"/Engine/EngineMaterials/Substrate/GLints/dict_16_192_64_0p5_0p02_0003_0012" 4415
"/Game/MazeEscape/Blueprints/UI/Horror_Maze_Main" 4416
"/Game/MazeEscape/Blueprints/UI/ButtonWithoutHover" 4417
"/Game/MazeEscape/Blueprints/UI/ButtonWithHover" 4418
"/Game/MazeEscape/Blueprints/UI/ButtonOnClick" 4419
"/Game/MazeEscape/Input/Actions/IA_MouseLook" 4420
"/Game/MazeEscape/Input/Touch/BPI_TouchInterface" 4421
"/Engine/MobileResources/HUD/VirtualJoystick_Thumb" 4422
"/Engine/MobileResources/HUD/VirtualJoystick_Background" 4423
"/Game/MazeEscape/Blueprints/Characters/Mannequins/Meshes/SK_Mannequin" 4424
"/Engine/Animation/DefaultAnimCurveCompressionSettings" 4425
"/Engine/Animation/DefaultAnimBoneCompressionSettings" 4426
"/Game/MazeEscape/Blueprints/Characters/Mannequins/Rigs/PA_Mannequin" 4427
"../../../Engine/Content/EngineMaterials/Substrate/GLints/dict_16_192_64_0p5_0p02_0006_0006.uasset" 4428
"../../../Engine/Content/EngineMaterials/Substrate/GLints/dict_16_192_64_0p5_0p02_0006_0001.uasset" 4429
"../../../Engine/Content/EngineMaterials/Substrate/GLints/dict_16_192_64_0p5_0p02_0005_0013.uasset" 4430
"../../../Engine/Content/EngineMaterials/Substrate/GLints/dict_16_192_64_0p5_0p02_0005_0012.uasset" 4431
"/Engine/EngineMaterials/Substrate/GLints/dict_16_192_64_0p5_0p02_0006_0006" 4432
"/Engine/EngineMaterials/Substrate/GLints/dict_16_192_64_0p5_0p02_0006_0001" 4433
"/Engine/EngineMaterials/Substrate/GLints/dict_16_192_64_0p5_0p02_0005_0013" 4434
"/Engine/EngineMaterials/Substrate/GLints/dict_16_192_64_0p5_0p02_0005_0012" 4435
"../../../Engine/Content/EngineMaterials/Substrate/GLints/dict_16_192_64_0p5_0p02_0006_0011.uasset" 4436
"../../../Engine/Content/EngineMaterials/Substrate/GLints/dict_16_192_64_0p5_0p02_0006_0005.uasset" 4437
"../../../Engine/Content/EngineMaterials/Substrate/GLints/dict_16_192_64_0p5_0p02_0006_0000.uasset" 4438
"../../../Engine/Content/EngineMaterials/Substrate/GLints/dict_16_192_64_0p5_0p02_0005_0015.uasset" 4439
"../../../Engine/Content/EngineMaterials/Substrate/GLints/dict_16_192_64_0p5_0p02_0006_0004.uasset" 4440
"../../../Engine/Content/EngineMaterials/Substrate/GLints/dict_16_192_64_0p5_0p02_0006_0014.uasset" 4441
"/Engine/EngineMaterials/Substrate/GLints/dict_16_192_64_0p5_0p02_0006_0014" 4442
"/Engine/EngineMaterials/Substrate/GLints/dict_16_192_64_0p5_0p02_0006_0011" 4443
"/Engine/EngineMaterials/Substrate/GLints/dict_16_192_64_0p5_0p02_0006_0005" 4444
"/Engine/EngineMaterials/Substrate/GLints/dict_16_192_64_0p5_0p02_0006_0004" 4445
"../../../Engine/Content/EngineMaterials/Substrate/GLints/dict_16_192_64_0p5_0p02_0006_0010.uasset" 4446
"../../../Engine/Content/EngineMaterials/Substrate/GLints/dict_16_192_64_0p5_0p02_0006_0008.uasset" 4447
"/Engine/EngineMaterials/Substrate/GLints/dict_16_192_64_0p5_0p02_0006_0000" 4448
"/Engine/EngineMaterials/Substrate/GLints/dict_16_192_64_0p5_0p02_0005_0015" 4449
"../../../Engine/Content/EngineMaterials/Substrate/GLints/dict_16_192_64_0p5_0p02_0005_0014.uasset" 4450
"/Engine/EngineMaterials/Substrate/GLints/dict_16_192_64_0p5_0p02_0006_0010" 4451
"/Engine/EngineMaterials/Substrate/GLints/dict_16_192_64_0p5_0p02_0006_0008" 4452
"/Engine/EngineMaterials/Substrate/GLints/dict_16_192_64_0p5_0p02_0005_0014" 4453
"../../../Engine/Content/EngineMaterials/Substrate/GLints/dict_16_192_64_0p5_0p02_0006_0012.uasset" 4454
"../../../Engine/Content/EngineMaterials/Substrate/GLints/dict_16_192_64_0p5_0p02_0006_0015.uasset" 4455
"../../../Engine/Content/EngineMaterials/Substrate/GLints/dict_16_192_64_0p5_0p02_0006_0003.uasset" 4456
"/Engine/EngineMaterials/Substrate/GLints/dict_16_192_64_0p5_0p02_0006_0015" 4457
"/Engine/EngineMaterials/Substrate/GLints/dict_16_192_64_0p5_0p02_0006_0012" 4458
"/Engine/EngineMaterials/Substrate/GLints/dict_16_192_64_0p5_0p02_0006_0003" 4459
"../../../Engine/Content/EngineMaterials/Substrate/GLints/dict_16_192_64_0p5_0p02_0006_0013.uasset" 4460
"../../../Engine/Content/EngineMaterials/Substrate/GLints/dict_16_192_64_0p5_0p02_0006_0002.uasset" 4461
"../../../Engine/Content/EngineMaterials/Substrate/GLints/dict_16_192_64_0p5_0p02_0006_0007.uasset" 4462
"../../../Engine/Content/EngineMaterials/Substrate/GLints/dict_16_192_64_0p5_0p02_0006_0009.uasset" 4463
"/Engine/EngineMaterials/Substrate/GLints/dict_16_192_64_0p5_0p02_0006_0013" 4464
"/Engine/EngineMaterials/Substrate/GLints/dict_16_192_64_0p5_0p02_0006_0009" 4465
"/Engine/EngineMaterials/Substrate/GLints/dict_16_192_64_0p5_0p02_0006_0007" 4466
"/Engine/EngineMaterials/Substrate/GLints/dict_16_192_64_0p5_0p02_0006_0002" 4467
"/InterchangeAssets/Utilities/New_LUT" 4468
"/Engine/Functions/Engine_MaterialFunctions03/Math/RemapValueRange" 4469
"/Game/MazeEscape/Input/Actions/IA_Jump" 4470
"/Game/MazeEscape/Input/Actions/IA_Look" 4471
"/Game/MazeEscape/Input/Actions/IA_Move" 4472
"../../../Engine/Content/EngineMaterials/Substrate/GLints/dict_16_192_64_0p5_0p02_0007_0004.uasset" 4473
"../../../Engine/Content/EngineMaterials/Substrate/GLints/dict_16_192_64_0p5_0p02_0007_0003.uasset" 4474
"/Engine/EngineMaterials/Substrate/GLints/dict_16_192_64_0p5_0p02_0007_0004" 4475
"../../../Engine/Content/EngineMaterials/Substrate/GLints/dict_16_192_64_0p5_0p02_0007_0000.uasset" 4476
"/Engine/EngineMaterials/Substrate/GLints/dict_16_192_64_0p5_0p02_0007_0003" 4477
"/Engine/EngineMaterials/Substrate/GLints/dict_16_192_64_0p5_0p02_0007_0000" 4478
"../../../Engine/Content/EngineMaterials/Substrate/GLints/dict_16_192_64_0p5_0p02_0007_0002.uasset" 4479
"../../../Engine/Content/EngineMaterials/Substrate/GLints/dict_16_192_64_0p5_0p02_0007_0008.uasset" 4480
"../../../Engine/Content/EngineMaterials/Substrate/GLints/dict_16_192_64_0p5_0p02_0007_0013.uasset" 4481
"../../../Engine/Content/EngineMaterials/Substrate/GLints/dict_16_192_64_0p5_0p02_0007_0011.uasset" 4482
"../../../Engine/Content/EngineMaterials/Substrate/GLints/dict_16_192_64_0p5_0p02_0007_0009.uasset" 4483
"/Engine/EngineMaterials/Substrate/GLints/dict_16_192_64_0p5_0p02_0007_0011" 4484
"/Engine/EngineMaterials/Substrate/GLints/dict_16_192_64_0p5_0p02_0007_0008" 4485
"../../../Engine/Content/EngineMaterials/Substrate/GLints/dict_16_192_64_0p5_0p02_0007_0012.uasset" 4486
"/Engine/EngineMaterials/Substrate/GLints/dict_16_192_64_0p5_0p02_0007_0013" 4487
"/Engine/EngineMaterials/Substrate/GLints/dict_16_192_64_0p5_0p02_0007_0002" 4488
"../../../Engine/Content/EngineMaterials/Substrate/GLints/dict_16_192_64_0p5_0p02_0007_0014.uasset" 4489
"/Engine/EngineMaterials/Substrate/GLints/dict_16_192_64_0p5_0p02_0007_0012" 4490
"/Engine/EngineMaterials/Substrate/GLints/dict_16_192_64_0p5_0p02_0007_0009" 4491
"/Engine/EngineMaterials/Substrate/GLints/dict_16_192_64_0p5_0p02_0007_0014" 4492
"../../../Engine/Content/EngineMaterials/Substrate/GLints/dict_16_192_64_0p5_0p02_0007_0015.uasset" 4493
"../../../Engine/Content/EngineMaterials/Substrate/GLints/dict_16_192_64_0p5_0p02_0008_0001.uasset" 4494
"../../../Engine/Content/EngineMaterials/Substrate/GLints/dict_16_192_64_0p5_0p02_0008_0002.uasset" 4495
"/Engine/EngineMaterials/Substrate/GLints/dict_16_192_64_0p5_0p02_0008_0002" 4496
"../../../Engine/Content/EngineMaterials/Substrate/GLints/dict_16_192_64_0p5_0p02_0007_0001.uasset" 4497
"/Engine/EngineMaterials/Substrate/GLints/dict_16_192_64_0p5_0p02_0008_0001" 4498
"../../../Engine/Content/EngineMaterials/Substrate/GLints/dict_16_192_64_0p5_0p02_0008_0003.uasset" 4499
"/Engine/EngineMaterials/Substrate/GLints/dict_16_192_64_0p5_0p02_0007_0015" 4500
"/Engine/EngineMaterials/Substrate/GLints/dict_16_192_64_0p5_0p02_0008_0003" 4501
"../../../Engine/Content/EngineMaterials/Substrate/GLints/dict_16_192_64_0p5_0p02_0008_0005.uasset" 4502
"/Engine/EngineMaterials/Substrate/GLints/dict_16_192_64_0p5_0p02_0007_0001" 4503
"/Engine/EngineMaterials/Substrate/GLints/dict_16_192_64_0p5_0p02_0008_0005" 4504
"../../../Engine/Content/EngineMaterials/Substrate/GLints/dict_16_192_64_0p5_0p02_0007_0006.uasset" 4505
"../../../Engine/Content/EngineMaterials/Substrate/GLints/dict_16_192_64_0p5_0p02_0007_0007.uasset" 4506
"/Engine/EngineMaterials/Substrate/GLints/dict_16_192_64_0p5_0p02_0007_0007" 4507
"/Engine/EngineMaterials/Substrate/GLints/dict_16_192_64_0p5_0p02_0007_0006" 4508
"../../../Engine/Content/EngineMaterials/Substrate/GLints/dict_16_192_64_0p5_0p02_0008_0000.uasset" 4509
"../../../Engine/Content/EngineMaterials/Substrate/GLints/dict_16_192_64_0p5_0p02_0008_0004.uasset" 4510
"../../../Engine/Content/EngineMaterials/Substrate/GLints/dict_16_192_64_0p5_0p02_0007_0010.uasset" 4511
"../../../Engine/Content/EngineMaterials/Substrate/GLints/dict_16_192_64_0p5_0p02_0007_0005.uasset" 4512
"/Engine/EngineMaterials/Substrate/GLints/dict_16_192_64_0p5_0p02_0008_0004" 4513
"/Engine/EngineMaterials/Substrate/GLints/dict_16_192_64_0p5_0p02_0007_0005" 4514
"/Engine/EngineMaterials/Substrate/GLints/dict_16_192_64_0p5_0p02_0007_0010" 4515
"/Engine/EngineMaterials/Substrate/GLints/dict_16_192_64_0p5_0p02_0008_0000" 4516
"../../../Engine/Content/EngineMaterials/Substrate/GLints/dict_16_192_64_0p5_0p02_0008_0006.uasset" 4517
"/Engine/EngineMaterials/Substrate/GLints/dict_16_192_64_0p5_0p02_0008_0006" 4518
"../../../Engine/Content/EngineMaterials/Substrate/GLints/dict_16_192_64_0p5_0p02_0008_0008.uasset" 4519
"../../../Engine/Content/EngineMaterials/Substrate/GLints/dict_16_192_64_0p5_0p02_0008_0007.uasset" 4520
"/Engine/EngineMaterials/Substrate/GLints/dict_16_192_64_0p5_0p02_0008_0008" 4521
"/Engine/EngineMaterials/Substrate/GLints/dict_16_192_64_0p5_0p02_0008_0007" 4522
"../../../Engine/Content/EngineMaterials/Substrate/GLints/dict_16_192_64_0p5_0p02_0009_0002.uasset" 4523
"../../../Engine/Content/EngineMaterials/Substrate/GLints/dict_16_192_64_0p5_0p02_0009_0001.uasset" 4524
"/Engine/EngineMaterials/Substrate/GLints/dict_16_192_64_0p5_0p02_0009_0001" 4525
"/Engine/EngineMaterials/Substrate/GLints/dict_16_192_64_0p5_0p02_0009_0002" 4526
"../../../Engine/Content/EngineMaterials/Substrate/GLints/dict_16_192_64_0p5_0p02_0009_0003.uasset" 4527
"../../../Engine/Content/EngineMaterials/Substrate/GLints/dict_16_192_64_0p5_0p02_0009_0004.uasset" 4528
"../../../Engine/Content/EngineMaterials/Substrate/GLints/dict_16_192_64_0p5_0p02_0009_0005.uasset" 4529
"/Engine/EngineMaterials/Substrate/GLints/dict_16_192_64_0p5_0p02_0009_0005" 4530
"/Engine/EngineMaterials/Substrate/GLints/dict_16_192_64_0p5_0p02_0009_0004" 4531
"../../../Engine/Content/EngineMaterials/Substrate/GLints/dict_16_192_64_0p5_0p02_0009_0007.uasset" 4532
"/Engine/EngineMaterials/Substrate/GLints/dict_16_192_64_0p5_0p02_0009_0003" 4533
"/Engine/EngineMaterials/Substrate/GLints/dict_16_192_64_0p5_0p02_0009_0007" 4534
"../../../Engine/Content/EngineMaterials/Substrate/GLints/dict_16_192_64_0p5_0p02_0009_0008.uasset" 4535
"../../../Engine/Content/EngineMaterials/Substrate/GLints/dict_16_192_64_0p5_0p02_0009_0009.uasset" 4536
"../../../Engine/Content/EngineMaterials/Substrate/GLints/dict_16_192_64_0p5_0p02_0009_0011.uasset" 4537
"../../../Engine/Content/EngineMaterials/Substrate/GLints/dict_16_192_64_0p5_0p02_0009_0010.uasset" 4538
"../../../Engine/Content/EngineMaterials/Substrate/GLints/dict_16_192_64_0p5_0p02_0009_0012.uasset" 4539
"/Engine/EngineMaterials/Substrate/GLints/dict_16_192_64_0p5_0p02_0009_0008" 4540
"/Engine/EngineMaterials/Substrate/GLints/dict_16_192_64_0p5_0p02_0009_0011" 4541
"/Engine/EngineMaterials/Substrate/GLints/dict_16_192_64_0p5_0p02_0009_0010" 4542
"/Engine/EngineMaterials/Substrate/GLints/dict_16_192_64_0p5_0p02_0009_0009" 4543
"/Engine/EngineMaterials/Substrate/GLints/dict_16_192_64_0p5_0p02_0009_0012" 4544
"../../../Engine/Content/EngineMaterials/Substrate/GLints/dict_16_192_64_0p5_0p02_0009_0014.uasset" 4545
"../../../Engine/Content/EngineMaterials/Substrate/GLints/dict_16_192_64_0p5_0p02_0009_0013.uasset" 4546
"../../../Engine/Content/EngineMaterials/Substrate/GLints/dict_16_192_64_0p5_0p02_0010_0000.uasset" 4547
"../../../Engine/Content/EngineMaterials/Substrate/GLints/dict_16_192_64_0p5_0p02_0009_0015.uasset" 4548
"../../../Engine/Content/EngineMaterials/Substrate/GLints/dict_16_192_64_0p5_0p02_0010_0001.uasset" 4549
"/Engine/EngineMaterials/Substrate/GLints/dict_16_192_64_0p5_0p02_0009_0015" 4550
"/Engine/EngineMaterials/Substrate/GLints/dict_16_192_64_0p5_0p02_0009_0014" 4551
"../../../Engine/Content/EngineMaterials/Substrate/GLints/dict_16_192_64_0p5_0p02_0010_0002.uasset" 4552
"../../../Engine/Content/EngineMaterials/Substrate/GLints/dict_16_192_64_0p5_0p02_0010_0003.uasset" 4553
"/Engine/EngineMaterials/Substrate/GLints/dict_16_192_64_0p5_0p02_0010_0001" 4554
"../../../Engine/Content/EngineMaterials/Substrate/GLints/dict_16_192_64_0p5_0p02_0010_0005.uasset" 4555
"/Engine/EngineMaterials/Substrate/GLints/dict_16_192_64_0p5_0p02_0010_0000" 4556
"/Engine/EngineMaterials/Substrate/GLints/dict_16_192_64_0p5_0p02_0009_0013" 4557
"/Engine/EngineMaterials/Substrate/GLints/dict_16_192_64_0p5_0p02_0010_0005" 4558
"/Engine/EngineMaterials/Substrate/GLints/dict_16_192_64_0p5_0p02_0010_0003" 4559
"/Engine/EngineMaterials/Substrate/GLints/dict_16_192_64_0p5_0p02_0010_0002" 4560
"../../../Engine/Content/EngineMaterials/Substrate/GLints/dict_16_192_64_0p5_0p02_0010_0004.uasset" 4561
"../../../Engine/Content/EngineMaterials/Substrate/GLints/dict_16_192_64_0p5_0p02_0010_0007.uasset" 4562
"../../../Engine/Content/EngineMaterials/Substrate/GLints/dict_16_192_64_0p5_0p02_0010_0006.uasset" 4563
"../../../Engine/Content/EngineMaterials/Substrate/GLints/dict_16_192_64_0p5_0p02_0010_0009.uasset" 4564
"../../../Engine/Content/EngineMaterials/Substrate/GLints/dict_16_192_64_0p5_0p02_0010_0008.uasset" 4565
"/Engine/EngineMaterials/Substrate/GLints/dict_16_192_64_0p5_0p02_0010_0006" 4566
"../../../Engine/Content/EngineMaterials/Substrate/GLints/dict_16_192_64_0p5_0p02_0010_0010.uasset" 4567
"/Engine/EngineMaterials/Substrate/GLints/dict_16_192_64_0p5_0p02_0010_0004" 4568
"../../../Engine/Content/EngineMaterials/Substrate/GLints/dict_16_192_64_0p5_0p02_0010_0012.uasset" 4569
"../../../Engine/Content/EngineMaterials/Substrate/GLints/dict_16_192_64_0p5_0p02_0010_0011.uasset" 4570
"/Engine/EngineMaterials/Substrate/GLints/dict_16_192_64_0p5_0p02_0010_0009" 4571
"/Engine/EngineMaterials/Substrate/GLints/dict_16_192_64_0p5_0p02_0010_0008" 4572
"/Engine/EngineMaterials/Substrate/GLints/dict_16_192_64_0p5_0p02_0010_0007" 4573
"/Engine/EngineMaterials/Substrate/GLints/dict_16_192_64_0p5_0p02_0010_0010" 4574
"/Engine/EngineMaterials/Substrate/GLints/dict_16_192_64_0p5_0p02_0010_0012" 4575
"/Engine/EngineMaterials/Substrate/GLints/dict_16_192_64_0p5_0p02_0010_0011" 4576
"../../../Engine/Content/EngineMaterials/Substrate/GLints/dict_16_192_64_0p5_0p02_0010_0014.uasset" 4577
"../../../Engine/Content/EngineMaterials/Substrate/GLints/dict_16_192_64_0p5_0p02_0010_0013.uasset" 4578
"../../../Engine/Content/EngineMaterials/Substrate/GLints/dict_16_192_64_0p5_0p02_0010_0015.uasset" 4579
"../../../Engine/Content/EngineMaterials/Substrate/GLints/dict_16_192_64_0p5_0p02_0011_0001.uasset" 4580
"../../../Engine/Content/EngineMaterials/Substrate/GLints/dict_16_192_64_0p5_0p02_0011_0000.uasset" 4581
"/Engine/EngineMaterials/Substrate/GLints/dict_16_192_64_0p5_0p02_0011_0001" 4582
"../../../Engine/Content/EngineMaterials/Substrate/GLints/dict_16_192_64_0p5_0p02_0011_0002.uasset" 4583
"/Engine/EngineMaterials/Substrate/GLints/dict_16_192_64_0p5_0p02_0011_0000" 4584
"/Engine/EngineMaterials/Substrate/GLints/dict_16_192_64_0p5_0p02_0010_0015" 4585
"/Engine/EngineMaterials/Substrate/GLints/dict_16_192_64_0p5_0p02_0010_0014" 4586
"/Engine/EngineMaterials/Substrate/GLints/dict_16_192_64_0p5_0p02_0010_0013" 4587
"/Engine/EngineMaterials/Substrate/GLints/dict_16_192_64_0p5_0p02_0011_0002" 4588
"../../../Engine/Content/EngineMaterials/Substrate/GLints/dict_16_192_64_0p5_0p02_0011_0004.uasset" 4589
"../../../Engine/Content/EngineMaterials/Substrate/GLints/dict_16_192_64_0p5_0p02_0011_0003.uasset" 4590
"../../../Engine/Content/EngineMaterials/Substrate/GLints/dict_16_192_64_0p5_0p02_0011_0005.uasset" 4591
"../../../Engine/Content/EngineMaterials/Substrate/GLints/dict_16_192_64_0p5_0p02_0011_0006.uasset" 4592
"/Engine/EngineMaterials/Substrate/GLints/dict_16_192_64_0p5_0p02_0011_0003" 4593
"../../../Engine/Content/EngineMaterials/Substrate/GLints/dict_16_192_64_0p5_0p02_0011_0007.uasset" 4594
"/Engine/EngineMaterials/Substrate/GLints/dict_16_192_64_0p5_0p02_0011_0006" 4595
"/Engine/EngineMaterials/Substrate/GLints/dict_16_192_64_0p5_0p02_0011_0005" 4596
"/Engine/EngineMaterials/Substrate/GLints/dict_16_192_64_0p5_0p02_0011_0004" 4597
"/Engine/EngineMaterials/Substrate/GLints/dict_16_192_64_0p5_0p02_0011_0007" 4598
"../../../Engine/Content/EngineMaterials/Substrate/GLints/dict_16_192_64_0p5_0p02_0011_0008.uasset" 4599
"../../../Engine/Content/EngineMaterials/Substrate/GLints/dict_16_192_64_0p5_0p02_0008_0015.uasset" 4600
"../../../Engine/Content/EngineMaterials/Substrate/GLints/dict_16_192_64_0p5_0p02_0011_0010.uasset" 4601
"../../../Engine/Content/EngineMaterials/Substrate/GLints/dict_16_192_64_0p5_0p02_0011_0011.uasset" 4602
"../../../Engine/Content/EngineMaterials/Substrate/GLints/dict_16_192_64_0p5_0p02_0011_0012.uasset" 4603
"/Engine/EngineMaterials/Substrate/GLints/dict_16_192_64_0p5_0p02_0011_0008" 4604
"../../../Engine/Content/EngineMaterials/Substrate/GLints/dict_16_192_64_0p5_0p02_0011_0015.uasset" 4605
"../../../Engine/Content/EngineMaterials/Substrate/GLints/dict_16_192_64_0p5_0p02_0012_0000.uasset" 4606
"../../../Engine/Content/EngineMaterials/Substrate/GLints/dict_16_192_64_0p5_0p02_0008_0014.uasset" 4607
"../../../Engine/Content/EngineMaterials/Substrate/GLints/dict_16_192_64_0p5_0p02_0011_0013.uasset" 4608
"/Engine/EngineMaterials/Substrate/GLints/dict_16_192_64_0p5_0p02_0011_0011" 4609
"/Engine/EngineMaterials/Substrate/GLints/dict_16_192_64_0p5_0p02_0011_0010" 4610
"/Engine/EngineMaterials/Substrate/GLints/dict_16_192_64_0p5_0p02_0011_0012" 4611
"/Engine/EngineMaterials/Substrate/GLints/dict_16_192_64_0p5_0p02_0008_0015" 4612
"../../../Engine/Content/EngineMaterials/Substrate/GLints/dict_16_192_64_0p5_0p02_0008_0011.uasset" 4613
"/Engine/EngineMaterials/Substrate/GLints/dict_16_192_64_0p5_0p02_0012_0000" 4614
"/Engine/EngineMaterials/Substrate/GLints/dict_16_192_64_0p5_0p02_0011_0015" 4615
"/Engine/EngineMaterials/Substrate/GLints/dict_16_192_64_0p5_0p02_0011_0013" 4616
"/Engine/EngineMaterials/Substrate/GLints/dict_16_192_64_0p5_0p02_0008_0014" 4617
"/Engine/EngineMaterials/Substrate/GLints/dict_16_192_64_0p5_0p02_0008_0011" 4618
"../../../Engine/Content/EngineMaterials/Substrate/GLints/dict_16_192_64_0p5_0p02_0012_0001.uasset" 4619
"../../../Engine/Content/EngineMaterials/Substrate/GLints/dict_16_192_64_0p5_0p02_0008_0010.uasset" 4620
"../../../Engine/Content/EngineMaterials/Substrate/GLints/dict_16_192_64_0p5_0p02_0012_0002.uasset" 4621
"../../../Engine/Content/EngineMaterials/Substrate/GLints/dict_16_192_64_0p5_0p02_0012_0005.uasset" 4622
"../../../Engine/Content/EngineMaterials/Substrate/GLints/dict_16_192_64_0p5_0p02_0012_0003.uasset" 4623
"../../../Engine/Content/EngineMaterials/Substrate/GLints/dict_16_192_64_0p5_0p02_0012_0004.uasset" 4624
"/Engine/EngineMaterials/Substrate/GLints/dict_16_192_64_0p5_0p02_0012_0005" 4625
"/Engine/EngineMaterials/Substrate/GLints/dict_16_192_64_0p5_0p02_0012_0003" 4626
"/Engine/EngineMaterials/Substrate/GLints/dict_16_192_64_0p5_0p02_0012_0004" 4627
"/Engine/EngineMaterials/Substrate/GLints/dict_16_192_64_0p5_0p02_0012_0002" 4628
"/Engine/EngineMaterials/Substrate/GLints/dict_16_192_64_0p5_0p02_0012_0001" 4629
"/Engine/EngineMaterials/Substrate/GLints/dict_16_192_64_0p5_0p02_0008_0010" 4630
"../../../Engine/Content/EngineMaterials/Substrate/GLints/dict_16_192_64_0p5_0p02_0012_0007.uasset" 4631
"../../../Engine/Content/EngineMaterials/Substrate/GLints/dict_16_192_64_0p5_0p02_0012_0010.uasset" 4632
"../../../Engine/Content/EngineMaterials/Substrate/GLints/dict_16_192_64_0p5_0p02_0012_0011.uasset" 4633
"../../../Engine/Content/EngineMaterials/Substrate/GLints/dict_16_192_64_0p5_0p02_0012_0009.uasset" 4634
"../../../Engine/Content/EngineMaterials/Substrate/GLints/dict_16_192_64_0p5_0p02_0008_0009.uasset" 4635
"../../../Engine/Content/EngineMaterials/Substrate/GLints/dict_16_192_64_0p5_0p02_0012_0012.uasset" 4636
"/Engine/EngineMaterials/Substrate/GLints/dict_16_192_64_0p5_0p02_0012_0009" 4637
"../../../Engine/Content/EngineMaterials/Substrate/GLints/dict_16_192_64_0p5_0p02_0012_0014.uasset" 4638
"../../../Engine/Content/EngineMaterials/Substrate/GLints/dict_16_192_64_0p5_0p02_0008_0012.uasset" 4639
"../../../Engine/Content/EngineMaterials/Substrate/GLints/dict_16_192_64_0p5_0p02_0012_0015.uasset" 4640
"../../../Engine/Content/EngineMaterials/Substrate/GLints/dict_16_192_64_0p5_0p02_0013_0000.uasset" 4641
"/Engine/EngineMaterials/Substrate/GLints/dict_16_192_64_0p5_0p02_0012_0007" 4642
"/Engine/EngineMaterials/Substrate/GLints/dict_16_192_64_0p5_0p02_0012_0012" 4643
"/Engine/EngineMaterials/Substrate/GLints/dict_16_192_64_0p5_0p02_0012_0011" 4644
"../../../Engine/Content/EngineMaterials/Substrate/GLints/dict_16_192_64_0p5_0p02_0012_0013.uasset" 4645
"/Engine/EngineMaterials/Substrate/GLints/dict_16_192_64_0p5_0p02_0012_0010" 4646
"/Engine/EngineMaterials/Substrate/GLints/dict_16_192_64_0p5_0p02_0008_0009" 4647
"/Engine/EngineMaterials/Substrate/GLints/dict_16_192_64_0p5_0p02_0012_0013" 4648
"/Engine/EngineMaterials/Substrate/GLints/dict_16_192_64_0p5_0p02_0012_0014" 4649
"/Engine/EngineMaterials/Substrate/GLints/dict_16_192_64_0p5_0p02_0013_0000" 4650
"/Engine/EngineMaterials/Substrate/GLints/dict_16_192_64_0p5_0p02_0012_0015" 4651
"/Engine/EngineMaterials/Substrate/GLints/dict_16_192_64_0p5_0p02_0008_0012" 4652
"../../../Engine/Content/EngineMaterials/Substrate/GLints/dict_16_192_64_0p5_0p02_0013_0002.uasset" 4653
"../../../Engine/Content/EngineMaterials/Substrate/GLints/dict_16_192_64_0p5_0p02_0013_0003.uasset" 4654
"../../../Engine/Content/EngineMaterials/Substrate/GLints/dict_16_192_64_0p5_0p02_0013_0006.uasset" 4655
"../../../Engine/Content/EngineMaterials/Substrate/GLints/dict_16_192_64_0p5_0p02_0013_0005.uasset" 4656
"/Engine/EngineMaterials/Substrate/GLints/dict_16_192_64_0p5_0p02_0013_0003" 4657
"/Engine/EngineMaterials/Substrate/GLints/dict_16_192_64_0p5_0p02_0013_0002" 4658
"/Engine/EngineMaterials/Substrate/GLints/dict_16_192_64_0p5_0p02_0013_0006" 4659
"/Engine/EngineMaterials/Substrate/GLints/dict_16_192_64_0p5_0p02_0013_0005" 4660
"../../../Engine/Content/EngineMaterials/Substrate/GLints/dict_16_192_64_0p5_0p02_0013_0007.uasset" 4661
"../../../Engine/Content/EngineMaterials/Substrate/GLints/dict_16_192_64_0p5_0p02_0008_0013.uasset" 4662
"../../../Engine/Content/EngineMaterials/Substrate/GLints/dict_16_192_64_0p5_0p02_0013_0010.uasset" 4663
"../../../Engine/Content/EngineMaterials/Substrate/GLints/dict_16_192_64_0p5_0p02_0013_0008.uasset" 4664
"../../../Engine/Content/EngineMaterials/Substrate/GLints/dict_16_192_64_0p5_0p02_0013_0009.uasset" 4665
"../../../Engine/Content/EngineMaterials/Substrate/GLints/dict_16_192_64_0p5_0p02_0013_0011.uasset" 4666
"/Engine/EngineMaterials/Substrate/GLints/dict_16_192_64_0p5_0p02_0013_0007" 4667
"/Engine/EngineMaterials/Substrate/GLints/dict_16_192_64_0p5_0p02_0013_0011" 4668
"/Engine/EngineMaterials/Substrate/GLints/dict_16_192_64_0p5_0p02_0013_0010" 4669
"/Engine/EngineMaterials/Substrate/GLints/dict_16_192_64_0p5_0p02_0013_0008" 4670
"/Engine/EngineMaterials/Substrate/GLints/dict_16_192_64_0p5_0p02_0013_0009" 4671
"/Engine/EngineMaterials/Substrate/GLints/dict_16_192_64_0p5_0p02_0008_0013" 4672
"../../../Engine/Content/EngineMaterials/Substrate/GLints/dict_16_192_64_0p5_0p02_0013_0012.uasset" 4673
"../../../Engine/Content/EngineMaterials/Substrate/GLints/dict_16_192_64_0p5_0p02_0013_0013.uasset" 4674
"../../../Engine/Content/EngineMaterials/Substrate/GLints/dict_16_192_64_0p5_0p02_0014_0000.uasset" 4675
"../../../Engine/Content/EngineMaterials/Substrate/GLints/dict_16_192_64_0p5_0p02_0013_0014.uasset" 4676
"/Engine/EngineMaterials/Substrate/GLints/dict_16_192_64_0p5_0p02_0013_0014" 4677
"/Engine/EngineMaterials/Substrate/GLints/dict_16_192_64_0p5_0p02_0013_0013" 4678
"../../../Engine/Content/EngineMaterials/Substrate/GLints/dict_16_192_64_0p5_0p02_0014_0001.uasset" 4679
"/Engine/EngineMaterials/Substrate/GLints/dict_16_192_64_0p5_0p02_0013_0012" 4680
"/Engine/EngineMaterials/Substrate/GLints/dict_16_192_64_0p5_0p02_0014_0000" 4681
"../../../Engine/Content/EngineMaterials/Substrate/GLints/dict_16_192_64_0p5_0p02_0014_0003.uasset" 4682
"../../../Engine/Content/EngineMaterials/Substrate/GLints/dict_16_192_64_0p5_0p02_0014_0002.uasset" 4683
"/Engine/EngineMaterials/Substrate/GLints/dict_16_192_64_0p5_0p02_0014_0001" 4684
"/Engine/EngineMaterials/Substrate/GLints/dict_16_192_64_0p5_0p02_0014_0003" 4685
"/Engine/EngineMaterials/Substrate/GLints/dict_16_192_64_0p5_0p02_0014_0002" 4686
"../../../Engine/Content/EngineMaterials/Substrate/GLints/dict_16_192_64_0p5_0p02_0014_0004.uasset" 4687
"../../../Engine/Content/EngineMaterials/Substrate/GLints/dict_16_192_64_0p5_0p02_0014_0005.uasset" 4688
"../../../Engine/Content/EngineMaterials/Substrate/GLints/dict_16_192_64_0p5_0p02_0014_0008.uasset" 4689
"../../../Engine/Content/EngineMaterials/Substrate/GLints/dict_16_192_64_0p5_0p02_0014_0007.uasset" 4690
"/Engine/EngineMaterials/Substrate/GLints/dict_16_192_64_0p5_0p02_0014_0004" 4691
"/Engine/EngineMaterials/Substrate/GLints/dict_16_192_64_0p5_0p02_0014_0008" 4692
"../../../Engine/Content/EngineMaterials/Substrate/GLints/dict_16_192_64_0p5_0p02_0014_0006.uasset" 4693
"/Engine/EngineMaterials/Substrate/GLints/dict_16_192_64_0p5_0p02_0014_0007" 4694
"/Engine/EngineMaterials/Substrate/GLints/dict_16_192_64_0p5_0p02_0014_0005" 4695
"/Engine/EngineMaterials/Substrate/GLints/dict_16_192_64_0p5_0p02_0014_0006" 4696
"../../../Engine/Content/EngineMaterials/Substrate/GLints/dict_16_192_64_0p5_0p02_0014_0009.uasset" 4697
"../../../Engine/Content/EngineMaterials/Substrate/GLints/dict_16_192_64_0p5_0p02_0014_0010.uasset" 4698
"/Engine/EngineMaterials/Substrate/GLints/dict_16_192_64_0p5_0p02_0014_0009" 4699
"/Engine/EngineMaterials/Substrate/GLints/dict_16_192_64_0p5_0p02_0014_0010" 4700
"../../../Engine/Content/EngineMaterials/Substrate/GLints/dict_16_192_64_0p5_0p02_0013_0015.uasset" 4701
"../../../Engine/Content/EngineMaterials/Substrate/GLints/dict_16_192_64_0p5_0p02_0009_0000.uasset" 4702
"../../../Engine/Content/EngineMaterials/Substrate/GLints/dict_16_192_64_0p5_0p02_0014_0012.uasset" 4703
"../../../Engine/Content/EngineMaterials/Substrate/GLints/dict_16_192_64_0p5_0p02_0014_0011.uasset" 4704
"../../../Engine/Content/EngineMaterials/Substrate/GLints/dict_16_192_64_0p5_0p02_0014_0014.uasset" 4705
"../../../Engine/Content/EngineMaterials/Substrate/GLints/dict_16_192_64_0p5_0p02_0014_0015.uasset" 4706
"/Engine/EngineMaterials/Substrate/GLints/dict_16_192_64_0p5_0p02_0014_0012" 4707
"/Engine/EngineMaterials/Substrate/GLints/dict_16_192_64_0p5_0p02_0014_0011" 4708
"/Engine/EngineMaterials/Substrate/GLints/dict_16_192_64_0p5_0p02_0009_0000" 4709
"/Engine/EngineMaterials/Substrate/GLints/dict_16_192_64_0p5_0p02_0014_0015" 4710
"/Engine/EngineMaterials/Substrate/GLints/dict_16_192_64_0p5_0p02_0013_0015" 4711
"/Engine/EngineMaterials/Substrate/GLints/dict_16_192_64_0p5_0p02_0014_0014" 4712
"../../../Engine/Content/EngineMaterials/Substrate/GLints/dict_16_192_64_0p5_0p02_0015_0003.uasset" 4713
"../../../Engine/Content/EngineMaterials/Substrate/GLints/dict_16_192_64_0p5_0p02_0015_0002.uasset" 4714
"../../../Engine/Content/EngineMaterials/Substrate/GLints/dict_16_192_64_0p5_0p02_0015_0001.uasset" 4715
"../../../Engine/Content/EngineMaterials/Substrate/GLints/dict_16_192_64_0p5_0p02_0015_0004.uasset" 4716
"../../../Engine/Content/EngineMaterials/Substrate/GLints/dict_16_192_64_0p5_0p02_0015_0005.uasset" 4717
"../../../Engine/Content/EngineMaterials/Substrate/GLints/dict_16_192_64_0p5_0p02_0011_0014.uasset" 4718
"/Engine/EngineMaterials/Substrate/GLints/dict_16_192_64_0p5_0p02_0015_0003" 4719
"/Engine/EngineMaterials/Substrate/GLints/dict_16_192_64_0p5_0p02_0015_0005" 4720
"../../../Engine/Content/EngineMaterials/Substrate/GLints/dict_16_192_64_0p5_0p02_0015_0006.uasset" 4721
"../../../Engine/Content/EngineMaterials/Substrate/GLints/dict_16_192_64_0p5_0p02_0015_0007.uasset" 4722
"/Engine/EngineMaterials/Substrate/GLints/dict_16_192_64_0p5_0p02_0015_0002" 4723
"/Engine/EngineMaterials/Substrate/GLints/dict_16_192_64_0p5_0p02_0015_0001" 4724
"/Engine/EngineMaterials/Substrate/GLints/dict_16_192_64_0p5_0p02_0015_0004" 4725
"/Engine/EngineMaterials/Substrate/GLints/dict_16_192_64_0p5_0p02_0011_0014" 4726
"/Engine/EngineMaterials/Substrate/GLints/dict_16_192_64_0p5_0p02_0015_0007" 4727
"/Engine/EngineMaterials/Substrate/GLints/dict_16_192_64_0p5_0p02_0015_0006" 4728
"../../../Engine/Content/EngineMaterials/Substrate/GLints/dict_16_192_64_0p5_0p02_0015_0008.uasset" 4729
"../../../Engine/Content/EngineMaterials/Substrate/GLints/dict_16_192_64_0p5_0p02_0015_0010.uasset" 4730
"../../../Engine/Content/EngineMaterials/Substrate/GLints/dict_16_192_64_0p5_0p02_0015_0009.uasset" 4731
"../../../Engine/Content/EngineMaterials/Substrate/GLints/dict_16_192_64_0p5_0p02_0015_0013.uasset" 4732
"/Engine/EngineMaterials/Substrate/GLints/dict_16_192_64_0p5_0p02_0015_0010" 4733
"/Engine/EngineMaterials/Substrate/GLints/dict_16_192_64_0p5_0p02_0015_0013" 4734
"/Engine/EngineMaterials/Substrate/GLints/dict_16_192_64_0p5_0p02_0015_0009" 4735
"/Engine/EngineMaterials/Substrate/GLints/dict_16_192_64_0p5_0p02_0015_0008" 4736
"../../../Engine/Content/EngineMaterials/Substrate/GLints/dict_16_192_64_0p5_0p02_0015_0014.uasset" 4737
"../../../Engine/Content/EngineMaterials/Substrate/GLints/dict_16_192_64_0p5_0p02_0016_0000.uasset" 4738
"../../../Engine/Content/EngineMaterials/Substrate/GLints/dict_16_192_64_0p5_0p02_0015_0012.uasset" 4739
"../../../Engine/Content/EngineMaterials/Substrate/GLints/dict_16_192_64_0p5_0p02_0015_0015.uasset" 4740
"../../../Engine/Content/EngineMaterials/Substrate/GLints/dict_16_192_64_0p5_0p02_0013_0004.uasset" 4741
"../../../Engine/Content/EngineMaterials/Substrate/GLints/dict_16_192_64_0p5_0p02_0009_0006.uasset" 4742
"../../../Engine/Content/EngineMaterials/Substrate/GLints/dict_16_192_64_0p5_0p02_0016_0001.uasset" 4743
"/Engine/EngineMaterials/Substrate/GLints/dict_16_192_64_0p5_0p02_0016_0001" 4744
"/Engine/EngineMaterials/Substrate/GLints/dict_16_192_64_0p5_0p02_0015_0014" 4745
"../../../Engine/Content/EngineMaterials/Substrate/GLints/dict_16_192_64_0p5_0p02_0016_0002.uasset" 4746
"../../../Engine/Content/EngineMaterials/Substrate/GLints/dict_16_192_64_0p5_0p02_0016_0003.uasset" 4747
"/Engine/EngineMaterials/Substrate/GLints/dict_16_192_64_0p5_0p02_0009_0006" 4748
"/Engine/EngineMaterials/Substrate/GLints/dict_16_192_64_0p5_0p02_0016_0000" 4749
"/Engine/EngineMaterials/Substrate/GLints/dict_16_192_64_0p5_0p02_0015_0012" 4750
"/Engine/EngineMaterials/Substrate/GLints/dict_16_192_64_0p5_0p02_0015_0015" 4751
"../../../Engine/Content/EngineMaterials/Substrate/GLints/dict_16_192_64_0p5_0p02_0016_0005.uasset" 4752
"/Engine/EngineMaterials/Substrate/GLints/dict_16_192_64_0p5_0p02_0013_0004" 4753
"/Engine/EngineMaterials/Substrate/GLints/dict_16_192_64_0p5_0p02_0016_0005" 4754
"/Engine/EngineMaterials/Substrate/GLints/dict_16_192_64_0p5_0p02_0016_0003" 4755
"/Engine/EngineMaterials/Substrate/GLints/dict_16_192_64_0p5_0p02_0016_0002" 4756
"../../../Engine/Content/EngineMaterials/Substrate/GLints/dict_16_192_64_0p5_0p02_0016_0008.uasset" 4757
"../../../Engine/Content/EngineMaterials/Substrate/GLints/dict_16_192_64_0p5_0p02_0016_0010.uasset" 4758
"../../../Engine/Content/EngineMaterials/Substrate/GLints/dict_16_192_64_0p5_0p02_0016_0009.uasset" 4759
"../../../Engine/Content/EngineMaterials/Substrate/GLints/dict_16_192_64_0p5_0p02_0016_0007.uasset" 4760
"../../../Engine/Content/EngineMaterials/Substrate/GLints/dict_16_192_64_0p5_0p02_0016_0011.uasset" 4761
"/Engine/EngineMaterials/Substrate/GLints/dict_16_192_64_0p5_0p02_0016_0007" 4762
"/Engine/EngineMaterials/Substrate/GLints/dict_16_192_64_0p5_0p02_0016_0011" 4763
"/Engine/EngineMaterials/Substrate/GLints/dict_16_192_64_0p5_0p02_0016_0010" 4764
"/Engine/EngineMaterials/Substrate/GLints/dict_16_192_64_0p5_0p02_0016_0009" 4765
"/Engine/EngineMaterials/Substrate/GLints/dict_16_192_64_0p5_0p02_0016_0008" 4766
"../../../Engine/Content/EngineMaterials/Substrate/GLints/dict_16_192_64_0p5_0p02_0016_0012.uasset" 4767
"../../../Engine/Content/EngineMaterials/Substrate/GLints/dict_16_192_64_0p5_0p02_0016_0013.uasset" 4768
"../../../Engine/Content/EngineMaterials/Substrate/GLints/dict_16_192_64_0p5_0p02_0016_0014.uasset" 4769
"../../../Engine/Content/EngineMaterials/Substrate/GLints/dict_16_192_64_0p5_0p02_0017_0000.uasset" 4770
"/Engine/EngineMaterials/Substrate/GLints/dict_16_192_64_0p5_0p02_0016_0013" 4771
"/Engine/EngineMaterials/Substrate/GLints/dict_16_192_64_0p5_0p02_0016_0014" 4772
"/Engine/EngineMaterials/Substrate/GLints/dict_16_192_64_0p5_0p02_0016_0012" 4773
"/Engine/EngineMaterials/Substrate/GLints/dict_16_192_64_0p5_0p02_0017_0000" 4774
"../../../Engine/Content/EngineMaterials/Substrate/GLints/dict_16_192_64_0p5_0p02_0017_0001.uasset" 4775
"../../../Engine/Content/EngineMaterials/Substrate/GLints/dict_16_192_64_0p5_0p02_0017_0003.uasset" 4776
"../../../Engine/Content/EngineMaterials/Substrate/GLints/dict_16_192_64_0p5_0p02_0017_0002.uasset" 4777
"../../../Engine/Content/EngineMaterials/Substrate/GLints/dict_16_192_64_0p5_0p02_0017_0004.uasset" 4778
"/Engine/EngineMaterials/Substrate/GLints/dict_16_192_64_0p5_0p02_0017_0003" 4779
"/Engine/EngineMaterials/Substrate/GLints/dict_16_192_64_0p5_0p02_0017_0002" 4780
"/Engine/EngineMaterials/Substrate/GLints/dict_16_192_64_0p5_0p02_0017_0001" 4781
"/Engine/EngineMaterials/Substrate/GLints/dict_16_192_64_0p5_0p02_0017_0004" 4782
"../../../Engine/Content/EngineMaterials/Substrate/GLints/dict_16_192_64_0p5_0p02_0017_0005.uasset" 4783
"../../../Engine/Content/EngineMaterials/Substrate/GLints/dict_16_192_64_0p5_0p02_0017_0006.uasset" 4784
"../../../Engine/Content/EngineMaterials/Substrate/GLints/dict_16_192_64_0p5_0p02_0017_0008.uasset" 4785
"../../../Engine/Content/EngineMaterials/Substrate/GLints/dict_16_192_64_0p5_0p02_0017_0007.uasset" 4786
"../../../Engine/Content/EngineMaterials/Substrate/GLints/dict_16_192_64_0p5_0p02_0017_0009.uasset" 4787
"/Engine/EngineMaterials/Substrate/GLints/dict_16_192_64_0p5_0p02_0017_0008" 4788
"../../../Engine/Content/EngineMaterials/Substrate/GLints/dict_16_192_64_0p5_0p02_0017_0010.uasset" 4789
"/Engine/EngineMaterials/Substrate/GLints/dict_16_192_64_0p5_0p02_0017_0007" 4790
"/Engine/EngineMaterials/Substrate/GLints/dict_16_192_64_0p5_0p02_0017_0006" 4791
"/Engine/EngineMaterials/Substrate/GLints/dict_16_192_64_0p5_0p02_0017_0005" 4792
"/Engine/EngineMaterials/Substrate/GLints/dict_16_192_64_0p5_0p02_0017_0010" 4793
"/Engine/EngineMaterials/Substrate/GLints/dict_16_192_64_0p5_0p02_0017_0009" 4794
"../../../Engine/Content/EngineMaterials/Substrate/GLints/dict_16_192_64_0p5_0p02_0017_0012.uasset" 4795
"../../../Engine/Content/EngineMaterials/Substrate/GLints/dict_16_192_64_0p5_0p02_0017_0011.uasset" 4796
"/Engine/EngineMaterials/Substrate/GLints/dict_16_192_64_0p5_0p02_0017_0011" 4797
"/Engine/EngineMaterials/Substrate/GLints/dict_16_192_64_0p5_0p02_0017_0012" 4798
"../../../Engine/Content/EngineMaterials/Substrate/GLints/dict_16_192_64_0p5_0p02_0015_0000.uasset" 4799
"../../../Engine/Content/EngineMaterials/Substrate/GLints/dict_16_192_64_0p5_0p02_0017_0014.uasset" 4800
"../../../Engine/Content/EngineMaterials/Substrate/GLints/dict_16_192_64_0p5_0p02_0017_0013.uasset" 4801
"../../../Engine/Content/EngineMaterials/Substrate/GLints/dict_16_192_64_0p5_0p02_0018_0000.uasset" 4802
"/Engine/EngineMaterials/Substrate/GLints/dict_16_192_64_0p5_0p02_0017_0013" 4803
"../../../Engine/Content/EngineMaterials/Substrate/GLints/dict_16_192_64_0p5_0p02_0017_0015.uasset" 4804
"/Engine/EngineMaterials/Substrate/GLints/dict_16_192_64_0p5_0p02_0018_0000" 4805
"/Engine/EngineMaterials/Substrate/GLints/dict_16_192_64_0p5_0p02_0017_0014" 4806
"/Engine/EngineMaterials/Substrate/GLints/dict_16_192_64_0p5_0p02_0015_0000" 4807
"/Engine/EngineMaterials/Substrate/GLints/dict_16_192_64_0p5_0p02_0017_0015" 4808
"../../../Engine/Content/EngineMaterials/Substrate/GLints/dict_16_192_64_0p5_0p02_0018_0002.uasset" 4809
"../../../Engine/Content/EngineMaterials/Substrate/GLints/dict_16_192_64_0p5_0p02_0014_0013.uasset" 4810
"../../../Engine/Content/EngineMaterials/Substrate/GLints/dict_16_192_64_0p5_0p02_0018_0003.uasset" 4811
"../../../Engine/Content/EngineMaterials/Substrate/GLints/dict_16_192_64_0p5_0p02_0018_0004.uasset" 4812
"../../../Engine/Content/EngineMaterials/Substrate/GLints/dict_16_192_64_0p5_0p02_0015_0011.uasset" 4813
"/Engine/EngineMaterials/Substrate/GLints/dict_16_192_64_0p5_0p02_0014_0013" 4814
"/Engine/EngineMaterials/Substrate/GLints/dict_16_192_64_0p5_0p02_0018_0002" 4815
"../../../Engine/Content/EngineMaterials/Substrate/GLints/dict_16_192_64_0p5_0p02_0018_0005.uasset" 4816
"../../../Engine/Content/EngineMaterials/Substrate/GLints/dict_16_192_64_0p5_0p02_0016_0006.uasset" 4817
"/Engine/EngineMaterials/Substrate/GLints/dict_16_192_64_0p5_0p02_0018_0004" 4818
"/Engine/EngineMaterials/Substrate/GLints/dict_16_192_64_0p5_0p02_0018_0003" 4819
"../../../Engine/Content/EngineMaterials/Substrate/GLints/dict_16_192_64_0p5_0p02_0018_0006.uasset" 4820
"/Engine/EngineMaterials/Substrate/GLints/dict_16_192_64_0p5_0p02_0015_0011" 4821
"/Engine/EngineMaterials/Substrate/GLints/dict_16_192_64_0p5_0p02_0018_0006" 4822
"/Engine/EngineMaterials/Substrate/GLints/dict_16_192_64_0p5_0p02_0016_0006" 4823
"/Engine/EngineMaterials/Substrate/GLints/dict_16_192_64_0p5_0p02_0018_0005" 4824
"../../../Engine/Content/EngineMaterials/Substrate/GLints/dict_16_192_64_0p5_0p02_0018_0008.uasset" 4825
"../../../Engine/Content/EngineMaterials/Substrate/GLints/dict_16_192_64_0p5_0p02_0018_0009.uasset" 4826
"../../../Engine/Content/EngineMaterials/Substrate/GLints/dict_16_192_64_0p5_0p02_0018_0011.uasset" 4827
"../../../Engine/Content/EngineMaterials/Substrate/GLints/dict_16_192_64_0p5_0p02_0018_0013.uasset" 4828
"/Engine/EngineMaterials/Substrate/GLints/dict_16_192_64_0p5_0p02_0018_0009" 4829
"/Engine/EngineMaterials/Substrate/GLints/dict_16_192_64_0p5_0p02_0018_0008" 4830
"/Engine/EngineMaterials/Substrate/GLints/dict_16_192_64_0p5_0p02_0018_0013" 4831
"../../../Engine/Content/EngineMaterials/Substrate/GLints/dict_16_192_64_0p5_0p02_0018_0014.uasset" 4832
"/Engine/EngineMaterials/Substrate/GLints/dict_16_192_64_0p5_0p02_0018_0011" 4833
"/Engine/EngineMaterials/Substrate/GLints/dict_16_192_64_0p5_0p02_0018_0014" 4834
"../../../Engine/Content/EngineMaterials/Substrate/GLints/dict_16_192_64_0p5_0p02_0018_0015.uasset" 4835
"../../../Engine/Content/EngineMaterials/Substrate/GLints/dict_16_192_64_0p5_0p02_0019_0000.uasset" 4836
"../../../Engine/Content/EngineMaterials/Substrate/GLints/dict_16_192_64_0p5_0p02_0016_0015.uasset" 4837
"../../../Engine/Content/EngineMaterials/Substrate/GLints/dict_16_192_64_0p5_0p02_0019_0001.uasset" 4838
"/Engine/EngineMaterials/Substrate/GLints/dict_16_192_64_0p5_0p02_0019_0000" 4839
"../../../Engine/Content/EngineMaterials/Substrate/GLints/dict_16_192_64_0p5_0p02_0019_0002.uasset" 4840
"/Engine/EngineMaterials/Substrate/GLints/dict_16_192_64_0p5_0p02_0018_0015" 4841
"/Engine/EngineMaterials/Substrate/GLints/dict_16_192_64_0p5_0p02_0016_0015" 4842
"/Engine/EngineMaterials/Substrate/GLints/dict_16_192_64_0p5_0p02_0019_0001" 4843
"/Engine/EngineMaterials/Substrate/GLints/dict_16_192_64_0p5_0p02_0019_0002" 4844
"../../../Engine/Content/EngineMaterials/Substrate/GLints/dict_16_192_64_0p5_0p02_0019_0003.uasset" 4845
"../../../Engine/Content/EngineMaterials/Substrate/GLints/dict_16_192_64_0p5_0p02_0019_0004.uasset" 4846
"../../../Engine/Content/EngineMaterials/Substrate/GLints/dict_16_192_64_0p5_0p02_0019_0006.uasset" 4847
"/Engine/EngineMaterials/Substrate/GLints/dict_16_192_64_0p5_0p02_0019_0006" 4848
"../../../Engine/Content/EngineMaterials/Substrate/GLints/dict_16_192_64_0p5_0p02_0019_0007.uasset" 4849
"/Engine/EngineMaterials/Substrate/GLints/dict_16_192_64_0p5_0p02_0019_0004" 4850
"/Engine/EngineMaterials/Substrate/GLints/dict_16_192_64_0p5_0p02_0019_0003" 4851
"/Engine/EngineMaterials/Substrate/GLints/dict_16_192_64_0p5_0p02_0019_0007" 4852
"../../../Engine/Content/EngineMaterials/Substrate/GLints/dict_16_192_64_0p5_0p02_0019_0008.uasset" 4853
"../../../Engine/Content/EngineMaterials/Substrate/GLints/dict_16_192_64_0p5_0p02_0019_0009.uasset" 4854
"../../../Engine/Content/EngineMaterials/Substrate/GLints/dict_16_192_64_0p5_0p02_0019_0010.uasset" 4855
"/Engine/EngineMaterials/Substrate/GLints/dict_16_192_64_0p5_0p02_0019_0010" 4856
"/Engine/EngineMaterials/Substrate/GLints/dict_16_192_64_0p5_0p02_0019_0009" 4857
"/Engine/EngineMaterials/Substrate/GLints/dict_16_192_64_0p5_0p02_0019_0008" 4858
"../../../Engine/Content/EngineMaterials/Substrate/GLints/dict_16_192_64_0p5_0p02_0019_0011.uasset" 4859
"/Engine/EngineMaterials/Substrate/GLints/dict_16_192_64_0p5_0p02_0019_0011" 4860
"../../../Engine/Content/EngineMaterials/Substrate/GLints/dict_16_192_64_0p5_0p02_0019_0012.uasset" 4861
"../../../Engine/Content/EngineMaterials/Substrate/GLints/dict_16_192_64_0p5_0p02_0019_0013.uasset" 4862
"../../../Engine/Content/EngineMaterials/Substrate/GLints/dict_16_192_64_0p5_0p02_0019_0014.uasset" 4863
"../../../Engine/Content/EngineMaterials/Substrate/GLints/dict_16_192_64_0p5_0p02_0018_0007.uasset" 4864
"/Engine/EngineMaterials/Substrate/GLints/dict_16_192_64_0p5_0p02_0019_0012" 4865
"../../../Engine/Content/EngineMaterials/Substrate/GLints/dict_16_192_64_0p5_0p02_0019_0015.uasset" 4866
"/Engine/EngineMaterials/Substrate/GLints/dict_16_192_64_0p5_0p02_0019_0014" 4867
"/Engine/EngineMaterials/Substrate/GLints/dict_16_192_64_0p5_0p02_0019_0013" 4868
"/Engine/EngineMaterials/Substrate/GLints/dict_16_192_64_0p5_0p02_0018_0007" 4869
"/Engine/EngineMaterials/Substrate/GLints/dict_16_192_64_0p5_0p02_0019_0015" 4870
"../../../Engine/Content/EngineMaterials/Substrate/GLints/dict_16_192_64_0p5_0p02_0020_0000.uasset" 4871
"../../../Engine/Content/EngineMaterials/Substrate/GLints/dict_16_192_64_0p5_0p02_0012_0006.uasset" 4872
"../../../Engine/Content/EngineMaterials/Substrate/GLints/dict_16_192_64_0p5_0p02_0020_0002.uasset" 4873
"../../../Engine/Content/EngineMaterials/Substrate/GLints/dict_16_192_64_0p5_0p02_0020_0001.uasset" 4874
"../../../Engine/Content/EngineMaterials/Substrate/GLints/dict_16_192_64_0p5_0p02_0020_0004.uasset" 4875
"/Engine/EngineMaterials/Substrate/GLints/dict_16_192_64_0p5_0p02_0012_0006" 4876
"/Engine/EngineMaterials/Substrate/GLints/dict_16_192_64_0p5_0p02_0020_0002" 4877
"/Engine/EngineMaterials/Substrate/GLints/dict_16_192_64_0p5_0p02_0020_0001" 4878
"/Engine/EngineMaterials/Substrate/GLints/dict_16_192_64_0p5_0p02_0020_0000" 4879
"/Engine/EngineMaterials/Substrate/GLints/dict_16_192_64_0p5_0p02_0020_0004" 4880
"../../../Engine/Content/EngineMaterials/Substrate/GLints/dict_16_192_64_0p5_0p02_0020_0005.uasset" 4881
"../../../Engine/Content/EngineMaterials/Substrate/GLints/dict_16_192_64_0p5_0p02_0018_0010.uasset" 4882
"../../../Engine/Content/EngineMaterials/Substrate/GLints/dict_16_192_64_0p5_0p02_0020_0006.uasset" 4883
"../../../Engine/Content/EngineMaterials/Substrate/GLints/dict_16_192_64_0p5_0p02_0020_0007.uasset" 4884
"../../../Engine/Content/EngineMaterials/Substrate/GLints/dict_16_192_64_0p5_0p02_0020_0008.uasset" 4885
"../../../Engine/Content/EngineMaterials/Substrate/GLints/dict_16_192_64_0p5_0p02_0020_0009.uasset" 4886
"/Engine/EngineMaterials/Substrate/GLints/dict_16_192_64_0p5_0p02_0020_0008" 4887
"/Engine/EngineMaterials/Substrate/GLints/dict_16_192_64_0p5_0p02_0020_0007" 4888
"/Engine/EngineMaterials/Substrate/GLints/dict_16_192_64_0p5_0p02_0018_0010" 4889
"/Engine/EngineMaterials/Substrate/GLints/dict_16_192_64_0p5_0p02_0020_0006" 4890
"../../../Engine/Content/EngineMaterials/Substrate/GLints/dict_16_192_64_0p5_0p02_0020_0010.uasset" 4891
"../../../Engine/Content/EngineMaterials/Substrate/GLints/dict_16_192_64_0p5_0p02_0020_0012.uasset" 4892
"../../../Engine/Content/EngineMaterials/Substrate/GLints/dict_16_192_64_0p5_0p02_0020_0013.uasset" 4893
"../../../Engine/Content/EngineMaterials/Substrate/GLints/dict_16_192_64_0p5_0p02_0013_0001.uasset" 4894
"/Engine/EngineMaterials/Substrate/GLints/dict_16_192_64_0p5_0p02_0020_0005" 4895
"/Engine/EngineMaterials/Substrate/GLints/dict_16_192_64_0p5_0p02_0013_0001" 4896
"../../../Engine/Content/EngineMaterials/Substrate/GLints/dict_16_192_64_0p5_0p02_0020_0014.uasset" 4897
"/Engine/EngineMaterials/Substrate/GLints/dict_16_192_64_0p5_0p02_0020_0012" 4898
"/Engine/EngineMaterials/Substrate/GLints/dict_16_192_64_0p5_0p02_0020_0013" 4899
"/Engine/EngineMaterials/Substrate/GLints/dict_16_192_64_0p5_0p02_0020_0010" 4900
"/Engine/EngineMaterials/Substrate/GLints/dict_16_192_64_0p5_0p02_0020_0009" 4901
"/Engine/EngineMaterials/Substrate/GLints/dict_16_192_64_0p5_0p02_0020_0014" 4902
"../../../Engine/Content/EngineMaterials/Substrate/GLints/dict_16_192_64_0p5_0p02_0020_0015.uasset" 4903
"../../../Engine/Content/EngineMaterials/Substrate/GLints/dict_16_192_64_0p5_0p02_0021_0002.uasset" 4904
"../../../Engine/Content/EngineMaterials/Substrate/GLints/dict_16_192_64_0p5_0p02_0011_0009.uasset" 4905
"../../../Engine/Content/EngineMaterials/Substrate/GLints/dict_16_192_64_0p5_0p02_0021_0000.uasset" 4906
"/Engine/EngineMaterials/Substrate/GLints/dict_16_192_64_0p5_0p02_0011_0009" 4907
"../../../Engine/Content/EngineMaterials/Substrate/GLints/dict_16_192_64_0p5_0p02_0021_0001.uasset" 4908
"/Engine/EngineMaterials/Substrate/GLints/dict_16_192_64_0p5_0p02_0021_0000" 4909
"/Engine/EngineMaterials/Substrate/GLints/dict_16_192_64_0p5_0p02_0020_0015" 4910
"/Engine/EngineMaterials/Substrate/GLints/dict_16_192_64_0p5_0p02_0021_0002" 4911
"/Engine/EngineMaterials/Substrate/GLints/dict_16_192_64_0p5_0p02_0021_0001" 4912
"../../../Engine/Content/EngineMaterials/Substrate/GLints/dict_16_192_64_0p5_0p02_0021_0004.uasset" 4913
"../../../Engine/Content/EngineMaterials/Substrate/GLints/dict_16_192_64_0p5_0p02_0021_0006.uasset" 4914
"../../../Engine/Content/EngineMaterials/Substrate/GLints/dict_16_192_64_0p5_0p02_0021_0008.uasset" 4915
"../../../Engine/Content/EngineMaterials/Substrate/GLints/dict_16_192_64_0p5_0p02_0021_0009.uasset" 4916
"/Engine/EngineMaterials/Substrate/GLints/dict_16_192_64_0p5_0p02_0021_0006" 4917
"/Engine/EngineMaterials/Substrate/GLints/dict_16_192_64_0p5_0p02_0021_0004" 4918
"/Engine/EngineMaterials/Substrate/GLints/dict_16_192_64_0p5_0p02_0021_0009" 4919
"../../../Engine/Content/EngineMaterials/Substrate/GLints/dict_16_192_64_0p5_0p02_0021_0005.uasset" 4920
"/Engine/EngineMaterials/Substrate/GLints/dict_16_192_64_0p5_0p02_0021_0008" 4921
"../../../Engine/Content/EngineMaterials/Substrate/GLints/dict_16_192_64_0p5_0p02_0021_0007.uasset" 4922
"/Engine/EngineMaterials/Substrate/GLints/dict_16_192_64_0p5_0p02_0021_0005" 4923
"/Engine/EngineMaterials/Substrate/GLints/dict_16_192_64_0p5_0p02_0021_0007" 4924
"../../../Engine/Content/EngineMaterials/Substrate/GLints/dict_16_192_64_0p5_0p02_0021_0012.uasset" 4925
"../../../Engine/Content/EngineMaterials/Substrate/GLints/dict_16_192_64_0p5_0p02_0021_0013.uasset" 4926
"../../../Engine/Content/EngineMaterials/Substrate/GLints/dict_16_192_64_0p5_0p02_0021_0010.uasset" 4927
"/Engine/EngineMaterials/Substrate/GLints/dict_16_192_64_0p5_0p02_0021_0010" 4928
"/Engine/EngineMaterials/Substrate/GLints/dict_16_192_64_0p5_0p02_0021_0013" 4929
"../../../Engine/Content/EngineMaterials/Substrate/GLints/dict_16_192_64_0p5_0p02_0021_0011.uasset" 4930
"/Engine/EngineMaterials/Substrate/GLints/dict_16_192_64_0p5_0p02_0021_0012" 4931
"/Engine/EngineMaterials/Substrate/GLints/dict_16_192_64_0p5_0p02_0021_0011" 4932
"../../../Engine/Content/EngineMaterials/Substrate/GLints/dict_16_192_64_0p5_0p02_0021_0014.uasset" 4933
"../../../Engine/Content/EngineMaterials/Substrate/GLints/dict_16_192_64_0p5_0p02_0022_0000.uasset" 4934
"../../../Engine/Content/EngineMaterials/Substrate/GLints/dict_16_192_64_0p5_0p02_0021_0015.uasset" 4935
"../../../Engine/Content/EngineMaterials/Substrate/GLints/dict_16_192_64_0p5_0p02_0022_0001.uasset" 4936
"../../../Engine/Content/EngineMaterials/Substrate/GLints/dict_16_192_64_0p5_0p02_0022_0002.uasset" 4937
"../../../Engine/Content/EngineMaterials/Substrate/GLints/dict_16_192_64_0p5_0p02_0022_0003.uasset" 4938
"/Engine/EngineMaterials/Substrate/GLints/dict_16_192_64_0p5_0p02_0022_0000" 4939
"/Engine/EngineMaterials/Substrate/GLints/dict_16_192_64_0p5_0p02_0021_0015" 4940
"/Engine/EngineMaterials/Substrate/GLints/dict_16_192_64_0p5_0p02_0021_0014" 4941
"/Engine/EngineMaterials/Substrate/GLints/dict_16_192_64_0p5_0p02_0022_0002" 4942
"/Engine/EngineMaterials/Substrate/GLints/dict_16_192_64_0p5_0p02_0022_0001" 4943
"/Engine/EngineMaterials/Substrate/GLints/dict_16_192_64_0p5_0p02_0022_0003" 4944
"../../../Engine/Content/EngineMaterials/Substrate/GLints/dict_16_192_64_0p5_0p02_0022_0004.uasset" 4945
"/Engine/EngineMaterials/Substrate/GLints/dict_16_192_64_0p5_0p02_0022_0004" 4946
"../../../Engine/Content/EngineMaterials/Substrate/GLints/dict_16_192_64_0p5_0p02_0022_0005.uasset" 4947
"../../../Engine/Content/EngineMaterials/Substrate/GLints/dict_16_192_64_0p5_0p02_0022_0006.uasset" 4948
"../../../Engine/Content/EngineMaterials/Substrate/GLints/dict_16_192_64_0p5_0p02_0022_0007.uasset" 4949
"/Engine/EngineMaterials/Substrate/GLints/dict_16_192_64_0p5_0p02_0022_0005" 4950
"/Engine/EngineMaterials/Substrate/GLints/dict_16_192_64_0p5_0p02_0022_0006" 4951
"/Engine/EngineMaterials/Substrate/GLints/dict_16_192_64_0p5_0p02_0022_0007" 4952
"../../../Engine/Content/EngineMaterials/Substrate/GLints/dict_16_192_64_0p5_0p02_0019_0005.uasset" 4953
"/Engine/EngineMaterials/Substrate/GLints/dict_16_192_64_0p5_0p02_0019_0005" 4954
"../../../Engine/Content/EngineMaterials/Substrate/GLints/dict_16_192_64_0p5_0p02_0022_0009.uasset" 4955
"../../../Engine/Content/EngineMaterials/Substrate/GLints/dict_16_192_64_0p5_0p02_0022_0008.uasset" 4956
"/Engine/EngineMaterials/Substrate/GLints/dict_16_192_64_0p5_0p02_0022_0009" 4957
"../../../Engine/Content/EngineMaterials/Substrate/GLints/dict_16_192_64_0p5_0p02_0020_0011.uasset" 4958
"/Engine/EngineMaterials/Substrate/GLints/dict_16_192_64_0p5_0p02_0022_0008" 4959
"/Engine/EngineMaterials/Substrate/GLints/dict_16_192_64_0p5_0p02_0020_0011" 4960
"../../../Engine/Content/EngineMaterials/Substrate/GLints/dict_16_192_64_0p5_0p02_0022_0011.uasset" 4961
"../../../Engine/Content/EngineMaterials/Substrate/GLints/dict_16_192_64_0p5_0p02_0022_0010.uasset" 4962
"../../../Engine/Content/EngineMaterials/Substrate/GLints/dict_16_192_64_0p5_0p02_0022_0015.uasset" 4963
"../../../Engine/Content/EngineMaterials/Substrate/GLints/dict_16_192_64_0p5_0p02_0022_0014.uasset" 4964
"/Engine/EngineMaterials/Substrate/GLints/dict_16_192_64_0p5_0p02_0022_0015" 4965
"/Engine/EngineMaterials/Substrate/GLints/dict_16_192_64_0p5_0p02_0022_0011" 4966
"/Engine/EngineMaterials/Substrate/GLints/dict_16_192_64_0p5_0p02_0022_0014" 4967
"/Engine/EngineMaterials/Substrate/GLints/dict_16_192_64_0p5_0p02_0022_0010" 4968
"../../../Engine/Content/EngineMaterials/Substrate/GLints/dict_16_192_64_0p5_0p02_0023_0002.uasset" 4969
"../../../Engine/Content/EngineMaterials/Substrate/GLints/dict_16_192_64_0p5_0p02_0023_0004.uasset" 4970
"../../../Engine/Content/EngineMaterials/Substrate/GLints/dict_16_192_64_0p5_0p02_0023_0003.uasset" 4971
"../../../Engine/Content/EngineMaterials/Substrate/GLints/dict_16_192_64_0p5_0p02_0023_0005.uasset" 4972
"/Engine/EngineMaterials/Substrate/GLints/dict_16_192_64_0p5_0p02_0023_0005" 4973
"/Engine/EngineMaterials/Substrate/GLints/dict_16_192_64_0p5_0p02_0023_0004" 4974
"/Engine/EngineMaterials/Substrate/GLints/dict_16_192_64_0p5_0p02_0023_0003" 4975
"../../../Engine/Content/EngineMaterials/Substrate/GLints/dict_16_192_64_0p5_0p02_0023_0006.uasset" 4976
"../../../Engine/Content/EngineMaterials/Substrate/GLints/dict_16_192_64_0p5_0p02_0023_0008.uasset" 4977
"/Engine/EngineMaterials/Substrate/GLints/dict_16_192_64_0p5_0p02_0023_0002" 4978
"../../../Engine/Content/EngineMaterials/Substrate/GLints/dict_16_192_64_0p5_0p02_0023_0007.uasset" 4979
"/Engine/EngineMaterials/Substrate/GLints/dict_16_192_64_0p5_0p02_0023_0008" 4980
"/Engine/EngineMaterials/Substrate/GLints/dict_16_192_64_0p5_0p02_0023_0007" 4981
"../../../Engine/Content/EngineMaterials/Substrate/GLints/dict_16_192_64_0p5_0p02_0023_0009.uasset" 4982
"/Engine/EngineMaterials/Substrate/GLints/dict_16_192_64_0p5_0p02_0023_0006" 4983
"/Engine/EngineMaterials/Substrate/GLints/dict_16_192_64_0p5_0p02_0023_0009" 4984
"../../../Engine/Content/EngineMaterials/Substrate/GLints/dict_16_192_64_0p5_0p02_0023_0010.uasset" 4985
"../../../Engine/Content/EngineMaterials/Substrate/GLints/dict_16_192_64_0p5_0p02_0023_0011.uasset" 4986
"../../../Engine/Content/EngineMaterials/Substrate/GLints/dict_16_192_64_0p5_0p02_0023_0012.uasset" 4987
"../../../Engine/Content/EngineMaterials/Substrate/GLints/dict_16_192_64_0p5_0p02_0023_0013.uasset" 4988
"/Engine/EngineMaterials/Substrate/GLints/dict_16_192_64_0p5_0p02_0023_0010" 4989
"/Engine/EngineMaterials/Substrate/GLints/dict_16_192_64_0p5_0p02_0023_0012" 4990
"/Engine/EngineMaterials/Substrate/GLints/dict_16_192_64_0p5_0p02_0023_0011" 4991
"/Engine/EngineMaterials/Substrate/GLints/dict_16_192_64_0p5_0p02_0023_0013" 4992
"../../../Engine/Content/EngineMaterials/Substrate/GLints/dict_16_192_64_0p5_0p02_0023_0015.uasset" 4993
"../../../Engine/Content/EngineMaterials/Substrate/GLints/dict_16_192_64_0p5_0p02_0023_0014.uasset" 4994
"../../../Engine/Content/EngineMaterials/Substrate/GLints/dict_16_192_64_0p5_0p02_0024_0001.uasset" 4995
"../../../Engine/Content/EngineMaterials/Substrate/GLints/dict_16_192_64_0p5_0p02_0024_0000.uasset" 4996
"/Engine/EngineMaterials/Substrate/GLints/dict_16_192_64_0p5_0p02_0023_0014" 4997
"/Engine/EngineMaterials/Substrate/GLints/dict_16_192_64_0p5_0p02_0024_0001" 4998
"/Engine/EngineMaterials/Substrate/GLints/dict_16_192_64_0p5_0p02_0024_0000" 4999
"/Engine/EngineMaterials/Substrate/GLints/dict_16_192_64_0p5_0p02_0023_0015" 5000
"../../../Engine/Content/EngineMaterials/Substrate/GLints/dict_16_192_64_0p5_0p02_0024_0003.uasset" 5001
"../../../Engine/Content/EngineMaterials/Substrate/GLints/dict_16_192_64_0p5_0p02_0024_0002.uasset" 5002
"../../../Engine/Content/EngineMaterials/Substrate/GLints/dict_16_192_64_0p5_0p02_0024_0004.uasset" 5003
"../../../Engine/Content/EngineMaterials/Substrate/GLints/dict_16_192_64_0p5_0p02_0024_0005.uasset" 5004
"../../../Engine/Content/EngineMaterials/Substrate/GLints/dict_16_192_64_0p5_0p02_0022_0012.uasset" 5005
"/Engine/EngineMaterials/Substrate/GLints/dict_16_192_64_0p5_0p02_0024_0005" 5006
"/Engine/EngineMaterials/Substrate/GLints/dict_16_192_64_0p5_0p02_0024_0004" 5007
"/Engine/EngineMaterials/Substrate/GLints/dict_16_192_64_0p5_0p02_0024_0002" 5008
"/Engine/EngineMaterials/Substrate/GLints/dict_16_192_64_0p5_0p02_0024_0003" 5009
"/Engine/EngineMaterials/Substrate/GLints/dict_16_192_64_0p5_0p02_0022_0012" 5010
"../../../Engine/Content/EngineMaterials/Substrate/GLints/dict_16_192_64_0p5_0p02_0024_0006.uasset" 5011
"../../../Engine/Content/EngineMaterials/Substrate/GLints/dict_16_192_64_0p5_0p02_0024_0007.uasset" 5012
"../../../Engine/Content/EngineMaterials/Substrate/GLints/dict_16_192_64_0p5_0p02_0024_0008.uasset" 5013
"../../../Engine/Content/EngineMaterials/Substrate/GLints/dict_16_192_64_0p5_0p02_0022_0013.uasset" 5014
"../../../Engine/Content/EngineMaterials/Substrate/GLints/dict_16_192_64_0p5_0p02_0024_0010.uasset" 5015
"../../../Engine/Content/EngineMaterials/Substrate/GLints/dict_16_192_64_0p5_0p02_0024_0009.uasset" 5016
"../../../Engine/Content/EngineMaterials/Substrate/GLints/dict_16_192_64_0p5_0p02_0024_0012.uasset" 5017
"../../../Engine/Content/EngineMaterials/Substrate/GLints/dict_16_192_64_0p5_0p02_0024_0011.uasset" 5018
"/Engine/EngineMaterials/Substrate/GLints/dict_16_192_64_0p5_0p02_0024_0007" 5019
"/Engine/EngineMaterials/Substrate/GLints/dict_16_192_64_0p5_0p02_0024_0010" 5020
"/Engine/EngineMaterials/Substrate/GLints/dict_16_192_64_0p5_0p02_0024_0006" 5021
"/Engine/EngineMaterials/Substrate/GLints/dict_16_192_64_0p5_0p02_0024_0009" 5022
"/Engine/EngineMaterials/Substrate/GLints/dict_16_192_64_0p5_0p02_0022_0013" 5023
"/Engine/EngineMaterials/Substrate/GLints/dict_16_192_64_0p5_0p02_0024_0008" 5024
"/Engine/EngineMaterials/Substrate/GLints/dict_16_192_64_0p5_0p02_0024_0011" 5025
"../../../Engine/Content/EngineMaterials/Substrate/GLints/dict_16_192_64_0p5_0p02_0024_0013.uasset" 5026
"/Engine/EngineMaterials/Substrate/GLints/dict_16_192_64_0p5_0p02_0024_0012" 5027
"../../../Engine/Content/EngineMaterials/Substrate/GLints/dict_16_192_64_0p5_0p02_0023_0001.uasset" 5028
"../../../Engine/Content/EngineMaterials/Substrate/GLints/dict_16_192_64_0p5_0p02_0016_0004.uasset" 5029
"../../../Engine/Content/EngineMaterials/Substrate/GLints/dict_16_192_64_0p5_0p02_0024_0015.uasset" 5030
"/Engine/EngineMaterials/Substrate/GLints/dict_16_192_64_0p5_0p02_0024_0015" 5031
"/Engine/EngineMaterials/Substrate/GLints/dict_16_192_64_0p5_0p02_0023_0001" 5032
"/Engine/EngineMaterials/Substrate/GLints/dict_16_192_64_0p5_0p02_0024_0013" 5033
"/Engine/EngineMaterials/Substrate/GLints/dict_16_192_64_0p5_0p02_0016_0004" 5034
"../../../Engine/Content/EngineMaterials/Substrate/GLints/dict_16_192_64_0p5_0p02_0012_0008.uasset" 5035
"../../../Engine/Content/EngineMaterials/Substrate/GLints/dict_16_192_64_0p5_0p02_0018_0012.uasset" 5036
"../../../Engine/Content/EngineMaterials/Substrate/GLints/dict_16_192_64_0p5_0p02_0025_0000.uasset" 5037
"../../../Engine/Content/EngineMaterials/Substrate/GLints/dict_16_192_64_0p5_0p02_0025_0003.uasset" 5038
"/Engine/EngineMaterials/Substrate/GLints/dict_16_192_64_0p5_0p02_0025_0003" 5039
"/Engine/EngineMaterials/Substrate/GLints/dict_16_192_64_0p5_0p02_0012_0008" 5040
"/Engine/EngineMaterials/Substrate/GLints/dict_16_192_64_0p5_0p02_0018_0012" 5041
"/Engine/EngineMaterials/Substrate/GLints/dict_16_192_64_0p5_0p02_0025_0000" 5042
"../../../Engine/Content/EngineMaterials/Substrate/GLints/dict_16_192_64_0p5_0p02_0025_0001.uasset" 5043
"../../../Engine/Content/EngineMaterials/Substrate/GLints/dict_16_192_64_0p5_0p02_0025_0006.uasset" 5044
"../../../Engine/Content/EngineMaterials/Substrate/GLints/dict_16_192_64_0p5_0p02_0025_0009.uasset" 5045
"../../../Engine/Content/EngineMaterials/Substrate/GLints/dict_16_192_64_0p5_0p02_0025_0007.uasset" 5046
"../../../Engine/Content/EngineMaterials/Substrate/GLints/dict_16_192_64_0p5_0p02_0025_0008.uasset" 5047
"/Engine/EngineMaterials/Substrate/GLints/dict_16_192_64_0p5_0p02_0025_0007" 5048
"/Engine/EngineMaterials/Substrate/GLints/dict_16_192_64_0p5_0p02_0025_0006" 5049
"/Engine/EngineMaterials/Substrate/GLints/dict_16_192_64_0p5_0p02_0025_0001" 5050
"/Engine/EngineMaterials/Substrate/GLints/dict_16_192_64_0p5_0p02_0025_0009" 5051
"/Engine/EngineMaterials/Substrate/GLints/dict_16_192_64_0p5_0p02_0025_0008" 5052
"../../../Engine/Content/EngineMaterials/Substrate/GLints/dict_16_192_64_0p5_0p02_0025_0013.uasset" 5053
"../../../Engine/Content/EngineMaterials/Substrate/GLints/dict_16_192_64_0p5_0p02_0024_0014.uasset" 5054
"../../../Engine/Content/EngineMaterials/Substrate/GLints/dict_16_192_64_0p5_0p02_0025_0012.uasset" 5055
"../../../Engine/Content/EngineMaterials/Substrate/GLints/dict_16_192_64_0p5_0p02_0025_0014.uasset" 5056
"../../../Engine/Content/EngineMaterials/Substrate/GLints/dict_16_192_64_0p5_0p02_0025_0015.uasset" 5057
"/Engine/EngineMaterials/Substrate/GLints/dict_16_192_64_0p5_0p02_0024_0014" 5058
"../../../Engine/Content/EngineMaterials/Substrate/GLints/dict_16_192_64_0p5_0p02_0020_0003.uasset" 5059
"/Engine/EngineMaterials/Substrate/GLints/dict_16_192_64_0p5_0p02_0025_0012" 5060
"/Engine/EngineMaterials/Substrate/GLints/dict_16_192_64_0p5_0p02_0025_0015" 5061
"../../../Engine/Content/EngineMaterials/Substrate/GLints/dict_16_192_64_0p5_0p02_0026_0002.uasset" 5062
"/Engine/EngineMaterials/Substrate/GLints/dict_16_192_64_0p5_0p02_0025_0014" 5063
"/Engine/EngineMaterials/Substrate/GLints/dict_16_192_64_0p5_0p02_0025_0013" 5064
"../../../Engine/Content/EngineMaterials/Substrate/GLints/dict_16_192_64_0p5_0p02_0018_0001.uasset" 5065
"/Engine/EngineMaterials/Substrate/GLints/dict_16_192_64_0p5_0p02_0026_0002" 5066
"../../../Engine/Content/EngineMaterials/Substrate/GLints/dict_16_192_64_0p5_0p02_0026_0004.uasset" 5067
"../../../Engine/Content/EngineMaterials/Substrate/GLints/dict_16_192_64_0p5_0p02_0026_0003.uasset" 5068
"../../../Engine/Content/EngineMaterials/Substrate/GLints/dict_16_192_64_0p5_0p02_0026_0000.uasset" 5069
"/Engine/EngineMaterials/Substrate/GLints/dict_16_192_64_0p5_0p02_0020_0003" 5070
"/Engine/EngineMaterials/Substrate/GLints/dict_16_192_64_0p5_0p02_0018_0001" 5071
"/Engine/EngineMaterials/Substrate/GLints/dict_16_192_64_0p5_0p02_0026_0004" 5072
"/Engine/EngineMaterials/Substrate/GLints/dict_16_192_64_0p5_0p02_0026_0000" 5073
"/Engine/EngineMaterials/Substrate/GLints/dict_16_192_64_0p5_0p02_0026_0003" 5074
"../../../Engine/Content/EngineMaterials/Substrate/GLints/dict_16_192_64_0p5_0p02_0026_0006.uasset" 5075
"../../../Engine/Content/EngineMaterials/Substrate/GLints/dict_16_192_64_0p5_0p02_0026_0008.uasset" 5076
"../../../Engine/Content/EngineMaterials/Substrate/GLints/dict_16_192_64_0p5_0p02_0026_0010.uasset" 5077
"../../../Engine/Content/EngineMaterials/Substrate/GLints/dict_16_192_64_0p5_0p02_0026_0009.uasset" 5078
"/Engine/EngineMaterials/Substrate/GLints/dict_16_192_64_0p5_0p02_0026_0008" 5079
"/Engine/EngineMaterials/Substrate/GLints/dict_16_192_64_0p5_0p02_0026_0006" 5080
"/Engine/EngineMaterials/Substrate/GLints/dict_16_192_64_0p5_0p02_0026_0010" 5081
"/Engine/EngineMaterials/Substrate/GLints/dict_16_192_64_0p5_0p02_0026_0009" 5082
"../../../Engine/Content/EngineMaterials/Substrate/GLints/dict_16_192_64_0p5_0p02_0025_0004.uasset" 5083
"../../../Engine/Content/EngineMaterials/Substrate/GLints/dict_16_192_64_0p5_0p02_0026_0013.uasset" 5084
"../../../Engine/Content/EngineMaterials/Substrate/GLints/dict_16_192_64_0p5_0p02_0026_0011.uasset" 5085
"../../../Engine/Content/EngineMaterials/Substrate/GLints/dict_16_192_64_0p5_0p02_0026_0012.uasset" 5086
"../../../Engine/Content/EngineMaterials/Substrate/GLints/dict_16_192_64_0p5_0p02_0026_0014.uasset" 5087
"/Engine/EngineMaterials/Substrate/GLints/dict_16_192_64_0p5_0p02_0026_0012" 5088
"/Engine/EngineMaterials/Substrate/GLints/dict_16_192_64_0p5_0p02_0026_0011" 5089
"/Engine/EngineMaterials/Substrate/GLints/dict_16_192_64_0p5_0p02_0026_0014" 5090
"/Engine/EngineMaterials/Substrate/GLints/dict_16_192_64_0p5_0p02_0026_0013" 5091
"/Engine/EngineMaterials/Substrate/GLints/dict_16_192_64_0p5_0p02_0025_0004" 5092
"../../../Engine/Content/EngineMaterials/Substrate/GLints/dict_16_192_64_0p5_0p02_0025_0002.uasset" 5093
"../../../Engine/Content/EngineMaterials/Substrate/GLints/dict_16_192_64_0p5_0p02_0027_0000.uasset" 5094
"../../../Engine/Content/EngineMaterials/Substrate/GLints/dict_16_192_64_0p5_0p02_0027_0002.uasset" 5095
"../../../Engine/Content/EngineMaterials/Substrate/GLints/dict_16_192_64_0p5_0p02_0027_0003.uasset" 5096
"../../../Engine/Content/EngineMaterials/Substrate/GLints/dict_16_192_64_0p5_0p02_0027_0001.uasset" 5097
"/Engine/EngineMaterials/Substrate/GLints/dict_16_192_64_0p5_0p02_0027_0001" 5098
"/Engine/EngineMaterials/Substrate/GLints/dict_16_192_64_0p5_0p02_0027_0003" 5099
"/Engine/EngineMaterials/Substrate/GLints/dict_16_192_64_0p5_0p02_0025_0002" 5100
"../../../Engine/Content/EngineMaterials/Substrate/GLints/dict_16_192_64_0p5_0p02_0027_0006.uasset" 5101
"/Engine/EngineMaterials/Substrate/GLints/dict_16_192_64_0p5_0p02_0027_0000" 5102
"/Engine/EngineMaterials/Substrate/GLints/dict_16_192_64_0p5_0p02_0027_0002" 5103
"/Engine/EngineMaterials/Substrate/GLints/dict_16_192_64_0p5_0p02_0027_0006" 5104
"../../../Engine/Content/EngineMaterials/Substrate/GLints/dict_16_192_64_0p5_0p02_0027_0007.uasset" 5105
"../../../Engine/Content/EngineMaterials/Substrate/GLints/dict_16_192_64_0p5_0p02_0025_0010.uasset" 5106
"../../../Engine/Content/EngineMaterials/Substrate/GLints/dict_16_192_64_0p5_0p02_0027_0005.uasset" 5107
"../../../Engine/Content/EngineMaterials/Substrate/GLints/dict_16_192_64_0p5_0p02_0027_0008.uasset" 5108
"/Engine/EngineMaterials/Substrate/GLints/dict_16_192_64_0p5_0p02_0027_0005" 5109
"../../../Engine/Content/EngineMaterials/Substrate/GLints/dict_16_192_64_0p5_0p02_0027_0009.uasset" 5110
"/Engine/EngineMaterials/Substrate/GLints/dict_16_192_64_0p5_0p02_0027_0008" 5111
"/Engine/EngineMaterials/Substrate/GLints/dict_16_192_64_0p5_0p02_0025_0010" 5112
"/Engine/EngineMaterials/Substrate/GLints/dict_16_192_64_0p5_0p02_0027_0007" 5113
"../../../Engine/Content/EngineMaterials/Substrate/GLints/dict_16_192_64_0p5_0p02_0026_0005.uasset" 5114
"../../../Engine/Content/EngineMaterials/Substrate/GLints/dict_16_192_64_0p5_0p02_0027_0012.uasset" 5115
"../../../Engine/Content/EngineMaterials/Substrate/GLints/dict_16_192_64_0p5_0p02_0027_0011.uasset" 5116
"/Engine/EngineMaterials/Substrate/GLints/dict_16_192_64_0p5_0p02_0027_0009" 5117
"/Engine/EngineMaterials/Substrate/GLints/dict_16_192_64_0p5_0p02_0027_0012" 5118
"../../../Engine/Content/EngineMaterials/Substrate/GLints/dict_16_192_64_0p5_0p02_0027_0010.uasset" 5119
"/Engine/EngineMaterials/Substrate/GLints/dict_16_192_64_0p5_0p02_0027_0011" 5120
"../../../Engine/Content/EngineMaterials/Substrate/GLints/dict_16_192_64_0p5_0p02_0025_0011.uasset" 5121
"/Engine/EngineMaterials/Substrate/GLints/dict_16_192_64_0p5_0p02_0026_0005" 5122
"/Engine/EngineMaterials/Substrate/GLints/dict_16_192_64_0p5_0p02_0025_0011" 5123
"/Engine/EngineMaterials/Substrate/GLints/dict_16_192_64_0p5_0p02_0027_0010" 5124
"../../../Engine/Content/EngineMaterials/Substrate/GLints/dict_16_192_64_0p5_0p02_0027_0013.uasset" 5125
"../../../Engine/Content/EngineMaterials/Substrate/GLints/dict_16_192_64_0p5_0p02_0027_0014.uasset" 5126
"../../../Engine/Content/EngineMaterials/Substrate/GLints/dict_16_192_64_0p5_0p02_0028_0000.uasset" 5127
"../../../Engine/Content/EngineMaterials/Substrate/GLints/dict_16_192_64_0p5_0p02_0028_0001.uasset" 5128
"../../../Engine/Content/EngineMaterials/Substrate/GLints/dict_16_192_64_0p5_0p02_0028_0002.uasset" 5129
"/Engine/EngineMaterials/Substrate/GLints/dict_16_192_64_0p5_0p02_0028_0000" 5130
"/Engine/EngineMaterials/Substrate/GLints/dict_16_192_64_0p5_0p02_0028_0002" 5131
"/Engine/EngineMaterials/Substrate/GLints/dict_16_192_64_0p5_0p02_0027_0014" 5132
"/Engine/EngineMaterials/Substrate/GLints/dict_16_192_64_0p5_0p02_0028_0001" 5133
"/Engine/EngineMaterials/Substrate/GLints/dict_16_192_64_0p5_0p02_0027_0013" 5134
"../../../Engine/Content/EngineMaterials/Substrate/GLints/dict_16_192_64_0p5_0p02_0028_0004.uasset" 5135
"/Engine/EngineMaterials/Substrate/GLints/dict_16_192_64_0p5_0p02_0028_0004" 5136
"../../../Engine/Content/EngineMaterials/Substrate/GLints/dict_16_192_64_0p5_0p02_0028_0006.uasset" 5137
"../../../Engine/Content/EngineMaterials/Substrate/GLints/dict_16_192_64_0p5_0p02_0028_0005.uasset" 5138
"../../../Engine/Content/EngineMaterials/Substrate/GLints/dict_16_192_64_0p5_0p02_0027_0004.uasset" 5139
"../../../Engine/Content/EngineMaterials/Substrate/GLints/dict_16_192_64_0p5_0p02_0028_0007.uasset" 5140
"../../../Engine/Content/EngineMaterials/Substrate/GLints/dict_16_192_64_0p5_0p02_0026_0007.uasset" 5141
"../../../Engine/Content/EngineMaterials/Substrate/GLints/dict_16_192_64_0p5_0p02_0028_0008.uasset" 5142
"/Engine/EngineMaterials/Substrate/GLints/dict_16_192_64_0p5_0p02_0028_0005" 5143
"/Engine/EngineMaterials/Substrate/GLints/dict_16_192_64_0p5_0p02_0026_0007" 5144
"../../../Engine/Content/EngineMaterials/Substrate/GLints/dict_16_192_64_0p5_0p02_0028_0009.uasset" 5145
"/Engine/EngineMaterials/Substrate/GLints/dict_16_192_64_0p5_0p02_0027_0004" 5146
"/Engine/EngineMaterials/Substrate/GLints/dict_16_192_64_0p5_0p02_0028_0008" 5147
"/Engine/EngineMaterials/Substrate/GLints/dict_16_192_64_0p5_0p02_0028_0007" 5148
"/Engine/EngineMaterials/Substrate/GLints/dict_16_192_64_0p5_0p02_0028_0006" 5149
"/Engine/EngineMaterials/Substrate/GLints/dict_16_192_64_0p5_0p02_0028_0009" 5150
"../../../Engine/Content/EngineMaterials/Substrate/GLints/dict_16_192_64_0p5_0p02_0028_0011.uasset" 5151
"../../../Engine/Content/EngineMaterials/Substrate/GLints/dict_16_192_64_0p5_0p02_0021_0003.uasset" 5152
"../../../Engine/Content/EngineMaterials/Substrate/GLints/dict_16_192_64_0p5_0p02_0028_0010.uasset" 5153
"../../../Engine/Content/EngineMaterials/Substrate/GLints/dict_16_192_64_0p5_0p02_0023_0000.uasset" 5154
"../../../Engine/Content/EngineMaterials/Substrate/GLints/dict_16_192_64_0p5_0p02_0028_0013.uasset" 5155
"../../../Engine/Content/EngineMaterials/Substrate/GLints/dict_16_192_64_0p5_0p02_0028_0015.uasset" 5156
"/Engine/EngineMaterials/Substrate/GLints/dict_16_192_64_0p5_0p02_0028_0011" 5157
"/Engine/EngineMaterials/Substrate/GLints/dict_16_192_64_0p5_0p02_0028_0015" 5158
"../../../Engine/Content/EngineMaterials/Substrate/GLints/dict_16_192_64_0p5_0p02_0029_0000.uasset" 5159
"/Engine/EngineMaterials/Substrate/GLints/dict_16_192_64_0p5_0p02_0028_0010" 5160
"/Engine/EngineMaterials/Substrate/GLints/dict_16_192_64_0p5_0p02_0021_0003" 5161
"../../../Engine/Content/EngineMaterials/Substrate/GLints/dict_16_192_64_0p5_0p02_0029_0003.uasset" 5162
"../../../Engine/Content/EngineMaterials/Substrate/GLints/dict_16_192_64_0p5_0p02_0029_0002.uasset" 5163
"/Engine/EngineMaterials/Substrate/GLints/dict_16_192_64_0p5_0p02_0028_0013" 5164
"/Engine/EngineMaterials/Substrate/GLints/dict_16_192_64_0p5_0p02_0023_0000" 5165
"/Engine/EngineMaterials/Substrate/GLints/dict_16_192_64_0p5_0p02_0029_0003" 5166
"../../../Engine/Content/EngineMaterials/Substrate/GLints/dict_16_192_64_0p5_0p02_0029_0001.uasset" 5167
"/Engine/EngineMaterials/Substrate/GLints/dict_16_192_64_0p5_0p02_0029_0002" 5168
"/Engine/EngineMaterials/Substrate/GLints/dict_16_192_64_0p5_0p02_0029_0000" 5169
"/Engine/EngineMaterials/Substrate/GLints/dict_16_192_64_0p5_0p02_0029_0001" 5170
"../../../Engine/Content/EngineMaterials/Substrate/GLints/dict_16_192_64_0p5_0p02_0029_0004.uasset" 5171
"../../../Engine/Content/EngineMaterials/Substrate/GLints/dict_16_192_64_0p5_0p02_0029_0006.uasset" 5172
"../../../Engine/Content/EngineMaterials/Substrate/GLints/dict_16_192_64_0p5_0p02_0029_0005.uasset" 5173
"../../../Engine/Content/EngineMaterials/Substrate/GLints/dict_16_192_64_0p5_0p02_0029_0009.uasset" 5174
"../../../Engine/Content/EngineMaterials/Substrate/GLints/dict_16_192_64_0p5_0p02_0029_0008.uasset" 5175
"/Engine/EngineMaterials/Substrate/GLints/dict_16_192_64_0p5_0p02_0029_0005" 5176
"/Engine/EngineMaterials/Substrate/GLints/dict_16_192_64_0p5_0p02_0029_0004" 5177
"/Engine/EngineMaterials/Substrate/GLints/dict_16_192_64_0p5_0p02_0029_0009" 5178
"/Engine/EngineMaterials/Substrate/GLints/dict_16_192_64_0p5_0p02_0029_0008" 5179
"/Engine/EngineMaterials/Substrate/GLints/dict_16_192_64_0p5_0p02_0029_0006" 5180
"../../../Engine/Content/EngineMaterials/Substrate/GLints/dict_16_192_64_0p5_0p02_0029_0010.uasset" 5181
"../../../Engine/Content/EngineMaterials/Substrate/GLints/dict_16_192_64_0p5_0p02_0029_0011.uasset" 5182
"../../../Engine/Content/EngineMaterials/Substrate/GLints/dict_16_192_64_0p5_0p02_0025_0005.uasset" 5183
"../../../Engine/Content/EngineMaterials/Substrate/GLints/dict_16_192_64_0p5_0p02_0029_0014.uasset" 5184
"../../../Engine/Content/EngineMaterials/Substrate/GLints/dict_16_192_64_0p5_0p02_0029_0015.uasset" 5185
"../../../Engine/Content/EngineMaterials/Substrate/GLints/dict_16_192_64_0p5_0p02_0029_0013.uasset" 5186
"/Engine/EngineMaterials/Substrate/GLints/dict_16_192_64_0p5_0p02_0029_0010" 5187
"/Engine/EngineMaterials/Substrate/GLints/dict_16_192_64_0p5_0p02_0029_0011" 5188
"/Engine/EngineMaterials/Substrate/GLints/dict_16_192_64_0p5_0p02_0029_0015" 5189
"/Engine/EngineMaterials/Substrate/GLints/dict_16_192_64_0p5_0p02_0029_0014" 5190
"/Engine/EngineMaterials/Substrate/GLints/dict_16_192_64_0p5_0p02_0029_0013" 5191
"/Engine/EngineMaterials/Substrate/GLints/dict_16_192_64_0p5_0p02_0025_0005" 5192
"../../../Engine/Content/EngineMaterials/Substrate/GLints/dict_16_192_64_0p5_0p02_0030_0001.uasset" 5193
"../../../Engine/Content/EngineMaterials/Substrate/GLints/dict_16_192_64_0p5_0p02_0030_0000.uasset" 5194
"../../../Engine/Content/EngineMaterials/Substrate/GLints/dict_16_192_64_0p5_0p02_0030_0003.uasset" 5195
"../../../Engine/Content/EngineMaterials/Substrate/GLints/dict_16_192_64_0p5_0p02_0030_0004.uasset" 5196
"../../../Engine/Content/EngineMaterials/Substrate/GLints/dict_16_192_64_0p5_0p02_0030_0005.uasset" 5197
"/Engine/EngineMaterials/Substrate/GLints/dict_16_192_64_0p5_0p02_0030_0001" 5198
"/Engine/EngineMaterials/Substrate/GLints/dict_16_192_64_0p5_0p02_0030_0000" 5199
"../../../Engine/Content/EngineMaterials/Substrate/GLints/dict_16_192_64_0p5_0p02_0030_0007.uasset" 5200
"/Engine/EngineMaterials/Substrate/GLints/dict_16_192_64_0p5_0p02_0030_0005" 5201
"/Engine/EngineMaterials/Substrate/GLints/dict_16_192_64_0p5_0p02_0030_0004" 5202
"/Engine/EngineMaterials/Substrate/GLints/dict_16_192_64_0p5_0p02_0030_0003" 5203
"../../../Engine/Content/EngineMaterials/Substrate/GLints/dict_16_192_64_0p5_0p02_0030_0006.uasset" 5204
"/Engine/EngineMaterials/Substrate/GLints/dict_16_192_64_0p5_0p02_0030_0007" 5205
"../../../Engine/Content/EngineMaterials/Substrate/GLints/dict_16_192_64_0p5_0p02_0030_0008.uasset" 5206
"/Engine/EngineMaterials/Substrate/GLints/dict_16_192_64_0p5_0p02_0030_0006" 5207
"/Engine/EngineMaterials/Substrate/GLints/dict_16_192_64_0p5_0p02_0030_0008" 5208
"../../../Engine/Content/EngineMaterials/Substrate/GLints/dict_16_192_64_0p5_0p02_0030_0009.uasset" 5209
"../../../Engine/Content/EngineMaterials/Substrate/GLints/dict_16_192_64_0p5_0p02_0030_0010.uasset" 5210
"../../../Engine/Content/EngineMaterials/Substrate/GLints/dict_16_192_64_0p5_0p02_0030_0011.uasset" 5211
"../../../Engine/Content/EngineMaterials/Substrate/GLints/dict_16_192_64_0p5_0p02_0030_0013.uasset" 5212
"/Engine/EngineMaterials/Substrate/GLints/dict_16_192_64_0p5_0p02_0030_0011" 5213
"../../../Engine/Content/EngineMaterials/Substrate/GLints/dict_16_192_64_0p5_0p02_0030_0012.uasset" 5214
"/Engine/EngineMaterials/Substrate/GLints/dict_16_192_64_0p5_0p02_0030_0010" 5215
"../../../Engine/Content/EngineMaterials/Substrate/GLints/dict_16_192_64_0p5_0p02_0030_0014.uasset" 5216
"/Engine/EngineMaterials/Substrate/GLints/dict_16_192_64_0p5_0p02_0030_0009" 5217
"/Engine/EngineMaterials/Substrate/GLints/dict_16_192_64_0p5_0p02_0030_0013" 5218
"/Engine/EngineMaterials/Substrate/GLints/dict_16_192_64_0p5_0p02_0030_0012" 5219
"/Engine/EngineMaterials/Substrate/GLints/dict_16_192_64_0p5_0p02_0030_0014" 5220
"../../../Engine/Content/EngineMaterials/Substrate/GLints/dict_16_192_64_0p5_0p02_0030_0015.uasset" 5221
"../../../Engine/Content/EngineMaterials/Substrate/GLints/dict_16_192_64_0p5_0p02_0031_0001.uasset" 5222
"../../../Engine/Content/EngineMaterials/Substrate/GLints/dict_16_192_64_0p5_0p02_0031_0002.uasset" 5223
"../../../Engine/Content/EngineMaterials/Substrate/GLints/dict_16_192_64_0p5_0p02_0031_0000.uasset" 5224
"../../../Engine/Content/EngineMaterials/Substrate/GLints/dict_16_192_64_0p5_0p02_0031_0003.uasset" 5225
"/Engine/EngineMaterials/Substrate/GLints/dict_16_192_64_0p5_0p02_0031_0001" 5226
"/Engine/EngineMaterials/Substrate/GLints/dict_16_192_64_0p5_0p02_0031_0003" 5227
"../../../Engine/Content/EngineMaterials/Substrate/GLints/dict_16_192_64_0p5_0p02_0026_0001.uasset" 5228
"/Engine/EngineMaterials/Substrate/GLints/dict_16_192_64_0p5_0p02_0031_0002" 5229
"../../../Engine/Content/EngineMaterials/Substrate/GLints/dict_16_192_64_0p5_0p02_0031_0006.uasset" 5230
"../../../Engine/Content/EngineMaterials/Substrate/GLints/dict_16_192_64_0p5_0p02_0031_0004.uasset" 5231
"../../../Engine/Content/EngineMaterials/Substrate/GLints/dict_16_192_64_0p5_0p02_0031_0005.uasset" 5232
"/Engine/EngineMaterials/Substrate/GLints/dict_16_192_64_0p5_0p02_0031_0000" 5233
"/Engine/EngineMaterials/Substrate/GLints/dict_16_192_64_0p5_0p02_0030_0015" 5234
"/Engine/EngineMaterials/Substrate/GLints/dict_16_192_64_0p5_0p02_0031_0006" 5235
"/Engine/EngineMaterials/Substrate/GLints/dict_16_192_64_0p5_0p02_0026_0001" 5236
"/Engine/EngineMaterials/Substrate/GLints/dict_16_192_64_0p5_0p02_0031_0005" 5237
"/Engine/EngineMaterials/Substrate/GLints/dict_16_192_64_0p5_0p02_0031_0004" 5238
"../../../Engine/Content/EngineMaterials/Substrate/GLints/dict_16_192_64_0p5_0p02_0031_0007.uasset" 5239
"../../../Engine/Content/EngineMaterials/Substrate/GLints/dict_16_192_64_0p5_0p02_0028_0014.uasset" 5240
"../../../Engine/Content/EngineMaterials/Substrate/GLints/dict_16_192_64_0p5_0p02_0026_0015.uasset" 5241
"../../../Engine/Content/EngineMaterials/Substrate/GLints/dict_16_192_64_0p5_0p02_0031_0008.uasset" 5242
"../../../Engine/Content/EngineMaterials/Substrate/GLints/dict_16_192_64_0p5_0p02_0031_0010.uasset" 5243
"../../../Engine/Content/EngineMaterials/Substrate/GLints/dict_16_192_64_0p5_0p02_0031_0012.uasset" 5244
"../../../Engine/Content/EngineMaterials/Substrate/GLints/dict_16_192_64_0p5_0p02_0031_0011.uasset" 5245
"/Engine/EngineMaterials/Substrate/GLints/dict_16_192_64_0p5_0p02_0031_0012" 5246
"/Engine/EngineMaterials/Substrate/GLints/dict_16_192_64_0p5_0p02_0031_0007" 5247
"/Engine/EngineMaterials/Substrate/GLints/dict_16_192_64_0p5_0p02_0031_0011" 5248
"/Engine/EngineMaterials/Substrate/GLints/dict_16_192_64_0p5_0p02_0028_0014" 5249
"/Engine/EngineMaterials/Substrate/GLints/dict_16_192_64_0p5_0p02_0031_0010" 5250
"/Engine/EngineMaterials/Substrate/GLints/dict_16_192_64_0p5_0p02_0026_0015" 5251
"../../../Engine/Content/EngineMaterials/Substrate/GLints/dict_16_192_64_0p5_0p02_0032_0000.uasset" 5252
"../../../Engine/Content/EngineMaterials/Substrate/GLints/dict_16_192_64_0p5_0p02_0031_0013.uasset" 5253
"/Engine/EngineMaterials/Substrate/GLints/dict_16_192_64_0p5_0p02_0031_0008" 5254
"/Engine/EngineMaterials/Substrate/GLints/dict_16_192_64_0p5_0p02_0031_0013" 5255
"../../../Engine/Content/EngineMaterials/Substrate/GLints/dict_16_192_64_0p5_0p02_0029_0007.uasset" 5256
"/Engine/EngineMaterials/Substrate/GLints/dict_16_192_64_0p5_0p02_0032_0000" 5257
"/Engine/EngineMaterials/Substrate/GLints/dict_16_192_64_0p5_0p02_0029_0007" 5258
"../../../Engine/Content/EngineMaterials/Substrate/GLints/dict_16_192_64_0p5_0p02_0032_0003.uasset" 5259
"../../../Engine/Content/EngineMaterials/Substrate/GLints/dict_16_192_64_0p5_0p02_0032_0001.uasset" 5260
"../../../Engine/Content/EngineMaterials/Substrate/GLints/dict_16_192_64_0p5_0p02_0032_0002.uasset" 5261
"../../../Engine/Content/EngineMaterials/Substrate/GLints/dict_16_192_64_0p5_0p02_0031_0014.uasset" 5262
"../../../Engine/Content/EngineMaterials/Substrate/GLints/dict_16_192_64_0p5_0p02_0029_0012.uasset" 5263
"../../../Engine/Content/EngineMaterials/Substrate/GLints/dict_16_192_64_0p5_0p02_0032_0004.uasset" 5264
"../../../Engine/Content/EngineMaterials/Substrate/GLints/dict_16_192_64_0p5_0p02_0032_0005.uasset" 5265
"/Engine/EngineMaterials/Substrate/GLints/dict_16_192_64_0p5_0p02_0032_0003" 5266
"/Engine/EngineMaterials/Substrate/GLints/dict_16_192_64_0p5_0p02_0032_0002" 5267
"/Engine/EngineMaterials/Substrate/GLints/dict_16_192_64_0p5_0p02_0032_0005" 5268
"/Engine/EngineMaterials/Substrate/GLints/dict_16_192_64_0p5_0p02_0031_0014" 5269
"/Engine/EngineMaterials/Substrate/GLints/dict_16_192_64_0p5_0p02_0032_0001" 5270
"../../../Engine/Content/EngineMaterials/Substrate/GLints/dict_16_192_64_0p5_0p02_0032_0007.uasset" 5271
"/Engine/EngineMaterials/Substrate/GLints/dict_16_192_64_0p5_0p02_0032_0004" 5272
"/Engine/EngineMaterials/Substrate/GLints/dict_16_192_64_0p5_0p02_0029_0012" 5273
"/Engine/EngineMaterials/Substrate/GLints/dict_16_192_64_0p5_0p02_0032_0007" 5274
"../../../Engine/Content/EngineMaterials/Substrate/GLints/dict_16_192_64_0p5_0p02_0032_0008.uasset" 5275
"../../../Engine/Content/EngineMaterials/Substrate/GLints/dict_16_192_64_0p5_0p02_0027_0015.uasset" 5276
"../../../Engine/Content/EngineMaterials/Substrate/GLints/dict_16_192_64_0p5_0p02_0032_0009.uasset" 5277
"../../../Engine/Content/EngineMaterials/Substrate/GLints/dict_16_192_64_0p5_0p02_0032_0012.uasset" 5278
"../../../Engine/Content/EngineMaterials/Substrate/GLints/dict_16_192_64_0p5_0p02_0032_0013.uasset" 5279
"../../../Engine/Content/EngineMaterials/Substrate/GLints/dict_16_192_64_0p5_0p02_0032_0011.uasset" 5280
"/Engine/EngineMaterials/Substrate/GLints/dict_16_192_64_0p5_0p02_0032_0013" 5281
"../../../Engine/Content/EngineMaterials/Substrate/GLints/dict_16_192_64_0p5_0p02_0032_0014.uasset" 5282
"/Engine/EngineMaterials/Substrate/GLints/dict_16_192_64_0p5_0p02_0032_0012" 5283
"/Engine/EngineMaterials/Substrate/GLints/dict_16_192_64_0p5_0p02_0032_0011" 5284
"/Engine/EngineMaterials/Substrate/GLints/dict_16_192_64_0p5_0p02_0032_0009" 5285
"/Engine/EngineMaterials/Substrate/GLints/dict_16_192_64_0p5_0p02_0032_0008" 5286
"/Engine/EngineMaterials/Substrate/GLints/dict_16_192_64_0p5_0p02_0027_0015" 5287
"/Engine/EngineMaterials/Substrate/GLints/dict_16_192_64_0p5_0p02_0032_0014" 5288
"../../../Engine/Content/EngineMaterials/Substrate/GLints/dict_16_192_64_0p5_0p02_0032_0015.uasset" 5289
"../../../Engine/Content/EngineMaterials/Substrate/GLints/dict_16_192_64_0p5_0p02_0033_0001.uasset" 5290
"../../../Engine/Content/EngineMaterials/Substrate/GLints/dict_16_192_64_0p5_0p02_0033_0005.uasset" 5291
"../../../Engine/Content/EngineMaterials/Substrate/GLints/dict_16_192_64_0p5_0p02_0033_0004.uasset" 5292
"/Engine/EngineMaterials/Substrate/GLints/dict_16_192_64_0p5_0p02_0033_0005" 5293
"../../../Engine/Content/EngineMaterials/Substrate/GLints/dict_16_192_64_0p5_0p02_0033_0003.uasset" 5294
"/Engine/EngineMaterials/Substrate/GLints/dict_16_192_64_0p5_0p02_0033_0004" 5295
"/Engine/EngineMaterials/Substrate/GLints/dict_16_192_64_0p5_0p02_0033_0001" 5296
"/Engine/EngineMaterials/Substrate/GLints/dict_16_192_64_0p5_0p02_0032_0015" 5297
"/Engine/EngineMaterials/Substrate/GLints/dict_16_192_64_0p5_0p02_0033_0003" 5298
"../../../Engine/Content/EngineMaterials/Substrate/GLints/dict_16_192_64_0p5_0p02_0033_0007.uasset" 5299
"../../../Engine/Content/EngineMaterials/Substrate/GLints/dict_16_192_64_0p5_0p02_0033_0006.uasset" 5300
"../../../Engine/Content/EngineMaterials/Substrate/GLints/dict_16_192_64_0p5_0p02_0033_0008.uasset" 5301
"../../../Engine/Content/EngineMaterials/Substrate/GLints/dict_16_192_64_0p5_0p02_0033_0009.uasset" 5302
"../../../Engine/Content/EngineMaterials/Substrate/GLints/dict_16_192_64_0p5_0p02_0033_0010.uasset" 5303
"/Engine/EngineMaterials/Substrate/GLints/dict_16_192_64_0p5_0p02_0033_0007" 5304
"/Engine/EngineMaterials/Substrate/GLints/dict_16_192_64_0p5_0p02_0033_0010" 5305
"/Engine/EngineMaterials/Substrate/GLints/dict_16_192_64_0p5_0p02_0033_0008" 5306
"/Engine/EngineMaterials/Substrate/GLints/dict_16_192_64_0p5_0p02_0033_0009" 5307
"/Engine/EngineMaterials/Substrate/GLints/dict_16_192_64_0p5_0p02_0033_0006" 5308
"../../../Engine/Content/EngineMaterials/Substrate/GLints/dict_16_192_64_0p5_0p02_0033_0011.uasset" 5309
"../../../Engine/Content/EngineMaterials/Substrate/GLints/dict_16_192_64_0p5_0p02_0033_0012.uasset" 5310
"../../../Engine/Content/EngineMaterials/Substrate/GLints/dict_16_192_64_0p5_0p02_0033_0014.uasset" 5311
"../../../Engine/Content/EngineMaterials/Substrate/GLints/dict_16_192_64_0p5_0p02_0033_0015.uasset" 5312
"../../../Engine/Content/EngineMaterials/Substrate/GLints/dict_16_192_64_0p5_0p02_0033_0013.uasset" 5313
"/Engine/EngineMaterials/Substrate/GLints/dict_16_192_64_0p5_0p02_0033_0015" 5314
"/Engine/EngineMaterials/Substrate/GLints/dict_16_192_64_0p5_0p02_0033_0014" 5315
"/Engine/EngineMaterials/Substrate/GLints/dict_16_192_64_0p5_0p02_0033_0013" 5316
"/Engine/EngineMaterials/Substrate/GLints/dict_16_192_64_0p5_0p02_0033_0012" 5317
"/Engine/EngineMaterials/Substrate/GLints/dict_16_192_64_0p5_0p02_0033_0011" 5318
"../../../Engine/Content/EngineMaterials/Substrate/GLints/dict_16_192_64_0p5_0p02_0034_0000.uasset" 5319
"../../../Engine/Content/EngineMaterials/Substrate/GLints/dict_16_192_64_0p5_0p02_0034_0003.uasset" 5320
"../../../Engine/Content/EngineMaterials/Substrate/GLints/dict_16_192_64_0p5_0p02_0034_0002.uasset" 5321
"../../../Engine/Content/EngineMaterials/Substrate/GLints/dict_16_192_64_0p5_0p02_0034_0001.uasset" 5322
"../../../Engine/Content/EngineMaterials/Substrate/GLints/dict_16_192_64_0p5_0p02_0028_0003.uasset" 5323
"../../../Engine/Content/EngineMaterials/Substrate/GLints/dict_16_192_64_0p5_0p02_0034_0004.uasset" 5324
"/Engine/EngineMaterials/Substrate/GLints/dict_16_192_64_0p5_0p02_0034_0004" 5325
"/Engine/EngineMaterials/Substrate/GLints/dict_16_192_64_0p5_0p02_0034_0003" 5326
"/Engine/EngineMaterials/Substrate/GLints/dict_16_192_64_0p5_0p02_0034_0002" 5327
"/Engine/EngineMaterials/Substrate/GLints/dict_16_192_64_0p5_0p02_0028_0003" 5328
"../../../Engine/Content/EngineMaterials/Substrate/GLints/dict_16_192_64_0p5_0p02_0034_0005.uasset" 5329
"/Engine/EngineMaterials/Substrate/GLints/dict_16_192_64_0p5_0p02_0034_0001" 5330
"/Engine/EngineMaterials/Substrate/GLints/dict_16_192_64_0p5_0p02_0034_0000" 5331
"/Engine/EngineMaterials/Substrate/GLints/dict_16_192_64_0p5_0p02_0034_0005" 5332
"../../../Engine/Content/EngineMaterials/Substrate/GLints/dict_16_192_64_0p5_0p02_0034_0006.uasset" 5333
"../../../Engine/Content/EngineMaterials/Substrate/GLints/dict_16_192_64_0p5_0p02_0034_0008.uasset" 5334
"../../../Engine/Content/EngineMaterials/Substrate/GLints/dict_16_192_64_0p5_0p02_0034_0007.uasset" 5335
"../../../Engine/Content/EngineMaterials/Substrate/GLints/dict_16_192_64_0p5_0p02_0034_0010.uasset" 5336
"../../../Engine/Content/EngineMaterials/Substrate/GLints/dict_16_192_64_0p5_0p02_0028_0012.uasset" 5337
"/Engine/EngineMaterials/Substrate/GLints/dict_16_192_64_0p5_0p02_0034_0010" 5338
"../../../Engine/Content/EngineMaterials/Substrate/GLints/dict_16_192_64_0p5_0p02_0034_0011.uasset" 5339
"/Engine/EngineMaterials/Substrate/GLints/dict_16_192_64_0p5_0p02_0034_0007" 5340
"/Engine/EngineMaterials/Substrate/GLints/dict_16_192_64_0p5_0p02_0034_0006" 5341
"/Engine/EngineMaterials/Substrate/GLints/dict_16_192_64_0p5_0p02_0028_0012" 5342
"/Engine/EngineMaterials/Substrate/GLints/dict_16_192_64_0p5_0p02_0034_0008" 5343
"/Engine/EngineMaterials/Substrate/GLints/dict_16_192_64_0p5_0p02_0034_0011" 5344
"../../../Engine/Content/EngineMaterials/Substrate/GLints/dict_16_192_64_0p5_0p02_0034_0014.uasset" 5345
"../../../Engine/Content/EngineMaterials/Substrate/GLints/dict_16_192_64_0p5_0p02_0030_0002.uasset" 5346
"../../../Engine/Content/EngineMaterials/Substrate/GLints/dict_16_192_64_0p5_0p02_0034_0015.uasset" 5347
"../../../Engine/Content/EngineMaterials/Substrate/GLints/dict_16_192_64_0p5_0p02_0034_0013.uasset" 5348
"../../../Engine/Content/EngineMaterials/Substrate/GLints/dict_16_192_64_0p5_0p02_0034_0012.uasset" 5349
"/Engine/EngineMaterials/Substrate/GLints/dict_16_192_64_0p5_0p02_0034_0012" 5350
"/Engine/EngineMaterials/Substrate/GLints/dict_16_192_64_0p5_0p02_0030_0002" 5351
"../../../Engine/Content/EngineMaterials/Substrate/GLints/dict_16_192_64_0p5_0p02_0035_0001.uasset" 5352
"/Engine/EngineMaterials/Substrate/GLints/dict_16_192_64_0p5_0p02_0034_0015" 5353
"/Engine/EngineMaterials/Substrate/GLints/dict_16_192_64_0p5_0p02_0034_0014" 5354
"/Engine/EngineMaterials/Substrate/GLints/dict_16_192_64_0p5_0p02_0034_0013" 5355
"../../../Engine/Content/EngineMaterials/Substrate/GLints/dict_16_192_64_0p5_0p02_0035_0003.uasset" 5356
"../../../Engine/Content/EngineMaterials/Substrate/GLints/dict_16_192_64_0p5_0p02_0035_0002.uasset" 5357
"/Engine/EngineMaterials/Substrate/GLints/dict_16_192_64_0p5_0p02_0035_0001" 5358
"/Engine/EngineMaterials/Substrate/GLints/dict_16_192_64_0p5_0p02_0035_0003" 5359
"/Engine/EngineMaterials/Substrate/GLints/dict_16_192_64_0p5_0p02_0035_0002" 5360
"../../../Engine/Content/EngineMaterials/Substrate/GLints/dict_16_192_64_0p5_0p02_0035_0005.uasset" 5361
"../../../Engine/Content/EngineMaterials/Substrate/GLints/dict_16_192_64_0p5_0p02_0035_0004.uasset" 5362
"../../../Engine/Content/EngineMaterials/Substrate/GLints/dict_16_192_64_0p5_0p02_0035_0007.uasset" 5363
"../../../Engine/Content/EngineMaterials/Substrate/GLints/dict_16_192_64_0p5_0p02_0035_0009.uasset" 5364
"/Engine/EngineMaterials/Substrate/GLints/dict_16_192_64_0p5_0p02_0035_0005" 5365
"/Engine/EngineMaterials/Substrate/GLints/dict_16_192_64_0p5_0p02_0035_0004" 5366
"../../../Engine/Content/EngineMaterials/Substrate/GLints/dict_16_192_64_0p5_0p02_0035_0010.uasset" 5367
"../../../Engine/Content/EngineMaterials/Substrate/GLints/dict_16_192_64_0p5_0p02_0035_0011.uasset" 5368
"../../../Engine/Content/EngineMaterials/Substrate/GLints/dict_16_192_64_0p5_0p02_0035_0008.uasset" 5369
"/Engine/EngineMaterials/Substrate/GLints/dict_16_192_64_0p5_0p02_0035_0009" 5370
"/Engine/EngineMaterials/Substrate/GLints/dict_16_192_64_0p5_0p02_0035_0007" 5371
"/Engine/EngineMaterials/Substrate/GLints/dict_16_192_64_0p5_0p02_0035_0011" 5372
"/Engine/EngineMaterials/Substrate/GLints/dict_16_192_64_0p5_0p02_0035_0010" 5373
"/Engine/EngineMaterials/Substrate/GLints/dict_16_192_64_0p5_0p02_0035_0008" 5374
"../../../Engine/Content/EngineMaterials/Substrate/GLints/dict_16_192_64_0p5_0p02_0035_0012.uasset" 5375
"../../../Engine/Content/EngineMaterials/Substrate/GLints/dict_16_192_64_0p5_0p02_0035_0014.uasset" 5376
"../../../Engine/Content/EngineMaterials/Substrate/GLints/dict_16_192_64_0p5_0p02_0035_0013.uasset" 5377
"../../../Engine/Content/EngineMaterials/Substrate/GLints/dict_16_192_64_0p5_0p02_0036_0000.uasset" 5378
"../../../Engine/Content/EngineMaterials/Substrate/GLints/dict_16_192_64_0p5_0p02_0035_0015.uasset" 5379
"/Engine/EngineMaterials/Substrate/GLints/dict_16_192_64_0p5_0p02_0036_0000" 5380
"/Engine/EngineMaterials/Substrate/GLints/dict_16_192_64_0p5_0p02_0035_0013" 5381
"/Engine/EngineMaterials/Substrate/GLints/dict_16_192_64_0p5_0p02_0035_0015" 5382
"/Engine/EngineMaterials/Substrate/GLints/dict_16_192_64_0p5_0p02_0035_0012" 5383
"/Engine/EngineMaterials/Substrate/GLints/dict_16_192_64_0p5_0p02_0035_0014" 5384
"../../../Engine/Content/EngineMaterials/Substrate/GLints/dict_16_192_64_0p5_0p02_0036_0001.uasset" 5385
"../../../Engine/Content/EngineMaterials/Substrate/GLints/dict_16_192_64_0p5_0p02_0036_0003.uasset" 5386
"../../../Engine/Content/EngineMaterials/Substrate/GLints/dict_16_192_64_0p5_0p02_0036_0002.uasset" 5387
"../../../Engine/Content/EngineMaterials/Substrate/GLints/dict_16_192_64_0p5_0p02_0036_0004.uasset" 5388
"/Engine/EngineMaterials/Substrate/GLints/dict_16_192_64_0p5_0p02_0036_0003" 5389
"../../../Engine/Content/EngineMaterials/Substrate/GLints/dict_16_192_64_0p5_0p02_0036_0005.uasset" 5390
"/Engine/EngineMaterials/Substrate/GLints/dict_16_192_64_0p5_0p02_0036_0002" 5391
"/Engine/EngineMaterials/Substrate/GLints/dict_16_192_64_0p5_0p02_0036_0001" 5392
"/Engine/EngineMaterials/Substrate/GLints/dict_16_192_64_0p5_0p02_0036_0004" 5393
"../../../Engine/Content/EngineMaterials/Substrate/GLints/dict_16_192_64_0p5_0p02_0036_0006.uasset" 5394
"/Engine/EngineMaterials/Substrate/GLints/dict_16_192_64_0p5_0p02_0036_0006" 5395
"/Engine/EngineMaterials/Substrate/GLints/dict_16_192_64_0p5_0p02_0036_0005" 5396
"../../../Engine/Content/EngineMaterials/Substrate/GLints/dict_16_192_64_0p5_0p02_0036_0007.uasset" 5397
"../../../Engine/Content/EngineMaterials/Substrate/GLints/dict_16_192_64_0p5_0p02_0036_0009.uasset" 5398
"../../../Engine/Content/EngineMaterials/Substrate/GLints/dict_16_192_64_0p5_0p02_0036_0010.uasset" 5399
"../../../Engine/Content/EngineMaterials/Substrate/GLints/dict_16_192_64_0p5_0p02_0036_0008.uasset" 5400
"/Engine/EngineMaterials/Substrate/GLints/dict_16_192_64_0p5_0p02_0036_0008" 5401
"/Engine/EngineMaterials/Substrate/GLints/dict_16_192_64_0p5_0p02_0036_0009" 5402
"/Engine/EngineMaterials/Substrate/GLints/dict_16_192_64_0p5_0p02_0036_0007" 5403
"/Engine/EngineMaterials/Substrate/GLints/dict_16_192_64_0p5_0p02_0036_0010" 5404
"../../../Engine/Content/EngineMaterials/Substrate/GLints/dict_16_192_64_0p5_0p02_0036_0012.uasset" 5405
"../../../Engine/Content/EngineMaterials/Substrate/GLints/dict_16_192_64_0p5_0p02_0036_0011.uasset" 5406
"/Engine/EngineMaterials/Substrate/GLints/dict_16_192_64_0p5_0p02_0036_0011" 5407
"/Engine/EngineMaterials/Substrate/GLints/dict_16_192_64_0p5_0p02_0036_0012" 5408
"../../../Engine/Content/EngineMaterials/Substrate/GLints/dict_16_192_64_0p5_0p02_0036_0013.uasset" 5409
"../../../Engine/Content/EngineMaterials/Substrate/GLints/dict_16_192_64_0p5_0p02_0036_0014.uasset" 5410
"../../../Engine/Content/EngineMaterials/Substrate/GLints/dict_16_192_64_0p5_0p02_0036_0015.uasset" 5411
"/Engine/EngineMaterials/Substrate/GLints/dict_16_192_64_0p5_0p02_0036_0015" 5412
"../../../Engine/Content/EngineMaterials/Substrate/GLints/dict_16_192_64_0p5_0p02_0037_0000.uasset" 5413
"/Engine/EngineMaterials/Substrate/GLints/dict_16_192_64_0p5_0p02_0036_0014" 5414
"/Engine/EngineMaterials/Substrate/GLints/dict_16_192_64_0p5_0p02_0036_0013" 5415
"/Engine/EngineMaterials/Substrate/GLints/dict_16_192_64_0p5_0p02_0037_0000" 5416
"../../../Engine/Content/EngineMaterials/Substrate/GLints/dict_16_192_64_0p5_0p02_0037_0002.uasset" 5417
"../../../Engine/Content/EngineMaterials/Substrate/GLints/dict_16_192_64_0p5_0p02_0037_0001.uasset" 5418
"../../../Engine/Content/EngineMaterials/Substrate/GLints/dict_16_192_64_0p5_0p02_0037_0004.uasset" 5419
"/Engine/EngineMaterials/Substrate/GLints/dict_16_192_64_0p5_0p02_0037_0004" 5420
"/Engine/EngineMaterials/Substrate/GLints/dict_16_192_64_0p5_0p02_0037_0002" 5421
"../../../Engine/Content/EngineMaterials/Substrate/GLints/dict_16_192_64_0p5_0p02_0037_0003.uasset" 5422
"/Engine/EngineMaterials/Substrate/GLints/dict_16_192_64_0p5_0p02_0037_0001" 5423
"/Engine/EngineMaterials/Substrate/GLints/dict_16_192_64_0p5_0p02_0037_0003" 5424
"../../../Engine/Content/EngineMaterials/Substrate/GLints/dict_16_192_64_0p5_0p02_0037_0005.uasset" 5425
"/Engine/EngineMaterials/Substrate/GLints/dict_16_192_64_0p5_0p02_0037_0005" 5426
"../../../Engine/Content/EngineMaterials/Substrate/GLints/dict_16_192_64_0p5_0p02_0037_0006.uasset" 5427
"../../../Engine/Content/EngineMaterials/Substrate/GLints/dict_16_192_64_0p5_0p02_0037_0007.uasset" 5428
"../../../Engine/Content/EngineMaterials/Substrate/GLints/dict_16_192_64_0p5_0p02_0037_0008.uasset" 5429
"/Engine/EngineMaterials/Substrate/GLints/dict_16_192_64_0p5_0p02_0037_0007" 5430
"../../../Engine/Content/EngineMaterials/Substrate/GLints/dict_16_192_64_0p5_0p02_0037_0010.uasset" 5431
"/Engine/EngineMaterials/Substrate/GLints/dict_16_192_64_0p5_0p02_0037_0006" 5432
"/Engine/EngineMaterials/Substrate/GLints/dict_16_192_64_0p5_0p02_0037_0008" 5433
"/Engine/EngineMaterials/Substrate/GLints/dict_16_192_64_0p5_0p02_0037_0010" 5434
"../../../Engine/Content/EngineMaterials/Substrate/GLints/dict_16_192_64_0p5_0p02_0037_0011.uasset" 5435
"../../../Engine/Content/EngineMaterials/Substrate/GLints/dict_16_192_64_0p5_0p02_0037_0012.uasset" 5436
"../../../Engine/Content/EngineMaterials/Substrate/GLints/dict_16_192_64_0p5_0p02_0033_0002.uasset" 5437
"../../../Engine/Content/EngineMaterials/Substrate/GLints/dict_16_192_64_0p5_0p02_0037_0013.uasset" 5438
"../../../Engine/Content/EngineMaterials/Substrate/GLints/dict_16_192_64_0p5_0p02_0037_0014.uasset" 5439
"/Engine/EngineMaterials/Substrate/GLints/dict_16_192_64_0p5_0p02_0037_0011" 5440
"/Engine/EngineMaterials/Substrate/GLints/dict_16_192_64_0p5_0p02_0033_0002" 5441
"/Engine/EngineMaterials/Substrate/GLints/dict_16_192_64_0p5_0p02_0037_0014" 5442
"/Engine/EngineMaterials/Substrate/GLints/dict_16_192_64_0p5_0p02_0037_0013" 5443
"../../../Engine/Content/EngineMaterials/Substrate/GLints/dict_16_192_64_0p5_0p02_0037_0015.uasset" 5444
"../../../Engine/Content/EngineMaterials/Substrate/GLints/dict_16_192_64_0p5_0p02_0038_0000.uasset" 5445
"../../../Engine/Content/EngineMaterials/Substrate/GLints/dict_16_192_64_0p5_0p02_0032_0006.uasset" 5446
"/Engine/EngineMaterials/Substrate/GLints/dict_16_192_64_0p5_0p02_0037_0012" 5447
"/Engine/EngineMaterials/Substrate/GLints/dict_16_192_64_0p5_0p02_0038_0000" 5448
"/Engine/EngineMaterials/Substrate/GLints/dict_16_192_64_0p5_0p02_0037_0015" 5449
"/Engine/EngineMaterials/Substrate/GLints/dict_16_192_64_0p5_0p02_0032_0006" 5450
"../../../Engine/Content/EngineMaterials/Substrate/GLints/dict_16_192_64_0p5_0p02_0038_0003.uasset" 5451
"../../../Engine/Content/EngineMaterials/Substrate/GLints/dict_16_192_64_0p5_0p02_0038_0002.uasset" 5452
"../../../Engine/Content/EngineMaterials/Substrate/GLints/dict_16_192_64_0p5_0p02_0038_0005.uasset" 5453
"../../../Engine/Content/EngineMaterials/Substrate/GLints/dict_16_192_64_0p5_0p02_0038_0004.uasset" 5454
"/Engine/EngineMaterials/Substrate/GLints/dict_16_192_64_0p5_0p02_0038_0005" 5455
"/Engine/EngineMaterials/Substrate/GLints/dict_16_192_64_0p5_0p02_0038_0003" 5456
"/Engine/EngineMaterials/Substrate/GLints/dict_16_192_64_0p5_0p02_0038_0004" 5457
"/Engine/EngineMaterials/Substrate/GLints/dict_16_192_64_0p5_0p02_0038_0002" 5458
"../../../Engine/Content/EngineMaterials/Substrate/GLints/dict_16_192_64_0p5_0p02_0038_0007.uasset" 5459
"../../../Engine/Content/EngineMaterials/Substrate/GLints/dict_16_192_64_0p5_0p02_0038_0008.uasset" 5460
"../../../Engine/Content/EngineMaterials/Substrate/GLints/dict_16_192_64_0p5_0p02_0038_0010.uasset" 5461
"/Engine/EngineMaterials/Substrate/GLints/dict_16_192_64_0p5_0p02_0038_0010" 5462
"../../../Engine/Content/EngineMaterials/Substrate/GLints/dict_16_192_64_0p5_0p02_0038_0009.uasset" 5463
"/Engine/EngineMaterials/Substrate/GLints/dict_16_192_64_0p5_0p02_0038_0008" 5464
"/Engine/EngineMaterials/Substrate/GLints/dict_16_192_64_0p5_0p02_0038_0007" 5465
"/Engine/EngineMaterials/Substrate/GLints/dict_16_192_64_0p5_0p02_0038_0009" 5466
"../../../Engine/Content/EngineMaterials/Substrate/GLints/dict_16_192_64_0p5_0p02_0038_0011.uasset" 5467
"../../../Engine/Content/EngineMaterials/Substrate/GLints/dict_16_192_64_0p5_0p02_0038_0012.uasset" 5468
"../../../Engine/Content/EngineMaterials/Substrate/GLints/dict_16_192_64_0p5_0p02_0038_0013.uasset" 5469
"/Engine/EngineMaterials/Substrate/GLints/dict_16_192_64_0p5_0p02_0038_0012" 5470
"/Engine/EngineMaterials/Substrate/GLints/dict_16_192_64_0p5_0p02_0038_0011" 5471
"/Engine/EngineMaterials/Substrate/GLints/dict_16_192_64_0p5_0p02_0038_0013" 5472
"../../../Engine/Content/EngineMaterials/Substrate/GLints/dict_16_192_64_0p5_0p02_0038_0014.uasset" 5473
"/Engine/EngineMaterials/Substrate/GLints/dict_16_192_64_0p5_0p02_0038_0014" 5474
"../../../Engine/Content/EngineMaterials/Substrate/GLints/dict_16_192_64_0p5_0p02_0033_0000.uasset" 5475
"../../../Engine/Content/EngineMaterials/Substrate/GLints/dict_16_192_64_0p5_0p02_0039_0000.uasset" 5476
"../../../Engine/Content/EngineMaterials/Substrate/GLints/dict_16_192_64_0p5_0p02_0038_0015.uasset" 5477
"../../../Engine/Content/EngineMaterials/Substrate/GLints/dict_16_192_64_0p5_0p02_0034_0009.uasset" 5478
"../../../Engine/Content/EngineMaterials/Substrate/GLints/dict_16_192_64_0p5_0p02_0039_0001.uasset" 5479
"../../../Engine/Content/EngineMaterials/Substrate/GLints/dict_16_192_64_0p5_0p02_0039_0002.uasset" 5480
"/Engine/EngineMaterials/Substrate/GLints/dict_16_192_64_0p5_0p02_0039_0000" 5481
"/Engine/EngineMaterials/Substrate/GLints/dict_16_192_64_0p5_0p02_0038_0015" 5482
"/Engine/EngineMaterials/Substrate/GLints/dict_16_192_64_0p5_0p02_0034_0009" 5483
"/Engine/EngineMaterials/Substrate/GLints/dict_16_192_64_0p5_0p02_0033_0000" 5484
"/Engine/EngineMaterials/Substrate/GLints/dict_16_192_64_0p5_0p02_0039_0002" 5485
"/Engine/EngineMaterials/Substrate/GLints/dict_16_192_64_0p5_0p02_0039_0001" 5486
"../../../Engine/Content/EngineMaterials/Substrate/GLints/dict_16_192_64_0p5_0p02_0039_0005.uasset" 5487
"../../../Engine/Content/EngineMaterials/Substrate/GLints/dict_16_192_64_0p5_0p02_0039_0007.uasset" 5488
"../../../Engine/Content/EngineMaterials/Substrate/GLints/dict_16_192_64_0p5_0p02_0039_0004.uasset" 5489
"../../../Engine/Content/EngineMaterials/Substrate/GLints/dict_16_192_64_0p5_0p02_0039_0008.uasset" 5490
"/Engine/EngineMaterials/Substrate/GLints/dict_16_192_64_0p5_0p02_0039_0005" 5491
"/Engine/EngineMaterials/Substrate/GLints/dict_16_192_64_0p5_0p02_0039_0008" 5492
"/Engine/EngineMaterials/Substrate/GLints/dict_16_192_64_0p5_0p02_0039_0004" 5493
"/Engine/EngineMaterials/Substrate/GLints/dict_16_192_64_0p5_0p02_0039_0007" 5494
"../../../Engine/Content/EngineMaterials/Substrate/GLints/dict_16_192_64_0p5_0p02_0039_0011.uasset" 5495
"../../../Engine/Content/EngineMaterials/Substrate/GLints/dict_16_192_64_0p5_0p02_0039_0009.uasset" 5496
"../../../Engine/Content/EngineMaterials/Substrate/GLints/dict_16_192_64_0p5_0p02_0039_0010.uasset" 5497
"../../../Engine/Content/EngineMaterials/Substrate/GLints/dict_16_192_64_0p5_0p02_0039_0012.uasset" 5498
"/Engine/EngineMaterials/Substrate/GLints/dict_16_192_64_0p5_0p02_0039_0012" 5499
"../../../Engine/Content/EngineMaterials/Substrate/GLints/dict_16_192_64_0p5_0p02_0039_0013.uasset" 5500
"../../../Engine/Content/EngineMaterials/Substrate/GLints/dict_16_192_64_0p5_0p02_0039_0014.uasset" 5501
"/Engine/EngineMaterials/Substrate/GLints/dict_16_192_64_0p5_0p02_0039_0011" 5502
"/Engine/EngineMaterials/Substrate/GLints/dict_16_192_64_0p5_0p02_0039_0010" 5503
"/Engine/EngineMaterials/Substrate/GLints/dict_16_192_64_0p5_0p02_0039_0009" 5504
"/Engine/EngineMaterials/Substrate/GLints/dict_16_192_64_0p5_0p02_0039_0014" 5505
"/Engine/EngineMaterials/Substrate/GLints/dict_16_192_64_0p5_0p02_0039_0013" 5506
"../../../Engine/Content/EngineMaterials/Substrate/GLints/dict_16_192_64_0p5_0p02_0039_0015.uasset" 5507
"../../../Engine/Content/EngineMaterials/Substrate/GLints/dict_16_192_64_0p5_0p02_0040_0000.uasset" 5508
"../../../Engine/Content/EngineMaterials/Substrate/GLints/dict_16_192_64_0p5_0p02_0035_0006.uasset" 5509
"../../../Engine/Content/EngineMaterials/Substrate/GLints/dict_16_192_64_0p5_0p02_0040_0002.uasset" 5510
"../../../Engine/Content/EngineMaterials/Substrate/GLints/dict_16_192_64_0p5_0p02_0040_0001.uasset" 5511
"../../../Engine/Content/EngineMaterials/Substrate/GLints/dict_16_192_64_0p5_0p02_0032_0010.uasset" 5512
"/Engine/EngineMaterials/Substrate/GLints/dict_16_192_64_0p5_0p02_0035_0006" 5513
"/Engine/EngineMaterials/Substrate/GLints/dict_16_192_64_0p5_0p02_0032_0010" 5514
"/Engine/EngineMaterials/Substrate/GLints/dict_16_192_64_0p5_0p02_0039_0015" 5515
"/Engine/EngineMaterials/Substrate/GLints/dict_16_192_64_0p5_0p02_0040_0000" 5516
"/Engine/EngineMaterials/Substrate/GLints/dict_16_192_64_0p5_0p02_0040_0002" 5517
"../../../Engine/Content/EngineMaterials/Substrate/GLints/dict_16_192_64_0p5_0p02_0040_0003.uasset" 5518
"/Engine/EngineMaterials/Substrate/GLints/dict_16_192_64_0p5_0p02_0040_0001" 5519
"/Engine/EngineMaterials/Substrate/GLints/dict_16_192_64_0p5_0p02_0040_0003" 5520
"../../../Engine/Content/EngineMaterials/Substrate/GLints/dict_16_192_64_0p5_0p02_0040_0004.uasset" 5521
"../../../Engine/Content/EngineMaterials/Substrate/GLints/dict_16_192_64_0p5_0p02_0040_0007.uasset" 5522
"../../../Engine/Content/EngineMaterials/Substrate/GLints/dict_16_192_64_0p5_0p02_0040_0008.uasset" 5523
"../../../Engine/Content/EngineMaterials/Substrate/GLints/dict_16_192_64_0p5_0p02_0040_0006.uasset" 5524
"/Engine/EngineMaterials/Substrate/GLints/dict_16_192_64_0p5_0p02_0040_0004" 5525
"../../../Engine/Content/EngineMaterials/Substrate/GLints/dict_16_192_64_0p5_0p02_0040_0009.uasset" 5526
"/Engine/EngineMaterials/Substrate/GLints/dict_16_192_64_0p5_0p02_0040_0008" 5527
"../../../Engine/Content/EngineMaterials/Substrate/GLints/dict_16_192_64_0p5_0p02_0040_0005.uasset" 5528
"/Engine/EngineMaterials/Substrate/GLints/dict_16_192_64_0p5_0p02_0040_0007" 5529
"/Engine/EngineMaterials/Substrate/GLints/dict_16_192_64_0p5_0p02_0040_0006" 5530
"/Engine/EngineMaterials/Substrate/GLints/dict_16_192_64_0p5_0p02_0040_0009" 5531
"../../../Engine/Content/EngineMaterials/Substrate/GLints/dict_16_192_64_0p5_0p02_0040_0010.uasset" 5532
"/Engine/EngineMaterials/Substrate/GLints/dict_16_192_64_0p5_0p02_0040_0005" 5533
"/Engine/EngineMaterials/Substrate/GLints/dict_16_192_64_0p5_0p02_0040_0010" 5534
"../../../Engine/Content/EngineMaterials/Substrate/GLints/dict_16_192_64_0p5_0p02_0040_0011.uasset" 5535
"../../../Engine/Content/EngineMaterials/Substrate/GLints/dict_16_192_64_0p5_0p02_0040_0013.uasset" 5536
"../../../Engine/Content/EngineMaterials/Substrate/GLints/dict_16_192_64_0p5_0p02_0040_0012.uasset" 5537
"../../../Engine/Content/EngineMaterials/Substrate/GLints/dict_16_192_64_0p5_0p02_0040_0014.uasset" 5538
"/Engine/EngineMaterials/Substrate/GLints/dict_16_192_64_0p5_0p02_0040_0014" 5539
"/Engine/EngineMaterials/Substrate/GLints/dict_16_192_64_0p5_0p02_0040_0013" 5540
"../../../Engine/Content/EngineMaterials/Substrate/GLints/dict_16_192_64_0p5_0p02_0041_0000.uasset" 5541
"/Engine/EngineMaterials/Substrate/GLints/dict_16_192_64_0p5_0p02_0040_0012" 5542
"../../../Engine/Content/EngineMaterials/Substrate/GLints/dict_16_192_64_0p5_0p02_0041_0003.uasset" 5543
"../../../Engine/Content/EngineMaterials/Substrate/GLints/dict_16_192_64_0p5_0p02_0041_0001.uasset" 5544
"/Engine/EngineMaterials/Substrate/GLints/dict_16_192_64_0p5_0p02_0040_0011" 5545
"../../../Engine/Content/EngineMaterials/Substrate/GLints/dict_16_192_64_0p5_0p02_0041_0002.uasset" 5546
"/Engine/EngineMaterials/Substrate/GLints/dict_16_192_64_0p5_0p02_0041_0002" 5547
"/Engine/EngineMaterials/Substrate/GLints/dict_16_192_64_0p5_0p02_0041_0001" 5548
"/Engine/EngineMaterials/Substrate/GLints/dict_16_192_64_0p5_0p02_0041_0000" 5549
"/Engine/EngineMaterials/Substrate/GLints/dict_16_192_64_0p5_0p02_0041_0003" 5550
"../../../Engine/Content/EngineMaterials/Substrate/GLints/dict_16_192_64_0p5_0p02_0041_0005.uasset" 5551
"../../../Engine/Content/EngineMaterials/Substrate/GLints/dict_16_192_64_0p5_0p02_0041_0006.uasset" 5552
"../../../Engine/Content/EngineMaterials/Substrate/GLints/dict_16_192_64_0p5_0p02_0041_0007.uasset" 5553
"../../../Engine/Content/EngineMaterials/Substrate/GLints/dict_16_192_64_0p5_0p02_0041_0004.uasset" 5554
"/Engine/EngineMaterials/Substrate/GLints/dict_16_192_64_0p5_0p02_0041_0007" 5555
"/Engine/EngineMaterials/Substrate/GLints/dict_16_192_64_0p5_0p02_0041_0004" 5556
"/Engine/EngineMaterials/Substrate/GLints/dict_16_192_64_0p5_0p02_0041_0006" 5557
"/Engine/EngineMaterials/Substrate/GLints/dict_16_192_64_0p5_0p02_0041_0005" 5558
"../../../Engine/Content/EngineMaterials/Substrate/GLints/dict_16_192_64_0p5_0p02_0041_0008.uasset" 5559
"/Engine/EngineMaterials/Substrate/GLints/dict_16_192_64_0p5_0p02_0041_0008" 5560
"../../../Engine/Content/EngineMaterials/Substrate/GLints/dict_16_192_64_0p5_0p02_0041_0009.uasset" 5561
"../../../Engine/Content/EngineMaterials/Substrate/GLints/dict_16_192_64_0p5_0p02_0041_0010.uasset" 5562
"../../../Engine/Content/EngineMaterials/Substrate/GLints/dict_16_192_64_0p5_0p02_0041_0011.uasset" 5563
"../../../Engine/Content/EngineMaterials/Substrate/GLints/dict_16_192_64_0p5_0p02_0041_0012.uasset" 5564
"../../../Engine/Content/EngineMaterials/Substrate/GLints/dict_16_192_64_0p5_0p02_0038_0006.uasset" 5565
"../../../Engine/Content/EngineMaterials/Substrate/GLints/dict_16_192_64_0p5_0p02_0031_0015.uasset" 5566
"../../../Engine/Content/EngineMaterials/Substrate/GLints/dict_16_192_64_0p5_0p02_0041_0013.uasset" 5567
"/Engine/EngineMaterials/Substrate/GLints/dict_16_192_64_0p5_0p02_0041_0010" 5568
"/Engine/EngineMaterials/Substrate/GLints/dict_16_192_64_0p5_0p02_0038_0006" 5569
"/Engine/EngineMaterials/Substrate/GLints/dict_16_192_64_0p5_0p02_0031_0015" 5570
"../../../Engine/Content/EngineMaterials/Substrate/GLints/dict_16_192_64_0p5_0p02_0041_0014.uasset" 5571
"/Engine/EngineMaterials/Substrate/GLints/dict_16_192_64_0p5_0p02_0041_0009" 5572
"../../../Engine/Content/EngineMaterials/Substrate/GLints/dict_16_192_64_0p5_0p02_0042_0000.uasset" 5573
"/Engine/EngineMaterials/Substrate/GLints/dict_16_192_64_0p5_0p02_0041_0011" 5574
"../../../Engine/Content/EngineMaterials/Substrate/GLints/dict_16_192_64_0p5_0p02_0041_0015.uasset" 5575
"/Engine/EngineMaterials/Substrate/GLints/dict_16_192_64_0p5_0p02_0041_0013" 5576
"/Engine/EngineMaterials/Substrate/GLints/dict_16_192_64_0p5_0p02_0041_0012" 5577
"/Engine/EngineMaterials/Substrate/GLints/dict_16_192_64_0p5_0p02_0041_0015" 5578
"/Engine/EngineMaterials/Substrate/GLints/dict_16_192_64_0p5_0p02_0041_0014" 5579
"/Engine/EngineMaterials/Substrate/GLints/dict_16_192_64_0p5_0p02_0042_0000" 5580
"../../../Engine/Content/EngineMaterials/Substrate/GLints/dict_16_192_64_0p5_0p02_0042_0001.uasset" 5581
"../../../Engine/Content/EngineMaterials/Substrate/GLints/dict_16_192_64_0p5_0p02_0042_0006.uasset" 5582
"../../../Engine/Content/EngineMaterials/Substrate/GLints/dict_16_192_64_0p5_0p02_0042_0007.uasset" 5583
"../../../Engine/Content/EngineMaterials/Substrate/GLints/dict_16_192_64_0p5_0p02_0042_0004.uasset" 5584
"../../../Engine/Content/EngineMaterials/Substrate/GLints/dict_16_192_64_0p5_0p02_0042_0005.uasset" 5585
"/Engine/EngineMaterials/Substrate/GLints/dict_16_192_64_0p5_0p02_0042_0006" 5586
"/Engine/EngineMaterials/Substrate/GLints/dict_16_192_64_0p5_0p02_0042_0001" 5587
"/Engine/EngineMaterials/Substrate/GLints/dict_16_192_64_0p5_0p02_0042_0004" 5588
"/Engine/EngineMaterials/Substrate/GLints/dict_16_192_64_0p5_0p02_0042_0007" 5589
"/Engine/EngineMaterials/Substrate/GLints/dict_16_192_64_0p5_0p02_0042_0005" 5590
"../../../Engine/Content/EngineMaterials/Substrate/GLints/dict_16_192_64_0p5_0p02_0042_0011.uasset" 5591
"../../../Engine/Content/EngineMaterials/Substrate/GLints/dict_16_192_64_0p5_0p02_0042_0009.uasset" 5592
"../../../Engine/Content/EngineMaterials/Substrate/GLints/dict_16_192_64_0p5_0p02_0042_0010.uasset" 5593
"../../../Engine/Content/EngineMaterials/Substrate/GLints/dict_16_192_64_0p5_0p02_0042_0008.uasset" 5594
"/Engine/EngineMaterials/Substrate/GLints/dict_16_192_64_0p5_0p02_0042_0010" 5595
"/Engine/EngineMaterials/Substrate/GLints/dict_16_192_64_0p5_0p02_0042_0009" 5596
"/Engine/EngineMaterials/Substrate/GLints/dict_16_192_64_0p5_0p02_0042_0008" 5597
"/Engine/EngineMaterials/Substrate/GLints/dict_16_192_64_0p5_0p02_0042_0011" 5598
"../../../Engine/Content/EngineMaterials/Substrate/GLints/dict_16_192_64_0p5_0p02_0042_0012.uasset" 5599
"../../../Engine/Content/EngineMaterials/Substrate/GLints/dict_16_192_64_0p5_0p02_0042_0014.uasset" 5600
"../../../Engine/Content/EngineMaterials/Substrate/GLints/dict_16_192_64_0p5_0p02_0035_0000.uasset" 5601
"../../../Engine/Content/EngineMaterials/Substrate/GLints/dict_16_192_64_0p5_0p02_0042_0013.uasset" 5602
"../../../Engine/Content/EngineMaterials/Substrate/GLints/dict_16_192_64_0p5_0p02_0042_0015.uasset" 5603
"../../../Engine/Content/EngineMaterials/Substrate/GLints/dict_16_192_64_0p5_0p02_0043_0000.uasset" 5604
"/Engine/EngineMaterials/Substrate/GLints/dict_16_192_64_0p5_0p02_0042_0015" 5605
"/Engine/EngineMaterials/Substrate/GLints/dict_16_192_64_0p5_0p02_0042_0014" 5606
"/Engine/EngineMaterials/Substrate/GLints/dict_16_192_64_0p5_0p02_0042_0013" 5607
"../../../Engine/Content/EngineMaterials/Substrate/GLints/dict_16_192_64_0p5_0p02_0043_0002.uasset" 5608
"../../../Engine/Content/EngineMaterials/Substrate/GLints/dict_16_192_64_0p5_0p02_0043_0004.uasset" 5609
"/Engine/EngineMaterials/Substrate/GLints/dict_16_192_64_0p5_0p02_0035_0000" 5610
"../../../Engine/Content/EngineMaterials/Substrate/GLints/dict_16_192_64_0p5_0p02_0043_0003.uasset" 5611
"/Engine/EngineMaterials/Substrate/GLints/dict_16_192_64_0p5_0p02_0042_0012" 5612
"/Engine/EngineMaterials/Substrate/GLints/dict_16_192_64_0p5_0p02_0043_0004" 5613
"../../../Engine/Content/EngineMaterials/Substrate/GLints/dict_16_192_64_0p5_0p02_0031_0009.uasset" 5614
"/Engine/EngineMaterials/Substrate/GLints/dict_16_192_64_0p5_0p02_0043_0003" 5615
"/Engine/EngineMaterials/Substrate/GLints/dict_16_192_64_0p5_0p02_0043_0002" 5616
"/Engine/EngineMaterials/Substrate/GLints/dict_16_192_64_0p5_0p02_0043_0000" 5617
"/Engine/EngineMaterials/Substrate/GLints/dict_16_192_64_0p5_0p02_0031_0009" 5618
"../../../Engine/Content/EngineMaterials/Substrate/GLints/dict_16_192_64_0p5_0p02_0043_0005.uasset" 5619
"../../../Engine/Content/EngineMaterials/Substrate/GLints/dict_16_192_64_0p5_0p02_0043_0006.uasset" 5620
"../../../Engine/Content/EngineMaterials/Substrate/GLints/dict_16_192_64_0p5_0p02_0043_0008.uasset" 5621
"../../../Engine/Content/EngineMaterials/Substrate/GLints/dict_16_192_64_0p5_0p02_0043_0007.uasset" 5622
"/Engine/EngineMaterials/Substrate/GLints/dict_16_192_64_0p5_0p02_0043_0006" 5623
"../../../Engine/Content/EngineMaterials/Substrate/GLints/dict_16_192_64_0p5_0p02_0043_0009.uasset" 5624
"/Engine/EngineMaterials/Substrate/GLints/dict_16_192_64_0p5_0p02_0043_0005" 5625
"/Engine/EngineMaterials/Substrate/GLints/dict_16_192_64_0p5_0p02_0043_0008" 5626
"/Engine/EngineMaterials/Substrate/GLints/dict_16_192_64_0p5_0p02_0043_0007" 5627
"/Engine/EngineMaterials/Substrate/GLints/dict_16_192_64_0p5_0p02_0043_0009" 5628
"../../../Engine/Content/EngineMaterials/Substrate/GLints/dict_16_192_64_0p5_0p02_0043_0011.uasset" 5629
"../../../Engine/Content/EngineMaterials/Substrate/GLints/dict_16_192_64_0p5_0p02_0043_0013.uasset" 5630
"../../../Engine/Content/EngineMaterials/Substrate/GLints/dict_16_192_64_0p5_0p02_0043_0012.uasset" 5631
"../../../Engine/Content/EngineMaterials/Substrate/GLints/dict_16_192_64_0p5_0p02_0043_0015.uasset" 5632
"/Engine/EngineMaterials/Substrate/GLints/dict_16_192_64_0p5_0p02_0043_0013" 5633
"../../../Engine/Content/EngineMaterials/Substrate/GLints/dict_16_192_64_0p5_0p02_0043_0014.uasset" 5634
"/Engine/EngineMaterials/Substrate/GLints/dict_16_192_64_0p5_0p02_0043_0012" 5635
"/Engine/EngineMaterials/Substrate/GLints/dict_16_192_64_0p5_0p02_0043_0011" 5636
"/Engine/EngineMaterials/Substrate/GLints/dict_16_192_64_0p5_0p02_0043_0015" 5637
"/Engine/EngineMaterials/Substrate/GLints/dict_16_192_64_0p5_0p02_0043_0014" 5638
"../../../Engine/Content/EngineMaterials/Substrate/GLints/dict_16_192_64_0p5_0p02_0044_0000.uasset" 5639
"../../../Engine/Content/EngineMaterials/Substrate/GLints/dict_16_192_64_0p5_0p02_0044_0001.uasset" 5640
"../../../Engine/Content/EngineMaterials/Substrate/GLints/dict_16_192_64_0p5_0p02_0044_0002.uasset" 5641
"../../../Engine/Content/EngineMaterials/Substrate/GLints/dict_16_192_64_0p5_0p02_0044_0003.uasset" 5642
"../../../Engine/Content/EngineMaterials/Substrate/GLints/dict_16_192_64_0p5_0p02_0044_0004.uasset" 5643
"/Engine/EngineMaterials/Substrate/GLints/dict_16_192_64_0p5_0p02_0044_0002" 5644
"/Engine/EngineMaterials/Substrate/GLints/dict_16_192_64_0p5_0p02_0044_0001" 5645
"/Engine/EngineMaterials/Substrate/GLints/dict_16_192_64_0p5_0p02_0044_0000" 5646
"/Engine/EngineMaterials/Substrate/GLints/dict_16_192_64_0p5_0p02_0044_0004" 5647
"/Engine/EngineMaterials/Substrate/GLints/dict_16_192_64_0p5_0p02_0044_0003" 5648
"../../../Engine/Content/EngineMaterials/Substrate/GLints/dict_16_192_64_0p5_0p02_0044_0005.uasset" 5649
"../../../Engine/Content/EngineMaterials/Substrate/GLints/dict_16_192_64_0p5_0p02_0044_0007.uasset" 5650
"../../../Engine/Content/EngineMaterials/Substrate/GLints/dict_16_192_64_0p5_0p02_0044_0006.uasset" 5651
"../../../Engine/Content/EngineMaterials/Substrate/GLints/dict_16_192_64_0p5_0p02_0044_0008.uasset" 5652
"../../../Engine/Content/EngineMaterials/Substrate/GLints/dict_16_192_64_0p5_0p02_0044_0009.uasset" 5653
"/Engine/EngineMaterials/Substrate/GLints/dict_16_192_64_0p5_0p02_0044_0009" 5654
"/Engine/EngineMaterials/Substrate/GLints/dict_16_192_64_0p5_0p02_0044_0007" 5655
"/Engine/EngineMaterials/Substrate/GLints/dict_16_192_64_0p5_0p02_0044_0006" 5656
"/Engine/EngineMaterials/Substrate/GLints/dict_16_192_64_0p5_0p02_0044_0005" 5657
"/Engine/EngineMaterials/Substrate/GLints/dict_16_192_64_0p5_0p02_0044_0008" 5658
"../../../Engine/Content/EngineMaterials/Substrate/GLints/dict_16_192_64_0p5_0p02_0044_0010.uasset" 5659
"/Engine/EngineMaterials/Substrate/GLints/dict_16_192_64_0p5_0p02_0044_0010" 5660
"../../../Engine/Content/EngineMaterials/Substrate/GLints/dict_16_192_64_0p5_0p02_0044_0011.uasset" 5661
"../../../Engine/Content/EngineMaterials/Substrate/GLints/dict_16_192_64_0p5_0p02_0044_0012.uasset" 5662
"../../../Engine/Content/EngineMaterials/Substrate/GLints/dict_16_192_64_0p5_0p02_0044_0013.uasset" 5663
"../../../Engine/Content/EngineMaterials/Substrate/GLints/dict_16_192_64_0p5_0p02_0044_0014.uasset" 5664
"/Engine/EngineMaterials/Substrate/GLints/dict_16_192_64_0p5_0p02_0044_0011" 5665
"../../../Engine/Content/EngineMaterials/Substrate/GLints/dict_16_192_64_0p5_0p02_0044_0015.uasset" 5666
"../../../Engine/Content/EngineMaterials/Substrate/GLints/dict_16_192_64_0p5_0p02_0045_0002.uasset" 5667
"../../../Engine/Content/EngineMaterials/Substrate/GLints/dict_16_192_64_0p5_0p02_0045_0000.uasset" 5668
"/Engine/EngineMaterials/Substrate/GLints/dict_16_192_64_0p5_0p02_0044_0014" 5669
"../../../Engine/Content/EngineMaterials/Substrate/GLints/dict_16_192_64_0p5_0p02_0045_0001.uasset" 5670
"/Engine/EngineMaterials/Substrate/GLints/dict_16_192_64_0p5_0p02_0044_0012" 5671
"/Engine/EngineMaterials/Substrate/GLints/dict_16_192_64_0p5_0p02_0044_0013" 5672
"/Engine/EngineMaterials/Substrate/GLints/dict_16_192_64_0p5_0p02_0045_0000" 5673
"/Engine/EngineMaterials/Substrate/GLints/dict_16_192_64_0p5_0p02_0044_0015" 5674
"/Engine/EngineMaterials/Substrate/GLints/dict_16_192_64_0p5_0p02_0045_0001" 5675
"/Engine/EngineMaterials/Substrate/GLints/dict_16_192_64_0p5_0p02_0045_0002" 5676
"../../../Engine/Content/EngineMaterials/Substrate/GLints/dict_16_192_64_0p5_0p02_0045_0003.uasset" 5677
"../../../Engine/Content/EngineMaterials/Substrate/GLints/dict_16_192_64_0p5_0p02_0045_0004.uasset" 5678
"../../../Engine/Content/EngineMaterials/Substrate/GLints/dict_16_192_64_0p5_0p02_0045_0005.uasset" 5679
"../../../Engine/Content/EngineMaterials/Substrate/GLints/dict_16_192_64_0p5_0p02_0045_0006.uasset" 5680
"../../../Engine/Content/EngineMaterials/Substrate/GLints/dict_16_192_64_0p5_0p02_0039_0006.uasset" 5681
"../../../Engine/Content/EngineMaterials/Substrate/GLints/dict_16_192_64_0p5_0p02_0045_0007.uasset" 5682
"/Engine/EngineMaterials/Substrate/GLints/dict_16_192_64_0p5_0p02_0045_0005" 5683
"../../../Engine/Content/EngineMaterials/Substrate/GLints/dict_16_192_64_0p5_0p02_0042_0002.uasset" 5684
"/Engine/EngineMaterials/Substrate/GLints/dict_16_192_64_0p5_0p02_0045_0004" 5685
"/Engine/EngineMaterials/Substrate/GLints/dict_16_192_64_0p5_0p02_0045_0006" 5686
"../../../Engine/Content/EngineMaterials/Substrate/GLints/dict_16_192_64_0p5_0p02_0045_0008.uasset" 5687
"/Engine/EngineMaterials/Substrate/GLints/dict_16_192_64_0p5_0p02_0045_0003" 5688
"/Engine/EngineMaterials/Substrate/GLints/dict_16_192_64_0p5_0p02_0039_0006" 5689
"/Engine/EngineMaterials/Substrate/GLints/dict_16_192_64_0p5_0p02_0042_0002" 5690
"../../../Engine/Content/EngineMaterials/Substrate/GLints/dict_16_192_64_0p5_0p02_0038_0001.uasset" 5691
"/Engine/EngineMaterials/Substrate/GLints/dict_16_192_64_0p5_0p02_0045_0008" 5692
"/Engine/EngineMaterials/Substrate/GLints/dict_16_192_64_0p5_0p02_0045_0007" 5693
"../../../Engine/Content/EngineMaterials/Substrate/GLints/dict_16_192_64_0p5_0p02_0037_0009.uasset" 5694
"/Engine/EngineMaterials/Substrate/GLints/dict_16_192_64_0p5_0p02_0038_0001" 5695
"../../../Engine/Content/EngineMaterials/Substrate/GLints/dict_16_192_64_0p5_0p02_0045_0009.uasset" 5696
"../../../Engine/Content/EngineMaterials/Substrate/GLints/dict_16_192_64_0p5_0p02_0045_0011.uasset" 5697
"/Engine/EngineMaterials/Substrate/GLints/dict_16_192_64_0p5_0p02_0037_0009" 5698
"../../../Engine/Content/EngineMaterials/Substrate/GLints/dict_16_192_64_0p5_0p02_0045_0010.uasset" 5699
"/Engine/EngineMaterials/Substrate/GLints/dict_16_192_64_0p5_0p02_0045_0009" 5700
"/Engine/EngineMaterials/Substrate/GLints/dict_16_192_64_0p5_0p02_0045_0011" 5701
"/Engine/EngineMaterials/Substrate/GLints/dict_16_192_64_0p5_0p02_0045_0010" 5702
"../../../Engine/Content/EngineMaterials/Substrate/GLints/dict_16_192_64_0p5_0p02_0042_0003.uasset" 5703
"../../../Engine/Content/EngineMaterials/Substrate/GLints/dict_16_192_64_0p5_0p02_0045_0013.uasset" 5704
"../../../Engine/Content/EngineMaterials/Substrate/GLints/dict_16_192_64_0p5_0p02_0045_0015.uasset" 5705
"../../../Engine/Content/EngineMaterials/Substrate/GLints/dict_16_192_64_0p5_0p02_0046_0003.uasset" 5706
"../../../Engine/Content/EngineMaterials/Substrate/GLints/dict_16_192_64_0p5_0p02_0046_0002.uasset" 5707
"../../../Engine/Content/EngineMaterials/Substrate/GLints/dict_16_192_64_0p5_0p02_0045_0012.uasset" 5708
"/Engine/EngineMaterials/Substrate/GLints/dict_16_192_64_0p5_0p02_0046_0003" 5709
"/Engine/EngineMaterials/Substrate/GLints/dict_16_192_64_0p5_0p02_0042_0003" 5710
"../../../Engine/Content/EngineMaterials/Substrate/GLints/dict_16_192_64_0p5_0p02_0046_0004.uasset" 5711
"/Engine/EngineMaterials/Substrate/GLints/dict_16_192_64_0p5_0p02_0045_0015" 5712
"/Engine/EngineMaterials/Substrate/GLints/dict_16_192_64_0p5_0p02_0045_0013" 5713
"/Engine/EngineMaterials/Substrate/GLints/dict_16_192_64_0p5_0p02_0045_0012" 5714
"/Engine/EngineMaterials/Substrate/GLints/dict_16_192_64_0p5_0p02_0046_0002" 5715
"/Engine/EngineMaterials/Substrate/GLints/dict_16_192_64_0p5_0p02_0046_0004" 5716
"../../../Engine/Content/EngineMaterials/Substrate/GLints/dict_16_192_64_0p5_0p02_0043_0010.uasset" 5717
"../../../Engine/Content/EngineMaterials/Substrate/GLints/dict_16_192_64_0p5_0p02_0046_0006.uasset" 5718
"../../../Engine/Content/EngineMaterials/Substrate/GLints/dict_16_192_64_0p5_0p02_0046_0007.uasset" 5719
"../../../Engine/Content/EngineMaterials/Substrate/GLints/dict_16_192_64_0p5_0p02_0046_0008.uasset" 5720
"../../../Engine/Content/EngineMaterials/Substrate/GLints/dict_16_192_64_0p5_0p02_0046_0009.uasset" 5721
"../../../Engine/Content/EngineMaterials/Substrate/GLints/dict_16_192_64_0p5_0p02_0046_0011.uasset" 5722
"../../../Engine/Content/EngineMaterials/Substrate/GLints/dict_16_192_64_0p5_0p02_0046_0013.uasset" 5723
"/Engine/EngineMaterials/Substrate/GLints/dict_16_192_64_0p5_0p02_0046_0009" 5724
"../../../Engine/Content/EngineMaterials/Substrate/GLints/dict_16_192_64_0p5_0p02_0046_0014.uasset" 5725
"/Engine/EngineMaterials/Substrate/GLints/dict_16_192_64_0p5_0p02_0046_0008" 5726
"/Engine/EngineMaterials/Substrate/GLints/dict_16_192_64_0p5_0p02_0046_0007" 5727
"/Engine/EngineMaterials/Substrate/GLints/dict_16_192_64_0p5_0p02_0046_0011" 5728
"/Engine/EngineMaterials/Substrate/GLints/dict_16_192_64_0p5_0p02_0043_0010" 5729
"/Engine/EngineMaterials/Substrate/GLints/dict_16_192_64_0p5_0p02_0046_0006" 5730
"/Engine/EngineMaterials/Substrate/GLints/dict_16_192_64_0p5_0p02_0046_0014" 5731
"/Engine/EngineMaterials/Substrate/GLints/dict_16_192_64_0p5_0p02_0046_0013" 5732
"../../../Engine/Content/EngineMaterials/Substrate/GLints/dict_16_192_64_0p5_0p02_0046_0015.uasset" 5733
"../../../Engine/Content/EngineMaterials/Substrate/GLints/dict_16_192_64_0p5_0p02_0047_0000.uasset" 5734
"../../../Engine/Content/EngineMaterials/Substrate/GLints/dict_16_192_64_0p5_0p02_0047_0001.uasset" 5735
"../../../Engine/Content/EngineMaterials/Substrate/GLints/dict_16_192_64_0p5_0p02_0047_0002.uasset" 5736
"../../../Engine/Content/EngineMaterials/Substrate/GLints/dict_16_192_64_0p5_0p02_0047_0003.uasset" 5737
"/Engine/EngineMaterials/Substrate/GLints/dict_16_192_64_0p5_0p02_0047_0001" 5738
"/Engine/EngineMaterials/Substrate/GLints/dict_16_192_64_0p5_0p02_0047_0002" 5739
"/Engine/EngineMaterials/Substrate/GLints/dict_16_192_64_0p5_0p02_0047_0003" 5740
"/Engine/EngineMaterials/Substrate/GLints/dict_16_192_64_0p5_0p02_0047_0000" 5741
"/Engine/EngineMaterials/Substrate/GLints/dict_16_192_64_0p5_0p02_0046_0015" 5742
"../../../Engine/Content/EngineMaterials/Substrate/GLints/dict_16_192_64_0p5_0p02_0047_0004.uasset" 5743
"../../../Engine/Content/EngineMaterials/Substrate/GLints/dict_16_192_64_0p5_0p02_0039_0003.uasset" 5744
"../../../Engine/Content/EngineMaterials/Substrate/GLints/dict_16_192_64_0p5_0p02_0047_0005.uasset" 5745
"../../../Engine/Content/EngineMaterials/Substrate/GLints/dict_16_192_64_0p5_0p02_0047_0006.uasset" 5746
"../../../Engine/Content/EngineMaterials/Substrate/GLints/dict_16_192_64_0p5_0p02_0047_0007.uasset" 5747
"../../../Engine/Content/EngineMaterials/Substrate/GLints/dict_16_192_64_0p5_0p02_0046_0012.uasset" 5748
"/Engine/EngineMaterials/Substrate/GLints/dict_16_192_64_0p5_0p02_0047_0004" 5749
"../../../Engine/Content/EngineMaterials/Substrate/GLints/dict_16_192_64_0p5_0p02_0047_0008.uasset" 5750
"/Engine/EngineMaterials/Substrate/GLints/dict_16_192_64_0p5_0p02_0047_0006" 5751
"/Engine/EngineMaterials/Substrate/GLints/dict_16_192_64_0p5_0p02_0047_0005" 5752
"/Engine/EngineMaterials/Substrate/GLints/dict_16_192_64_0p5_0p02_0046_0012" 5753
"/Engine/EngineMaterials/Substrate/GLints/dict_16_192_64_0p5_0p02_0039_0003" 5754
"/Engine/EngineMaterials/Substrate/GLints/dict_16_192_64_0p5_0p02_0047_0007" 5755
"../../../Engine/Content/EngineMaterials/Substrate/GLints/dict_16_192_64_0p5_0p02_0047_0011.uasset" 5756
"../../../Engine/Content/EngineMaterials/Substrate/GLints/dict_16_192_64_0p5_0p02_0047_0009.uasset" 5757
"/Engine/EngineMaterials/Substrate/GLints/dict_16_192_64_0p5_0p02_0047_0011" 5758
"/Engine/EngineMaterials/Substrate/GLints/dict_16_192_64_0p5_0p02_0047_0009" 5759
"/Engine/EngineMaterials/Substrate/GLints/dict_16_192_64_0p5_0p02_0047_0008" 5760
"../../../Engine/Content/EngineMaterials/Substrate/GLints/dict_16_192_64_0p5_0p02_0047_0012.uasset" 5761
"/Engine/EngineMaterials/Substrate/GLints/dict_16_192_64_0p5_0p02_0047_0012" 5762
"../../../Engine/Content/EngineMaterials/Substrate/GLints/dict_16_192_64_0p5_0p02_0047_0013.uasset" 5763
"../../../Engine/Content/EngineMaterials/Substrate/GLints/dict_16_192_64_0p5_0p02_0047_0015.uasset" 5764
"../../../Engine/Content/EngineMaterials/Substrate/GLints/dict_16_192_64_0p5_0p02_0048_0002.uasset" 5765
"../../../Engine/Content/EngineMaterials/Substrate/GLints/dict_16_192_64_0p5_0p02_0048_0000.uasset" 5766
"/Engine/EngineMaterials/Substrate/GLints/dict_16_192_64_0p5_0p02_0048_0002" 5767
"../../../Engine/Content/EngineMaterials/Substrate/GLints/dict_16_192_64_0p5_0p02_0048_0001.uasset" 5768
"/Engine/EngineMaterials/Substrate/GLints/dict_16_192_64_0p5_0p02_0048_0000" 5769
"/Engine/EngineMaterials/Substrate/GLints/dict_16_192_64_0p5_0p02_0047_0013" 5770
"/Engine/EngineMaterials/Substrate/GLints/dict_16_192_64_0p5_0p02_0047_0015" 5771
"/Engine/EngineMaterials/Substrate/GLints/dict_16_192_64_0p5_0p02_0048_0001" 5772
"../../../Engine/Content/EngineMaterials/Substrate/GLints/dict_16_192_64_0p5_0p02_0048_0003.uasset" 5773
"../../../Engine/Content/EngineMaterials/Substrate/GLints/dict_16_192_64_0p5_0p02_0048_0005.uasset" 5774
"../../../Engine/Content/EngineMaterials/Substrate/GLints/dict_16_192_64_0p5_0p02_0048_0004.uasset" 5775
"../../../Engine/Content/EngineMaterials/Substrate/GLints/dict_16_192_64_0p5_0p02_0048_0006.uasset" 5776
"../../../Engine/Content/EngineMaterials/Substrate/GLints/dict_16_192_64_0p5_0p02_0048_0007.uasset" 5777
"/Engine/EngineMaterials/Substrate/GLints/dict_16_192_64_0p5_0p02_0048_0005" 5778
"/Engine/EngineMaterials/Substrate/GLints/dict_16_192_64_0p5_0p02_0048_0003" 5779
"/Engine/EngineMaterials/Substrate/GLints/dict_16_192_64_0p5_0p02_0048_0004" 5780
"../../../Engine/Content/EngineMaterials/Substrate/GLints/dict_16_192_64_0p5_0p02_0048_0009.uasset" 5781
"/Engine/EngineMaterials/Substrate/GLints/dict_16_192_64_0p5_0p02_0048_0007" 5782
"../../../Engine/Content/EngineMaterials/Substrate/GLints/dict_16_192_64_0p5_0p02_0048_0011.uasset" 5783
"/Engine/EngineMaterials/Substrate/GLints/dict_16_192_64_0p5_0p02_0048_0006" 5784
"/Engine/EngineMaterials/Substrate/GLints/dict_16_192_64_0p5_0p02_0048_0009" 5785
"/Engine/EngineMaterials/Substrate/GLints/dict_16_192_64_0p5_0p02_0048_0011" 5786
"../../../Engine/Content/EngineMaterials/Substrate/GLints/dict_16_192_64_0p5_0p02_0048_0008.uasset" 5787
"/Engine/EngineMaterials/Substrate/GLints/dict_16_192_64_0p5_0p02_0048_0008" 5788
"../../../Engine/Content/EngineMaterials/Substrate/GLints/dict_16_192_64_0p5_0p02_0048_0010.uasset" 5789
"../../../Engine/Content/EngineMaterials/Substrate/GLints/dict_16_192_64_0p5_0p02_0048_0012.uasset" 5790
"../../../Engine/Content/EngineMaterials/Substrate/GLints/dict_16_192_64_0p5_0p02_0048_0013.uasset" 5791
"../../../Engine/Content/EngineMaterials/Substrate/GLints/dict_16_192_64_0p5_0p02_0048_0014.uasset" 5792
"/Engine/EngineMaterials/Substrate/GLints/dict_16_192_64_0p5_0p02_0048_0010" 5793
"../../../Engine/Content/EngineMaterials/Substrate/GLints/dict_16_192_64_0p5_0p02_0048_0015.uasset" 5794
"/Engine/EngineMaterials/Substrate/GLints/dict_16_192_64_0p5_0p02_0048_0014" 5795
"../../../Engine/Content/EngineMaterials/Substrate/GLints/dict_16_192_64_0p5_0p02_0045_0014.uasset" 5796
"/Engine/EngineMaterials/Substrate/GLints/dict_16_192_64_0p5_0p02_0048_0013" 5797
"/Engine/EngineMaterials/Substrate/GLints/dict_16_192_64_0p5_0p02_0048_0012" 5798
"/Engine/EngineMaterials/Substrate/GLints/dict_16_192_64_0p5_0p02_0048_0015" 5799
"../../../Engine/Content/EngineMaterials/Substrate/GLints/dict_16_192_64_0p5_0p02_0049_0000.uasset" 5800
"/Engine/EngineMaterials/Substrate/GLints/dict_16_192_64_0p5_0p02_0045_0014" 5801
"/Engine/EngineMaterials/Substrate/GLints/dict_16_192_64_0p5_0p02_0049_0000" 5802
"../../../Engine/Content/EngineMaterials/Substrate/GLints/dict_16_192_64_0p5_0p02_0049_0003.uasset" 5803
"../../../Engine/Content/EngineMaterials/Substrate/GLints/dict_16_192_64_0p5_0p02_0049_0002.uasset" 5804
"../../../Engine/Content/EngineMaterials/Substrate/GLints/dict_16_192_64_0p5_0p02_0049_0001.uasset" 5805
"/Engine/EngineMaterials/Substrate/GLints/dict_16_192_64_0p5_0p02_0049_0003" 5806
"../../../Engine/Content/EngineMaterials/Substrate/GLints/dict_16_192_64_0p5_0p02_0049_0004.uasset" 5807
"../../../Engine/Content/EngineMaterials/Substrate/GLints/dict_16_192_64_0p5_0p02_0049_0006.uasset" 5808
"/Engine/EngineMaterials/Substrate/GLints/dict_16_192_64_0p5_0p02_0049_0002" 5809
"../../../Engine/Content/EngineMaterials/Substrate/GLints/dict_16_192_64_0p5_0p02_0046_0001.uasset" 5810
"/Engine/EngineMaterials/Substrate/GLints/dict_16_192_64_0p5_0p02_0049_0001" 5811
"/Engine/EngineMaterials/Substrate/GLints/dict_16_192_64_0p5_0p02_0046_0001" 5812
"/Engine/EngineMaterials/Substrate/GLints/dict_16_192_64_0p5_0p02_0049_0006" 5813
"/Engine/EngineMaterials/Substrate/GLints/dict_16_192_64_0p5_0p02_0049_0004" 5814
"../../../Engine/Content/EngineMaterials/Substrate/GLints/dict_16_192_64_0p5_0p02_0049_0007.uasset" 5815
"../../../Engine/Content/EngineMaterials/Substrate/GLints/dict_16_192_64_0p5_0p02_0049_0008.uasset" 5816
"../../../Engine/Content/EngineMaterials/Substrate/GLints/dict_16_192_64_0p5_0p02_0049_0009.uasset" 5817
"../../../Engine/Content/EngineMaterials/Substrate/GLints/dict_16_192_64_0p5_0p02_0049_0011.uasset" 5818
"../../../Engine/Content/EngineMaterials/Substrate/GLints/dict_16_192_64_0p5_0p02_0049_0010.uasset" 5819
"/Engine/EngineMaterials/Substrate/GLints/dict_16_192_64_0p5_0p02_0049_0008" 5820
"/Engine/EngineMaterials/Substrate/GLints/dict_16_192_64_0p5_0p02_0049_0009" 5821
"/Engine/EngineMaterials/Substrate/GLints/dict_16_192_64_0p5_0p02_0049_0007" 5822
"/Engine/EngineMaterials/Substrate/GLints/dict_16_192_64_0p5_0p02_0049_0011" 5823
"/Engine/EngineMaterials/Substrate/GLints/dict_16_192_64_0p5_0p02_0049_0010" 5824
"../../../Engine/Content/EngineMaterials/Substrate/GLints/dict_16_192_64_0p5_0p02_0049_0013.uasset" 5825
"../../../Engine/Content/EngineMaterials/Substrate/GLints/dict_16_192_64_0p5_0p02_0049_0014.uasset" 5826
"/Engine/EngineMaterials/Substrate/GLints/dict_16_192_64_0p5_0p02_0049_0014" 5827
"../../../Engine/Content/EngineMaterials/Substrate/GLints/dict_16_192_64_0p5_0p02_0049_0015.uasset" 5828
"/Engine/EngineMaterials/Substrate/GLints/dict_16_192_64_0p5_0p02_0049_0013" 5829
"/Engine/EngineMaterials/Substrate/GLints/dict_16_192_64_0p5_0p02_0049_0015" 5830
"../../../Engine/Content/EngineMaterials/Substrate/GLints/dict_16_192_64_0p5_0p02_0050_0000.uasset" 5831
"../../../Engine/Content/EngineMaterials/Substrate/GLints/dict_16_192_64_0p5_0p02_0050_0001.uasset" 5832
"../../../Engine/Content/EngineMaterials/Substrate/GLints/dict_16_192_64_0p5_0p02_0050_0003.uasset" 5833
"../../../Engine/Content/EngineMaterials/Substrate/GLints/dict_16_192_64_0p5_0p02_0050_0002.uasset" 5834
"/Engine/EngineMaterials/Substrate/GLints/dict_16_192_64_0p5_0p02_0050_0000" 5835
"/Engine/EngineMaterials/Substrate/GLints/dict_16_192_64_0p5_0p02_0050_0003" 5836
"/Engine/EngineMaterials/Substrate/GLints/dict_16_192_64_0p5_0p02_0050_0001" 5837
"/Engine/EngineMaterials/Substrate/GLints/dict_16_192_64_0p5_0p02_0050_0002" 5838
"../../../Engine/Content/EngineMaterials/Substrate/GLints/dict_16_192_64_0p5_0p02_0050_0004.uasset" 5839
"../../../Engine/Content/EngineMaterials/Substrate/GLints/dict_16_192_64_0p5_0p02_0050_0005.uasset" 5840
"../../../Engine/Content/EngineMaterials/Substrate/GLints/dict_16_192_64_0p5_0p02_0050_0006.uasset" 5841
"../../../Engine/Content/EngineMaterials/Substrate/GLints/dict_16_192_64_0p5_0p02_0049_0012.uasset" 5842
"../../../Engine/Content/EngineMaterials/Substrate/GLints/dict_16_192_64_0p5_0p02_0050_0007.uasset" 5843
"../../../Engine/Content/EngineMaterials/Substrate/GLints/dict_16_192_64_0p5_0p02_0050_0008.uasset" 5844
"../../../Engine/Content/EngineMaterials/Substrate/GLints/dict_16_192_64_0p5_0p02_0050_0009.uasset" 5845
"/Engine/EngineMaterials/Substrate/GLints/dict_16_192_64_0p5_0p02_0050_0005" 5846
"/Engine/EngineMaterials/Substrate/GLints/dict_16_192_64_0p5_0p02_0050_0008" 5847
"/Engine/EngineMaterials/Substrate/GLints/dict_16_192_64_0p5_0p02_0049_0012" 5848
"/Engine/EngineMaterials/Substrate/GLints/dict_16_192_64_0p5_0p02_0050_0007" 5849
"/Engine/EngineMaterials/Substrate/GLints/dict_16_192_64_0p5_0p02_0050_0004" 5850
"/Engine/EngineMaterials/Substrate/GLints/dict_16_192_64_0p5_0p02_0050_0006" 5851
"/Engine/EngineMaterials/Substrate/GLints/dict_16_192_64_0p5_0p02_0050_0009" 5852
"../../../Engine/Content/EngineMaterials/Substrate/GLints/dict_16_192_64_0p5_0p02_0050_0010.uasset" 5853
"../../../Engine/Content/EngineMaterials/Substrate/GLints/dict_16_192_64_0p5_0p02_0050_0011.uasset" 5854
"../../../Engine/Content/EngineMaterials/Substrate/GLints/dict_16_192_64_0p5_0p02_0050_0013.uasset" 5855
"../../../Engine/Content/EngineMaterials/Substrate/GLints/dict_16_192_64_0p5_0p02_0050_0012.uasset" 5856
"../../../Engine/Content/EngineMaterials/Substrate/GLints/dict_16_192_64_0p5_0p02_0050_0014.uasset" 5857
"../../../Engine/Content/EngineMaterials/Substrate/GLints/dict_16_192_64_0p5_0p02_0050_0015.uasset" 5858
"/Engine/EngineMaterials/Substrate/GLints/dict_16_192_64_0p5_0p02_0050_0014" 5859
"/Engine/EngineMaterials/Substrate/GLints/dict_16_192_64_0p5_0p02_0050_0013" 5860
"../../../Engine/Content/EngineMaterials/Substrate/GLints/dict_16_192_64_0p5_0p02_0051_0001.uasset" 5861
"../../../Engine/Content/EngineMaterials/Substrate/GLints/dict_16_192_64_0p5_0p02_0051_0000.uasset" 5862
"/Engine/EngineMaterials/Substrate/GLints/dict_16_192_64_0p5_0p02_0050_0012" 5863
"/Engine/EngineMaterials/Substrate/GLints/dict_16_192_64_0p5_0p02_0050_0011" 5864
"/Engine/EngineMaterials/Substrate/GLints/dict_16_192_64_0p5_0p02_0050_0010" 5865
"/Engine/EngineMaterials/Substrate/GLints/dict_16_192_64_0p5_0p02_0051_0001" 5866
"/Engine/EngineMaterials/Substrate/GLints/dict_16_192_64_0p5_0p02_0051_0000" 5867
"../../../Engine/Content/EngineMaterials/Substrate/GLints/dict_16_192_64_0p5_0p02_0051_0002.uasset" 5868
"/Engine/EngineMaterials/Substrate/GLints/dict_16_192_64_0p5_0p02_0050_0015" 5869
"/Engine/EngineMaterials/Substrate/GLints/dict_16_192_64_0p5_0p02_0051_0002" 5870
"../../../Engine/Content/EngineMaterials/Substrate/GLints/dict_16_192_64_0p5_0p02_0051_0003.uasset" 5871
"../../../Engine/Content/EngineMaterials/Substrate/GLints/dict_16_192_64_0p5_0p02_0051_0007.uasset" 5872
"../../../Engine/Content/EngineMaterials/Substrate/GLints/dict_16_192_64_0p5_0p02_0051_0006.uasset" 5873
"../../../Engine/Content/EngineMaterials/Substrate/GLints/dict_16_192_64_0p5_0p02_0051_0004.uasset" 5874
"/Engine/EngineMaterials/Substrate/GLints/dict_16_192_64_0p5_0p02_0051_0003" 5875
"../../../Engine/Content/EngineMaterials/Substrate/GLints/dict_16_192_64_0p5_0p02_0051_0008.uasset" 5876
"/Engine/EngineMaterials/Substrate/GLints/dict_16_192_64_0p5_0p02_0051_0007" 5877
"/Engine/EngineMaterials/Substrate/GLints/dict_16_192_64_0p5_0p02_0051_0006" 5878
"/Engine/EngineMaterials/Substrate/GLints/dict_16_192_64_0p5_0p02_0051_0004" 5879
"/Engine/EngineMaterials/Substrate/GLints/dict_16_192_64_0p5_0p02_0051_0008" 5880
"../../../Engine/Content/EngineMaterials/Substrate/GLints/dict_16_192_64_0p5_0p02_0051_0009.uasset" 5881
"../../../Engine/Content/EngineMaterials/Substrate/GLints/dict_16_192_64_0p5_0p02_0051_0011.uasset" 5882
"../../../Engine/Content/EngineMaterials/Substrate/GLints/dict_16_192_64_0p5_0p02_0051_0010.uasset" 5883
"../../../Engine/Content/EngineMaterials/Substrate/GLints/dict_16_192_64_0p5_0p02_0051_0013.uasset" 5884
"/Engine/EngineMaterials/Substrate/GLints/dict_16_192_64_0p5_0p02_0051_0010" 5885
"../../../Engine/Content/EngineMaterials/Substrate/GLints/dict_16_192_64_0p5_0p02_0051_0012.uasset" 5886
"/Engine/EngineMaterials/Substrate/GLints/dict_16_192_64_0p5_0p02_0051_0013" 5887
"/Engine/EngineMaterials/Substrate/GLints/dict_16_192_64_0p5_0p02_0051_0009" 5888
"/Engine/EngineMaterials/Substrate/GLints/dict_16_192_64_0p5_0p02_0051_0011" 5889
"/Engine/EngineMaterials/Substrate/GLints/dict_16_192_64_0p5_0p02_0051_0012" 5890
"../../../Engine/Content/EngineMaterials/Substrate/GLints/dict_16_192_64_0p5_0p02_0052_0000.uasset" 5891
"../../../Engine/Content/EngineMaterials/Substrate/GLints/dict_16_192_64_0p5_0p02_0051_0014.uasset" 5892
"../../../Engine/Content/EngineMaterials/Substrate/GLints/dict_16_192_64_0p5_0p02_0051_0015.uasset" 5893
"../../../Engine/Content/EngineMaterials/Substrate/GLints/dict_16_192_64_0p5_0p02_0052_0001.uasset" 5894
"/Engine/EngineMaterials/Substrate/GLints/dict_16_192_64_0p5_0p02_0052_0001" 5895
"/Engine/EngineMaterials/Substrate/GLints/dict_16_192_64_0p5_0p02_0052_0000" 5896
"../../../Engine/Content/EngineMaterials/Substrate/GLints/dict_16_192_64_0p5_0p02_0052_0002.uasset" 5897
"/Engine/EngineMaterials/Substrate/GLints/dict_16_192_64_0p5_0p02_0051_0015" 5898
"/Engine/EngineMaterials/Substrate/GLints/dict_16_192_64_0p5_0p02_0051_0014" 5899
"/Engine/EngineMaterials/Substrate/GLints/dict_16_192_64_0p5_0p02_0052_0002" 5900
"../../../Engine/Content/EngineMaterials/Substrate/GLints/dict_16_192_64_0p5_0p02_0052_0003.uasset" 5901
"../../../Engine/Content/EngineMaterials/Substrate/GLints/dict_16_192_64_0p5_0p02_0052_0004.uasset" 5902
"../../../Engine/Content/EngineMaterials/Substrate/GLints/dict_16_192_64_0p5_0p02_0052_0005.uasset" 5903
"../../../Engine/Content/EngineMaterials/Substrate/GLints/dict_16_192_64_0p5_0p02_0052_0006.uasset" 5904
"/Engine/EngineMaterials/Substrate/GLints/dict_16_192_64_0p5_0p02_0052_0006" 5905
"/Engine/EngineMaterials/Substrate/GLints/dict_16_192_64_0p5_0p02_0052_0005" 5906
"/Engine/EngineMaterials/Substrate/GLints/dict_16_192_64_0p5_0p02_0052_0004" 5907
"/Engine/EngineMaterials/Substrate/GLints/dict_16_192_64_0p5_0p02_0052_0003" 5908
"../../../Engine/Content/EngineMaterials/Substrate/GLints/dict_16_192_64_0p5_0p02_0052_0007.uasset" 5909
"../../../Engine/Content/EngineMaterials/Substrate/GLints/dict_16_192_64_0p5_0p02_0052_0010.uasset" 5910
"../../../Engine/Content/EngineMaterials/Substrate/GLints/dict_16_192_64_0p5_0p02_0052_0009.uasset" 5911
"../../../Engine/Content/EngineMaterials/Substrate/GLints/dict_16_192_64_0p5_0p02_0052_0008.uasset" 5912
"../../../Engine/Content/EngineMaterials/Substrate/GLints/dict_16_192_64_0p5_0p02_0052_0011.uasset" 5913
"/Engine/EngineMaterials/Substrate/GLints/dict_16_192_64_0p5_0p02_0052_0010" 5914
"/Engine/EngineMaterials/Substrate/GLints/dict_16_192_64_0p5_0p02_0052_0009" 5915
"/Engine/EngineMaterials/Substrate/GLints/dict_16_192_64_0p5_0p02_0052_0008" 5916
"/Engine/EngineMaterials/Substrate/GLints/dict_16_192_64_0p5_0p02_0052_0007" 5917
"/Engine/EngineMaterials/Substrate/GLints/dict_16_192_64_0p5_0p02_0052_0011" 5918
"../../../Engine/Content/EngineMaterials/Substrate/GLints/dict_16_192_64_0p5_0p02_0052_0012.uasset" 5919
"../../../Engine/Content/EngineMaterials/Substrate/GLints/dict_16_192_64_0p5_0p02_0052_0013.uasset" 5920
"../../../Engine/Content/EngineMaterials/Substrate/GLints/dict_16_192_64_0p5_0p02_0040_0015.uasset" 5921
"../../../Engine/Content/EngineMaterials/Substrate/GLints/dict_16_192_64_0p5_0p02_0046_0010.uasset" 5922
"../../../Engine/Content/EngineMaterials/Substrate/GLints/dict_16_192_64_0p5_0p02_0052_0014.uasset" 5923
"../../../Engine/Content/EngineMaterials/Substrate/GLints/dict_16_192_64_0p5_0p02_0053_0000.uasset" 5924
"/Engine/EngineMaterials/Substrate/GLints/dict_16_192_64_0p5_0p02_0052_0013" 5925
"/Engine/EngineMaterials/Substrate/GLints/dict_16_192_64_0p5_0p02_0052_0014" 5926
"../../../Engine/Content/EngineMaterials/Substrate/GLints/dict_16_192_64_0p5_0p02_0053_0001.uasset" 5927
"/Engine/EngineMaterials/Substrate/GLints/dict_16_192_64_0p5_0p02_0052_0012" 5928
"/Engine/EngineMaterials/Substrate/GLints/dict_16_192_64_0p5_0p02_0040_0015" 5929
"/Engine/EngineMaterials/Substrate/GLints/dict_16_192_64_0p5_0p02_0046_0010" 5930
"../../../Engine/Content/EngineMaterials/Substrate/GLints/dict_16_192_64_0p5_0p02_0052_0015.uasset" 5931
"/Engine/EngineMaterials/Substrate/GLints/dict_16_192_64_0p5_0p02_0053_0000" 5932
"/Engine/EngineMaterials/Substrate/GLints/dict_16_192_64_0p5_0p02_0052_0015" 5933
"/Engine/EngineMaterials/Substrate/GLints/dict_16_192_64_0p5_0p02_0053_0001" 5934
"../../../Engine/Content/EngineMaterials/Substrate/GLints/dict_16_192_64_0p5_0p02_0053_0005.uasset" 5935
"../../../Engine/Content/EngineMaterials/Substrate/GLints/dict_16_192_64_0p5_0p02_0053_0006.uasset" 5936
"../../../Engine/Content/EngineMaterials/Substrate/GLints/dict_16_192_64_0p5_0p02_0053_0002.uasset" 5937
"../../../Engine/Content/EngineMaterials/Substrate/GLints/dict_16_192_64_0p5_0p02_0053_0007.uasset" 5938
"../../../Engine/Content/EngineMaterials/Substrate/GLints/dict_16_192_64_0p5_0p02_0049_0005.uasset" 5939
"/Engine/EngineMaterials/Substrate/GLints/dict_16_192_64_0p5_0p02_0053_0007" 5940
"/Engine/EngineMaterials/Substrate/GLints/dict_16_192_64_0p5_0p02_0053_0006" 5941
"/Engine/EngineMaterials/Substrate/GLints/dict_16_192_64_0p5_0p02_0053_0005" 5942
"/Engine/EngineMaterials/Substrate/GLints/dict_16_192_64_0p5_0p02_0053_0002" 5943
"/Engine/EngineMaterials/Substrate/GLints/dict_16_192_64_0p5_0p02_0049_0005" 5944
"../../../Engine/Content/EngineMaterials/Substrate/GLints/dict_16_192_64_0p5_0p02_0053_0009.uasset" 5945
"../../../Engine/Content/EngineMaterials/Substrate/GLints/dict_16_192_64_0p5_0p02_0053_0010.uasset" 5946
"/Engine/EngineMaterials/Substrate/GLints/dict_16_192_64_0p5_0p02_0053_0010" 5947
"/Engine/EngineMaterials/Substrate/GLints/dict_16_192_64_0p5_0p02_0053_0009" 5948
"../../../Engine/Content/EngineMaterials/Substrate/GLints/dict_16_192_64_0p5_0p02_0053_0011.uasset" 5949
"../../../Engine/Content/EngineMaterials/Substrate/GLints/dict_16_192_64_0p5_0p02_0053_0013.uasset" 5950
"../../../Engine/Content/EngineMaterials/Substrate/GLints/dict_16_192_64_0p5_0p02_0046_0000.uasset" 5951
"/Engine/EngineMaterials/Substrate/GLints/dict_16_192_64_0p5_0p02_0053_0013" 5952
"../../../Engine/Content/EngineMaterials/Substrate/GLints/dict_16_192_64_0p5_0p02_0053_0014.uasset" 5953
"../../../Engine/Content/EngineMaterials/Substrate/GLints/dict_16_192_64_0p5_0p02_0053_0015.uasset" 5954
"/Engine/EngineMaterials/Substrate/GLints/dict_16_192_64_0p5_0p02_0053_0011" 5955
"/Engine/EngineMaterials/Substrate/GLints/dict_16_192_64_0p5_0p02_0046_0000" 5956
"/Engine/EngineMaterials/Substrate/GLints/dict_16_192_64_0p5_0p02_0053_0015" 5957
"../../../Engine/Content/EngineMaterials/Substrate/GLints/dict_16_192_64_0p5_0p02_0054_0000.uasset" 5958
"/Engine/EngineMaterials/Substrate/GLints/dict_16_192_64_0p5_0p02_0053_0014" 5959
"/Engine/EngineMaterials/Substrate/GLints/dict_16_192_64_0p5_0p02_0054_0000" 5960
"../../../Engine/Content/EngineMaterials/Substrate/GLints/dict_16_192_64_0p5_0p02_0046_0005.uasset" 5961
"../../../Engine/Content/EngineMaterials/Substrate/GLints/dict_16_192_64_0p5_0p02_0047_0014.uasset" 5962
"../../../Engine/Content/EngineMaterials/Substrate/GLints/dict_16_192_64_0p5_0p02_0051_0005.uasset" 5963
"../../../Engine/Content/EngineMaterials/Substrate/GLints/dict_16_192_64_0p5_0p02_0054_0004.uasset" 5964
"../../../Engine/Content/EngineMaterials/Substrate/GLints/dict_16_192_64_0p5_0p02_0054_0003.uasset" 5965
"../../../Engine/Content/EngineMaterials/Substrate/GLints/dict_16_192_64_0p5_0p02_0054_0005.uasset" 5966
"/Engine/EngineMaterials/Substrate/GLints/dict_16_192_64_0p5_0p02_0051_0005" 5967
"/Engine/EngineMaterials/Substrate/GLints/dict_16_192_64_0p5_0p02_0046_0005" 5968
"/Engine/EngineMaterials/Substrate/GLints/dict_16_192_64_0p5_0p02_0054_0004" 5969
"/Engine/EngineMaterials/Substrate/GLints/dict_16_192_64_0p5_0p02_0054_0003" 5970
"/Engine/EngineMaterials/Substrate/GLints/dict_16_192_64_0p5_0p02_0047_0014" 5971
"/Engine/EngineMaterials/Substrate/GLints/dict_16_192_64_0p5_0p02_0054_0005" 5972
"../../../Engine/Content/EngineMaterials/Substrate/GLints/dict_16_192_64_0p5_0p02_0054_0001.uasset" 5973
"../../../Engine/Content/EngineMaterials/Substrate/GLints/dict_16_192_64_0p5_0p02_0054_0009.uasset" 5974
"../../../Engine/Content/EngineMaterials/Substrate/GLints/dict_16_192_64_0p5_0p02_0054_0010.uasset" 5975
"../../../Engine/Content/EngineMaterials/Substrate/GLints/dict_16_192_64_0p5_0p02_0053_0003.uasset" 5976
"/Engine/EngineMaterials/Substrate/GLints/dict_16_192_64_0p5_0p02_0054_0010" 5977
"/Engine/EngineMaterials/Substrate/GLints/dict_16_192_64_0p5_0p02_0053_0003" 5978
"/Engine/EngineMaterials/Substrate/GLints/dict_16_192_64_0p5_0p02_0054_0009" 5979
"../../../Engine/Content/EngineMaterials/Substrate/GLints/dict_16_192_64_0p5_0p02_0054_0011.uasset" 5980
"/Engine/EngineMaterials/Substrate/GLints/dict_16_192_64_0p5_0p02_0054_0001" 5981
"/Engine/EngineMaterials/Substrate/GLints/dict_16_192_64_0p5_0p02_0054_0011" 5982
"../../../Engine/Content/EngineMaterials/Substrate/GLints/dict_16_192_64_0p5_0p02_0054_0013.uasset" 5983
"../../../Engine/Content/EngineMaterials/Substrate/GLints/dict_16_192_64_0p5_0p02_0054_0014.uasset" 5984
"../../../Engine/Content/EngineMaterials/Substrate/GLints/dict_16_192_64_0p5_0p02_0053_0004.uasset" 5985
"../../../Engine/Content/EngineMaterials/Substrate/GLints/dict_16_192_64_0p5_0p02_0053_0008.uasset" 5986
"../../../Engine/Content/EngineMaterials/Substrate/GLints/dict_16_192_64_0p5_0p02_0055_0000.uasset" 5987
"/Engine/EngineMaterials/Substrate/GLints/dict_16_192_64_0p5_0p02_0053_0008" 5988
"/Engine/EngineMaterials/Substrate/GLints/dict_16_192_64_0p5_0p02_0054_0014" 5989
"../../../Engine/Content/EngineMaterials/Substrate/GLints/dict_16_192_64_0p5_0p02_0055_0002.uasset" 5990
"../../../Engine/Content/EngineMaterials/Substrate/GLints/dict_16_192_64_0p5_0p02_0055_0001.uasset" 5991
"/Engine/EngineMaterials/Substrate/GLints/dict_16_192_64_0p5_0p02_0054_0013" 5992
"/Engine/EngineMaterials/Substrate/GLints/dict_16_192_64_0p5_0p02_0053_0004" 5993
"/Engine/EngineMaterials/Substrate/GLints/dict_16_192_64_0p5_0p02_0055_0000" 5994
"/Engine/EngineMaterials/Substrate/GLints/dict_16_192_64_0p5_0p02_0055_0001" 5995
"/Engine/EngineMaterials/Substrate/GLints/dict_16_192_64_0p5_0p02_0055_0002" 5996
"../../../Engine/Content/EngineMaterials/Substrate/GLints/dict_16_192_64_0p5_0p02_0055_0005.uasset" 5997
"../../../Engine/Content/EngineMaterials/Substrate/GLints/dict_16_192_64_0p5_0p02_0055_0004.uasset" 5998
"../../../Engine/Content/EngineMaterials/Substrate/GLints/dict_16_192_64_0p5_0p02_0053_0012.uasset" 5999
"../../../Engine/Content/EngineMaterials/Substrate/GLints/dict_16_192_64_0p5_0p02_0055_0007.uasset" 6000
"../../../Engine/Content/EngineMaterials/Substrate/GLints/dict_16_192_64_0p5_0p02_0055_0006.uasset" 6001
"/Engine/EngineMaterials/Substrate/GLints/dict_16_192_64_0p5_0p02_0055_0004" 6002
"/Engine/EngineMaterials/Substrate/GLints/dict_16_192_64_0p5_0p02_0053_0012" 6003
"/Engine/EngineMaterials/Substrate/GLints/dict_16_192_64_0p5_0p02_0055_0007" 6004
"/Engine/EngineMaterials/Substrate/GLints/dict_16_192_64_0p5_0p02_0055_0006" 6005
"/Engine/EngineMaterials/Substrate/GLints/dict_16_192_64_0p5_0p02_0055_0005" 6006
"../../../Engine/Content/EngineMaterials/Substrate/GLints/dict_16_192_64_0p5_0p02_0055_0008.uasset" 6007
"../../../Engine/Content/EngineMaterials/Substrate/GLints/dict_16_192_64_0p5_0p02_0055_0003.uasset" 6008
"../../../Engine/Content/EngineMaterials/Substrate/GLints/dict_16_192_64_0p5_0p02_0055_0012.uasset" 6009
"../../../Engine/Content/EngineMaterials/Substrate/GLints/dict_16_192_64_0p5_0p02_0055_0011.uasset" 6010
"/Engine/EngineMaterials/Substrate/GLints/dict_16_192_64_0p5_0p02_0055_0012" 6011
"/Engine/EngineMaterials/Substrate/GLints/dict_16_192_64_0p5_0p02_0055_0011" 6012
"/Engine/EngineMaterials/Substrate/GLints/dict_16_192_64_0p5_0p02_0055_0003" 6013
"/Engine/EngineMaterials/Substrate/GLints/dict_16_192_64_0p5_0p02_0055_0008" 6014
"../../../Engine/Content/EngineMaterials/Substrate/GLints/dict_16_192_64_0p5_0p02_0055_0010.uasset" 6015
"../../../Engine/Content/EngineMaterials/Substrate/GLints/dict_16_192_64_0p5_0p02_0055_0013.uasset" 6016
"../../../Engine/Content/EngineMaterials/Substrate/GLints/dict_16_192_64_0p5_0p02_0055_0015.uasset" 6017
"../../../Engine/Content/EngineMaterials/Substrate/GLints/dict_16_192_64_0p5_0p02_0056_0000.uasset" 6018
"../../../Engine/Content/EngineMaterials/Substrate/GLints/dict_16_192_64_0p5_0p02_0054_0007.uasset" 6019
"../../../Engine/Content/EngineMaterials/Substrate/GLints/dict_16_192_64_0p5_0p02_0055_0009.uasset" 6020
"/Engine/EngineMaterials/Substrate/GLints/dict_16_192_64_0p5_0p02_0056_0000" 6021
"/Engine/EngineMaterials/Substrate/GLints/dict_16_192_64_0p5_0p02_0055_0015" 6022
"/Engine/EngineMaterials/Substrate/GLints/dict_16_192_64_0p5_0p02_0054_0007" 6023
"../../../Engine/Content/EngineMaterials/Substrate/GLints/dict_16_192_64_0p5_0p02_0047_0010.uasset" 6024
"/Engine/EngineMaterials/Substrate/GLints/dict_16_192_64_0p5_0p02_0055_0013" 6025
"/Engine/EngineMaterials/Substrate/GLints/dict_16_192_64_0p5_0p02_0055_0010" 6026
"/Engine/EngineMaterials/Substrate/GLints/dict_16_192_64_0p5_0p02_0055_0009" 6027
"../../../Engine/Content/EngineMaterials/Substrate/GLints/dict_16_192_64_0p5_0p02_0056_0003.uasset" 6028
"../../../Engine/Content/EngineMaterials/Substrate/GLints/dict_16_192_64_0p5_0p02_0056_0002.uasset" 6029
"/Engine/EngineMaterials/Substrate/GLints/dict_16_192_64_0p5_0p02_0047_0010" 6030
"/Engine/EngineMaterials/Substrate/GLints/dict_16_192_64_0p5_0p02_0056_0003" 6031
"/Engine/EngineMaterials/Substrate/GLints/dict_16_192_64_0p5_0p02_0056_0002" 6032
"../../../Engine/Content/EngineMaterials/Substrate/GLints/dict_16_192_64_0p5_0p02_0056_0004.uasset" 6033
"../../../Engine/Content/EngineMaterials/Substrate/GLints/dict_16_192_64_0p5_0p02_0054_0015.uasset" 6034
"../../../Engine/Content/EngineMaterials/Substrate/GLints/dict_16_192_64_0p5_0p02_0054_0012.uasset" 6035
"../../../Engine/Content/EngineMaterials/Substrate/GLints/dict_16_192_64_0p5_0p02_0056_0008.uasset" 6036
"../../../Engine/Content/EngineMaterials/Substrate/GLints/dict_16_192_64_0p5_0p02_0056_0009.uasset" 6037
"/Engine/EngineMaterials/Substrate/GLints/dict_16_192_64_0p5_0p02_0054_0015" 6038
"/Engine/EngineMaterials/Substrate/GLints/dict_16_192_64_0p5_0p02_0054_0012" 6039
"/Engine/EngineMaterials/Substrate/GLints/dict_16_192_64_0p5_0p02_0056_0009" 6040
"/Engine/EngineMaterials/Substrate/GLints/dict_16_192_64_0p5_0p02_0056_0008" 6041
"/Engine/EngineMaterials/Substrate/GLints/dict_16_192_64_0p5_0p02_0056_0004" 6042
"../../../Engine/Content/EngineMaterials/Substrate/GLints/dict_16_192_64_0p5_0p02_0056_0010.uasset" 6043
"../../../Engine/Content/EngineMaterials/Substrate/GLints/dict_16_192_64_0p5_0p02_0056_0013.uasset" 6044
"../../../Engine/Content/EngineMaterials/Substrate/GLints/dict_16_192_64_0p5_0p02_0056_0014.uasset" 6045
"/Engine/EngineMaterials/Substrate/GLints/dict_16_192_64_0p5_0p02_0056_0014" 6046
"/Engine/EngineMaterials/Substrate/GLints/dict_16_192_64_0p5_0p02_0056_0013" 6047
"/Engine/EngineMaterials/Substrate/GLints/dict_16_192_64_0p5_0p02_0056_0010" 6048
"../../../Engine/Content/EngineMaterials/Substrate/GLints/dict_16_192_64_0p5_0p02_0056_0015.uasset" 6049
"../../../Engine/Content/EngineMaterials/Substrate/GLints/dict_16_192_64_0p5_0p02_0054_0008.uasset" 6050
"../../../Engine/Content/EngineMaterials/Substrate/GLints/dict_16_192_64_0p5_0p02_0057_0001.uasset" 6051
"../../../Engine/Content/EngineMaterials/Substrate/GLints/dict_16_192_64_0p5_0p02_0057_0000.uasset" 6052
"../../../Engine/Content/EngineMaterials/Substrate/GLints/dict_16_192_64_0p5_0p02_0055_0014.uasset" 6053
"/Engine/EngineMaterials/Substrate/GLints/dict_16_192_64_0p5_0p02_0054_0008" 6054
"/Engine/EngineMaterials/Substrate/GLints/dict_16_192_64_0p5_0p02_0057_0001" 6055
"/Engine/EngineMaterials/Substrate/GLints/dict_16_192_64_0p5_0p02_0055_0014" 6056
"/Engine/EngineMaterials/Substrate/GLints/dict_16_192_64_0p5_0p02_0057_0000" 6057
"../../../Engine/Content/EngineMaterials/Substrate/GLints/dict_16_192_64_0p5_0p02_0057_0002.uasset" 6058
"/Engine/EngineMaterials/Substrate/GLints/dict_16_192_64_0p5_0p02_0056_0015" 6059
"/Engine/EngineMaterials/Substrate/GLints/dict_16_192_64_0p5_0p02_0057_0002" 6060
"../../../Engine/Content/EngineMaterials/Substrate/GLints/dict_16_192_64_0p5_0p02_0057_0004.uasset" 6061
"../../../Engine/Content/EngineMaterials/Substrate/GLints/dict_16_192_64_0p5_0p02_0057_0005.uasset" 6062
"/Engine/EngineMaterials/Substrate/GLints/dict_16_192_64_0p5_0p02_0057_0005" 6063
"../../../Engine/Content/EngineMaterials/Substrate/GLints/dict_16_192_64_0p5_0p02_0057_0007.uasset" 6064
"/Engine/EngineMaterials/Substrate/GLints/dict_16_192_64_0p5_0p02_0057_0004" 6065
"../../../Engine/Content/EngineMaterials/Substrate/GLints/dict_16_192_64_0p5_0p02_0057_0008.uasset" 6066
"/Engine/EngineMaterials/Substrate/GLints/dict_16_192_64_0p5_0p02_0057_0008" 6067
"../../../Engine/Content/EngineMaterials/Substrate/GLints/dict_16_192_64_0p5_0p02_0057_0009.uasset" 6068
"/Engine/EngineMaterials/Substrate/GLints/dict_16_192_64_0p5_0p02_0057_0007" 6069
"/Engine/EngineMaterials/Substrate/GLints/dict_16_192_64_0p5_0p02_0057_0009" 6070
"../../../Engine/Content/EngineMaterials/Substrate/GLints/dict_16_192_64_0p5_0p02_0057_0010.uasset" 6071
"../../../Engine/Content/EngineMaterials/Substrate/GLints/dict_16_192_64_0p5_0p02_0057_0011.uasset" 6072
"../../../Engine/Content/EngineMaterials/Substrate/GLints/dict_16_192_64_0p5_0p02_0057_0012.uasset" 6073
"../../../Engine/Content/EngineMaterials/Substrate/GLints/dict_16_192_64_0p5_0p02_0057_0003.uasset" 6074
"/Engine/EngineMaterials/Substrate/GLints/dict_16_192_64_0p5_0p02_0057_0011" 6075
"/Engine/EngineMaterials/Substrate/GLints/dict_16_192_64_0p5_0p02_0057_0012" 6076
"/Engine/EngineMaterials/Substrate/GLints/dict_16_192_64_0p5_0p02_0057_0010" 6077
"/Engine/EngineMaterials/Substrate/GLints/dict_16_192_64_0p5_0p02_0057_0003" 6078
"../../../Engine/Content/EngineMaterials/Substrate/GLints/dict_16_192_64_0p5_0p02_0056_0001.uasset" 6079
"../../../Engine/Content/EngineMaterials/Substrate/GLints/dict_16_192_64_0p5_0p02_0057_0013.uasset" 6080
"../../../Engine/Content/EngineMaterials/Substrate/GLints/dict_16_192_64_0p5_0p02_0057_0014.uasset" 6081
"../../../Engine/Content/EngineMaterials/Substrate/GLints/dict_16_192_64_0p5_0p02_0057_0015.uasset" 6082
"../../../Engine/Content/EngineMaterials/Substrate/GLints/dict_16_192_64_0p5_0p02_0056_0006.uasset" 6083
"/Engine/EngineMaterials/Substrate/GLints/dict_16_192_64_0p5_0p02_0056_0001" 6084
"../../../Engine/Content/EngineMaterials/Substrate/GLints/dict_16_192_64_0p5_0p02_0054_0006.uasset" 6085
"/Engine/EngineMaterials/Substrate/GLints/dict_16_192_64_0p5_0p02_0056_0006" 6086
"/Engine/EngineMaterials/Substrate/GLints/dict_16_192_64_0p5_0p02_0057_0015" 6087
"/Engine/EngineMaterials/Substrate/GLints/dict_16_192_64_0p5_0p02_0057_0014" 6088
"/Engine/EngineMaterials/Substrate/GLints/dict_16_192_64_0p5_0p02_0057_0013" 6089
"/Engine/EngineMaterials/Substrate/GLints/dict_16_192_64_0p5_0p02_0054_0006" 6090
"../../../Engine/Content/EngineMaterials/Substrate/GLints/dict_16_192_64_0p5_0p02_0058_0003.uasset" 6091
"../../../Engine/Content/EngineMaterials/Substrate/GLints/dict_16_192_64_0p5_0p02_0058_0002.uasset" 6092
"../../../Engine/Content/EngineMaterials/Substrate/GLints/dict_16_192_64_0p5_0p02_0056_0005.uasset" 6093
"../../../Engine/Content/EngineMaterials/Substrate/GLints/dict_16_192_64_0p5_0p02_0058_0004.uasset" 6094
"../../../Engine/Content/EngineMaterials/Substrate/GLints/dict_16_192_64_0p5_0p02_0043_0001.uasset" 6095
"/Engine/EngineMaterials/Substrate/GLints/dict_16_192_64_0p5_0p02_0056_0005" 6096
"/Engine/EngineMaterials/Substrate/GLints/dict_16_192_64_0p5_0p02_0058_0003" 6097
"/Engine/EngineMaterials/Substrate/GLints/dict_16_192_64_0p5_0p02_0058_0002" 6098
"/Engine/EngineMaterials/Substrate/GLints/dict_16_192_64_0p5_0p02_0043_0001" 6099
"/Engine/EngineMaterials/Substrate/GLints/dict_16_192_64_0p5_0p02_0058_0004" 6100
"../../../Engine/Content/EngineMaterials/Substrate/GLints/dict_16_192_64_0p5_0p02_0058_0008.uasset" 6101
"../../../Engine/Content/EngineMaterials/Substrate/GLints/dict_16_192_64_0p5_0p02_0058_0007.uasset" 6102
"../../../Engine/Content/EngineMaterials/Substrate/GLints/dict_16_192_64_0p5_0p02_0058_0010.uasset" 6103
"../../../Engine/Content/EngineMaterials/Substrate/GLints/dict_16_192_64_0p5_0p02_0058_0011.uasset" 6104
"../../../Engine/Content/EngineMaterials/Substrate/GLints/dict_16_192_64_0p5_0p02_0056_0012.uasset" 6105
"../../../Engine/Content/EngineMaterials/Substrate/GLints/dict_16_192_64_0p5_0p02_0056_0011.uasset" 6106
"/Engine/EngineMaterials/Substrate/GLints/dict_16_192_64_0p5_0p02_0058_0008" 6107
"../../../Engine/Content/EngineMaterials/Substrate/GLints/dict_16_192_64_0p5_0p02_0058_0009.uasset" 6108
"../../../Engine/Content/EngineMaterials/Substrate/GLints/dict_16_192_64_0p5_0p02_0058_0012.uasset" 6109
"../../../Engine/Content/EngineMaterials/Substrate/GLints/dict_16_192_64_0p5_0p02_0058_0013.uasset" 6110
"/Engine/EngineMaterials/Substrate/GLints/dict_16_192_64_0p5_0p02_0058_0007" 6111
"/Engine/EngineMaterials/Substrate/GLints/dict_16_192_64_0p5_0p02_0058_0011" 6112
"/Engine/EngineMaterials/Substrate/GLints/dict_16_192_64_0p5_0p02_0058_0010" 6113
"/Engine/EngineMaterials/Substrate/GLints/dict_16_192_64_0p5_0p02_0056_0012" 6114
"/Engine/EngineMaterials/Substrate/GLints/dict_16_192_64_0p5_0p02_0056_0011" 6115
"/Engine/EngineMaterials/Substrate/GLints/dict_16_192_64_0p5_0p02_0058_0009" 6116
"/Engine/EngineMaterials/Substrate/GLints/dict_16_192_64_0p5_0p02_0058_0013" 6117
"../../../Engine/Content/EngineMaterials/Substrate/GLints/dict_16_192_64_0p5_0p02_0058_0014.uasset" 6118
"/Engine/EngineMaterials/Substrate/GLints/dict_16_192_64_0p5_0p02_0058_0012" 6119
"/Engine/EngineMaterials/Substrate/GLints/dict_16_192_64_0p5_0p02_0058_0014" 6120
"../../../Engine/Content/EngineMaterials/Substrate/GLints/dict_16_192_64_0p5_0p02_0058_0015.uasset" 6121
"/Engine/EngineMaterials/Substrate/GLints/dict_16_192_64_0p5_0p02_0058_0015" 6122
"../../../Engine/Content/EngineMaterials/Substrate/GLints/dict_16_192_64_0p5_0p02_0059_0004.uasset" 6123
"../../../Engine/Content/EngineMaterials/Substrate/GLints/dict_16_192_64_0p5_0p02_0059_0002.uasset" 6124
"../../../Engine/Content/EngineMaterials/Substrate/GLints/dict_16_192_64_0p5_0p02_0059_0003.uasset" 6125
"../../../Engine/Content/EngineMaterials/Substrate/GLints/dict_16_192_64_0p5_0p02_0059_0005.uasset" 6126
"/Engine/EngineMaterials/Substrate/GLints/dict_16_192_64_0p5_0p02_0059_0004" 6127
"/Engine/EngineMaterials/Substrate/GLints/dict_16_192_64_0p5_0p02_0059_0003" 6128
"/Engine/EngineMaterials/Substrate/GLints/dict_16_192_64_0p5_0p02_0059_0002" 6129
"../../../Engine/Content/EngineMaterials/Substrate/GLints/dict_16_192_64_0p5_0p02_0059_0000.uasset" 6130
"/Engine/EngineMaterials/Substrate/GLints/dict_16_192_64_0p5_0p02_0059_0005" 6131
"/Engine/EngineMaterials/Substrate/GLints/dict_16_192_64_0p5_0p02_0059_0000" 6132
"../../../Engine/Content/EngineMaterials/Substrate/GLints/dict_16_192_64_0p5_0p02_0059_0006.uasset" 6133
"../../../Engine/Content/EngineMaterials/Substrate/GLints/dict_16_192_64_0p5_0p02_0059_0008.uasset" 6134
"../../../Engine/Content/EngineMaterials/Substrate/GLints/dict_16_192_64_0p5_0p02_0059_0007.uasset" 6135
"../../../Engine/Content/EngineMaterials/Substrate/GLints/dict_16_192_64_0p5_0p02_0059_0009.uasset" 6136
"../../../Engine/Content/EngineMaterials/Substrate/GLints/dict_16_192_64_0p5_0p02_0056_0007.uasset" 6137
"/Engine/EngineMaterials/Substrate/GLints/dict_16_192_64_0p5_0p02_0056_0007" 6138
"/Engine/EngineMaterials/Substrate/GLints/dict_16_192_64_0p5_0p02_0059_0007" 6139
"/Engine/EngineMaterials/Substrate/GLints/dict_16_192_64_0p5_0p02_0059_0006" 6140
"../../../Engine/Content/EngineMaterials/Substrate/GLints/dict_16_192_64_0p5_0p02_0059_0012.uasset" 6141
"/Engine/EngineMaterials/Substrate/GLints/dict_16_192_64_0p5_0p02_0059_0008" 6142
"../../../Engine/Content/EngineMaterials/Substrate/GLints/dict_16_192_64_0p5_0p02_0059_0010.uasset" 6143
"/Engine/EngineMaterials/Substrate/GLints/dict_16_192_64_0p5_0p02_0059_0009" 6144
"/Engine/EngineMaterials/Substrate/GLints/dict_16_192_64_0p5_0p02_0059_0012" 6145
"/Engine/EngineMaterials/Substrate/GLints/dict_16_192_64_0p5_0p02_0059_0010" 6146
"../../../Engine/Content/EngineMaterials/Substrate/GLints/dict_16_192_64_0p5_0p02_0059_0014.uasset" 6147
"../../../Engine/Content/EngineMaterials/Substrate/GLints/dict_16_192_64_0p5_0p02_0059_0013.uasset" 6148
"/Engine/EngineMaterials/Substrate/GLints/dict_16_192_64_0p5_0p02_0059_0014" 6149
"/Engine/EngineMaterials/Substrate/GLints/dict_16_192_64_0p5_0p02_0059_0013" 6150
"../../../Engine/Content/EngineMaterials/Substrate/GLints/dict_16_192_64_0p5_0p02_0059_0015.uasset" 6151
"../../../Engine/Content/EngineMaterials/Substrate/GLints/dict_16_192_64_0p5_0p02_0060_0000.uasset" 6152
"../../../Engine/Content/EngineMaterials/Substrate/GLints/dict_16_192_64_0p5_0p02_0060_0002.uasset" 6153
"../../../Engine/Content/EngineMaterials/Substrate/GLints/dict_16_192_64_0p5_0p02_0060_0001.uasset" 6154
"/Engine/EngineMaterials/Substrate/GLints/dict_16_192_64_0p5_0p02_0060_0002" 6155
"/Engine/EngineMaterials/Substrate/GLints/dict_16_192_64_0p5_0p02_0060_0001" 6156
"/Engine/EngineMaterials/Substrate/GLints/dict_16_192_64_0p5_0p02_0060_0000" 6157
"/Engine/EngineMaterials/Substrate/GLints/dict_16_192_64_0p5_0p02_0059_0015" 6158
"../../../Engine/Content/EngineMaterials/Substrate/GLints/dict_16_192_64_0p5_0p02_0060_0004.uasset" 6159
"../../../Engine/Content/EngineMaterials/Substrate/GLints/dict_16_192_64_0p5_0p02_0060_0003.uasset" 6160
"../../../Engine/Content/EngineMaterials/Substrate/GLints/dict_16_192_64_0p5_0p02_0060_0005.uasset" 6161
"../../../Engine/Content/EngineMaterials/Substrate/GLints/dict_16_192_64_0p5_0p02_0060_0006.uasset" 6162
"../../../Engine/Content/EngineMaterials/Substrate/GLints/dict_16_192_64_0p5_0p02_0060_0007.uasset" 6163
"/Engine/EngineMaterials/Substrate/GLints/dict_16_192_64_0p5_0p02_0060_0006" 6164
"/Engine/EngineMaterials/Substrate/GLints/dict_16_192_64_0p5_0p02_0060_0003" 6165
"../../../Engine/Content/EngineMaterials/Substrate/GLints/dict_16_192_64_0p5_0p02_0060_0008.uasset" 6166
"/Engine/EngineMaterials/Substrate/GLints/dict_16_192_64_0p5_0p02_0060_0005" 6167
"/Engine/EngineMaterials/Substrate/GLints/dict_16_192_64_0p5_0p02_0060_0004" 6168
"../../../Engine/Content/EngineMaterials/Substrate/GLints/dict_16_192_64_0p5_0p02_0060_0010.uasset" 6169
"../../../Engine/Content/EngineMaterials/Substrate/GLints/dict_16_192_64_0p5_0p02_0060_0009.uasset" 6170
"/Engine/EngineMaterials/Substrate/GLints/dict_16_192_64_0p5_0p02_0060_0007" 6171
"/Engine/EngineMaterials/Substrate/GLints/dict_16_192_64_0p5_0p02_0060_0010" 6172
"/Engine/EngineMaterials/Substrate/GLints/dict_16_192_64_0p5_0p02_0060_0009" 6173
"/Engine/EngineMaterials/Substrate/GLints/dict_16_192_64_0p5_0p02_0060_0008" 6174
"../../../Engine/Content/EngineMaterials/Substrate/GLints/dict_16_192_64_0p5_0p02_0060_0011.uasset" 6175
"../../../Engine/Content/EngineMaterials/Substrate/GLints/dict_16_192_64_0p5_0p02_0060_0013.uasset" 6176
"../../../Engine/Content/EngineMaterials/Substrate/GLints/dict_16_192_64_0p5_0p02_0060_0012.uasset" 6177
"/Engine/EngineMaterials/Substrate/GLints/dict_16_192_64_0p5_0p02_0060_0012" 6178
"../../../Engine/Content/EngineMaterials/Substrate/GLints/dict_16_192_64_0p5_0p02_0060_0014.uasset" 6179
"/Engine/EngineMaterials/Substrate/GLints/dict_16_192_64_0p5_0p02_0060_0011" 6180
"../../../Engine/Content/EngineMaterials/Substrate/GLints/dict_16_192_64_0p5_0p02_0061_0000.uasset" 6181
"../../../Engine/Content/EngineMaterials/Substrate/GLints/dict_16_192_64_0p5_0p02_0060_0015.uasset" 6182
"/Engine/EngineMaterials/Substrate/GLints/dict_16_192_64_0p5_0p02_0060_0013" 6183
"/Engine/EngineMaterials/Substrate/GLints/dict_16_192_64_0p5_0p02_0061_0000" 6184
"/Engine/EngineMaterials/Substrate/GLints/dict_16_192_64_0p5_0p02_0060_0015" 6185
"/Engine/EngineMaterials/Substrate/GLints/dict_16_192_64_0p5_0p02_0060_0014" 6186
"../../../Engine/Content/EngineMaterials/Substrate/GLints/dict_16_192_64_0p5_0p02_0061_0003.uasset" 6187
"../../../Engine/Content/EngineMaterials/Substrate/GLints/dict_16_192_64_0p5_0p02_0061_0002.uasset" 6188
"../../../Engine/Content/EngineMaterials/Substrate/GLints/dict_16_192_64_0p5_0p02_0061_0001.uasset" 6189
"../../../Engine/Content/EngineMaterials/Substrate/GLints/dict_16_192_64_0p5_0p02_0058_0005.uasset" 6190
"../../../Engine/Content/EngineMaterials/Substrate/GLints/dict_16_192_64_0p5_0p02_0061_0004.uasset" 6191
"../../../Engine/Content/EngineMaterials/Substrate/GLints/dict_16_192_64_0p5_0p02_0061_0005.uasset" 6192
"../../../Engine/Content/EngineMaterials/Substrate/GLints/dict_16_192_64_0p5_0p02_0061_0006.uasset" 6193
"/Engine/EngineMaterials/Substrate/GLints/dict_16_192_64_0p5_0p02_0061_0002" 6194
"/Engine/EngineMaterials/Substrate/GLints/dict_16_192_64_0p5_0p02_0061_0001" 6195
"/Engine/EngineMaterials/Substrate/GLints/dict_16_192_64_0p5_0p02_0061_0006" 6196
"/Engine/EngineMaterials/Substrate/GLints/dict_16_192_64_0p5_0p02_0061_0004" 6197
"/Engine/EngineMaterials/Substrate/GLints/dict_16_192_64_0p5_0p02_0058_0005" 6198
"/Engine/EngineMaterials/Substrate/GLints/dict_16_192_64_0p5_0p02_0061_0003" 6199
"../../../Engine/Content/EngineMaterials/Substrate/GLints/dict_16_192_64_0p5_0p02_0061_0007.uasset" 6200
"/Engine/EngineMaterials/Substrate/GLints/dict_16_192_64_0p5_0p02_0061_0005" 6201
"/Engine/EngineMaterials/Substrate/GLints/dict_16_192_64_0p5_0p02_0061_0007" 6202
"../../../Engine/Content/EngineMaterials/Substrate/GLints/dict_16_192_64_0p5_0p02_0061_0009.uasset" 6203
"../../../Engine/Content/EngineMaterials/Substrate/GLints/dict_16_192_64_0p5_0p02_0061_0013.uasset" 6204
"../../../Engine/Content/EngineMaterials/Substrate/GLints/dict_16_192_64_0p5_0p02_0061_0011.uasset" 6205
"../../../Engine/Content/EngineMaterials/Substrate/GLints/dict_16_192_64_0p5_0p02_0061_0012.uasset" 6206
"/Engine/EngineMaterials/Substrate/GLints/dict_16_192_64_0p5_0p02_0061_0013" 6207
"../../../Engine/Content/EngineMaterials/Substrate/GLints/dict_16_192_64_0p5_0p02_0061_0014.uasset" 6208
"/Engine/EngineMaterials/Substrate/GLints/dict_16_192_64_0p5_0p02_0061_0012" 6209
"../../../Engine/Content/EngineMaterials/Substrate/GLints/dict_16_192_64_0p5_0p02_0057_0006.uasset" 6210
"/Engine/EngineMaterials/Substrate/GLints/dict_16_192_64_0p5_0p02_0061_0011" 6211
"/Engine/EngineMaterials/Substrate/GLints/dict_16_192_64_0p5_0p02_0061_0009" 6212
"/Engine/EngineMaterials/Substrate/GLints/dict_16_192_64_0p5_0p02_0061_0014" 6213
"/Engine/EngineMaterials/Substrate/GLints/dict_16_192_64_0p5_0p02_0057_0006" 6214
"../../../Engine/Content/EngineMaterials/Substrate/GLints/dict_16_192_64_0p5_0p02_0062_0000.uasset" 6215
"../../../Engine/Content/EngineMaterials/Substrate/GLints/dict_16_192_64_0p5_0p02_0062_0001.uasset" 6216
"../../../Engine/Content/EngineMaterials/Substrate/GLints/dict_16_192_64_0p5_0p02_0061_0010.uasset" 6217
"../../../Engine/Content/EngineMaterials/Substrate/GLints/dict_16_192_64_0p5_0p02_0061_0015.uasset" 6218
"../../../Engine/Content/EngineMaterials/Substrate/GLints/dict_16_192_64_0p5_0p02_0062_0002.uasset" 6219
"/Engine/EngineMaterials/Substrate/GLints/dict_16_192_64_0p5_0p02_0061_0015" 6220
"../../../Engine/Content/EngineMaterials/Substrate/GLints/dict_16_192_64_0p5_0p02_0062_0004.uasset" 6221
"/Engine/EngineMaterials/Substrate/GLints/dict_16_192_64_0p5_0p02_0061_0010" 6222
"../../../Engine/Content/EngineMaterials/Substrate/GLints/dict_16_192_64_0p5_0p02_0062_0005.uasset" 6223
"../../../Engine/Content/EngineMaterials/Substrate/GLints/dict_16_192_64_0p5_0p02_0062_0003.uasset" 6224
"/Engine/EngineMaterials/Substrate/GLints/dict_16_192_64_0p5_0p02_0062_0002" 6225
"../../../Engine/Content/EngineMaterials/Substrate/GLints/dict_16_192_64_0p5_0p02_0062_0006.uasset" 6226
"/Engine/EngineMaterials/Substrate/GLints/dict_16_192_64_0p5_0p02_0062_0001" 6227
"/Engine/EngineMaterials/Substrate/GLints/dict_16_192_64_0p5_0p02_0062_0000" 6228
"/Engine/EngineMaterials/Substrate/GLints/dict_16_192_64_0p5_0p02_0062_0005" 6229
"../../../Engine/Content/EngineMaterials/Substrate/GLints/dict_16_192_64_0p5_0p02_0062_0008.uasset" 6230
"../../../Engine/Content/EngineMaterials/Substrate/GLints/dict_16_192_64_0p5_0p02_0062_0007.uasset" 6231
"/Engine/EngineMaterials/Substrate/GLints/dict_16_192_64_0p5_0p02_0062_0004" 6232
"/Engine/EngineMaterials/Substrate/GLints/dict_16_192_64_0p5_0p02_0062_0003" 6233
"/Engine/EngineMaterials/Substrate/GLints/dict_16_192_64_0p5_0p02_0062_0006" 6234
"/Engine/EngineMaterials/Substrate/GLints/dict_16_192_64_0p5_0p02_0062_0008" 6235
"/Engine/EngineMaterials/Substrate/GLints/dict_16_192_64_0p5_0p02_0062_0007" 6236
"../../../Engine/Content/EngineMaterials/Substrate/GLints/dict_16_192_64_0p5_0p02_0062_0009.uasset" 6237
"../../../Engine/Content/EngineMaterials/Substrate/GLints/dict_16_192_64_0p5_0p02_0062_0012.uasset" 6238
"../../../Engine/Content/EngineMaterials/Substrate/GLints/dict_16_192_64_0p5_0p02_0062_0010.uasset" 6239
"../../../Engine/Content/EngineMaterials/Substrate/GLints/dict_16_192_64_0p5_0p02_0062_0013.uasset" 6240
"../../../Engine/Content/EngineMaterials/Substrate/GLints/dict_16_192_64_0p5_0p02_0062_0011.uasset" 6241
"../../../Engine/Content/EngineMaterials/Substrate/GLints/dict_16_192_64_0p5_0p02_0062_0014.uasset" 6242
"/Engine/EngineMaterials/Substrate/GLints/dict_16_192_64_0p5_0p02_0062_0014" 6243
"../../../Engine/Content/EngineMaterials/Substrate/GLints/dict_16_192_64_0p5_0p02_0062_0015.uasset" 6244
"/Engine/EngineMaterials/Substrate/GLints/dict_16_192_64_0p5_0p02_0062_0013" 6245
"/Engine/EngineMaterials/Substrate/GLints/dict_16_192_64_0p5_0p02_0062_0012" 6246
"/Engine/EngineMaterials/Substrate/GLints/dict_16_192_64_0p5_0p02_0062_0011" 6247
"/Engine/EngineMaterials/Substrate/GLints/dict_16_192_64_0p5_0p02_0062_0010" 6248
"/Engine/EngineMaterials/Substrate/GLints/dict_16_192_64_0p5_0p02_0062_0009" 6249
"/Engine/EngineMaterials/Substrate/GLints/dict_16_192_64_0p5_0p02_0062_0015" 6250
"../../../Engine/Content/EngineMaterials/Substrate/GLints/dict_16_192_64_0p5_0p02_0063_0000.uasset" 6251
"../../../Engine/Content/EngineMaterials/Substrate/GLints/dict_16_192_64_0p5_0p02_0063_0003.uasset" 6252
"../../../Engine/Content/EngineMaterials/Substrate/GLints/dict_16_192_64_0p5_0p02_0063_0002.uasset" 6253
"../../../Engine/Content/EngineMaterials/Substrate/GLints/dict_16_192_64_0p5_0p02_0063_0001.uasset" 6254
"../../../Engine/Content/EngineMaterials/Substrate/GLints/dict_16_192_64_0p5_0p02_0063_0005.uasset" 6255
"../../../Engine/Content/EngineMaterials/Substrate/GLints/dict_16_192_64_0p5_0p02_0063_0004.uasset" 6256
"/Engine/EngineMaterials/Substrate/GLints/dict_16_192_64_0p5_0p02_0063_0004" 6257
"/Engine/EngineMaterials/Substrate/GLints/dict_16_192_64_0p5_0p02_0063_0003" 6258
"../../../Engine/Content/EngineMaterials/Substrate/GLints/dict_16_192_64_0p5_0p02_0063_0006.uasset" 6259
"/Engine/EngineMaterials/Substrate/GLints/dict_16_192_64_0p5_0p02_0063_0005" 6260
"/Engine/EngineMaterials/Substrate/GLints/dict_16_192_64_0p5_0p02_0063_0002" 6261
"/Engine/EngineMaterials/Substrate/GLints/dict_16_192_64_0p5_0p02_0063_0001" 6262
"/Engine/EngineMaterials/Substrate/GLints/dict_16_192_64_0p5_0p02_0063_0000" 6263
"/Engine/EngineMaterials/Substrate/GLints/dict_16_192_64_0p5_0p02_0063_0006" 6264
"../../../Engine/Content/EngineMaterials/Substrate/GLints/dict_16_192_64_0p5_0p02_0063_0007.uasset" 6265
"/Engine/EngineMaterials/Substrate/GLints/dict_16_192_64_0p5_0p02_0063_0007" 6266
"../../../Engine/Content/EngineMaterials/Substrate/GLints/dict_16_192_64_0p5_0p02_0063_0008.uasset" 6267
"../../../Engine/Content/EngineMaterials/Substrate/GLints/dict_16_192_64_0p5_0p02_0063_0010.uasset" 6268
"../../../Engine/Content/EngineMaterials/Substrate/GLints/dict_16_192_64_0p5_0p02_0063_0011.uasset" 6269
"../../../Engine/Content/EngineMaterials/Substrate/GLints/dict_16_192_64_0p5_0p02_0063_0009.uasset" 6270
"../../../Engine/Content/EngineMaterials/Substrate/GLints/dict_16_192_64_0p5_0p02_0059_0011.uasset" 6271
"../../../Engine/Content/EngineMaterials/Substrate/GLints/dict_16_192_64_0p5_0p02_0063_0013.uasset" 6272
"../../../Engine/Content/EngineMaterials/Substrate/GLints/dict_16_192_64_0p5_0p02_0063_0012.uasset" 6273
"/Engine/EngineMaterials/Substrate/GLints/dict_16_192_64_0p5_0p02_0063_0011" 6274
"/Engine/EngineMaterials/Substrate/GLints/dict_16_192_64_0p5_0p02_0063_0010" 6275
"../../../Engine/Content/EngineMaterials/Substrate/GLints/dict_16_192_64_0p5_0p02_0063_0015.uasset" 6276
"/Engine/EngineMaterials/Substrate/GLints/dict_16_192_64_0p5_0p02_0059_0011" 6277
"/Engine/EngineMaterials/Substrate/GLints/dict_16_192_64_0p5_0p02_0063_0009" 6278
"../../../Engine/Content/EngineMaterials/Substrate/GLints/dict_16_192_64_0p5_0p02_0063_0014.uasset" 6279
"/Engine/EngineMaterials/Substrate/GLints/dict_16_192_64_0p5_0p02_0063_0008" 6280
"/Engine/EngineMaterials/Substrate/GLints/dict_16_192_64_0p5_0p02_0063_0013" 6281
"/Engine/EngineMaterials/Substrate/GLints/dict_16_192_64_0p5_0p02_0063_0012" 6282
"/Engine/EngineMaterials/Substrate/GLints/dict_16_192_64_0p5_0p02_0063_0015" 6283
"/Engine/EngineMaterials/Substrate/GLints/dict_16_192_64_0p5_0p02_0063_0014" 6284
"../../../Engine/Content/EngineMaterials/Substrate/GLints/AGlintTex2dArray.uasset" 6285
"../../../Engine/Content/EngineMaterials/Substrate/Glints2/dict_0000_0001.uasset" 6286
"../../../Engine/Content/EngineMaterials/Substrate/Glints2/dict_0000_0003.uasset" 6287
"../../../Engine/Content/EngineMaterials/Substrate/Glints2/dict_0000_0004.uasset" 6288
"../../../Engine/Content/EngineMaterials/Substrate/Glints2/dict_0000_0000.uasset" 6289
"../../../Engine/Content/EngineMaterials/Substrate/Glints2/dict_0000_0006.uasset" 6290
"../../../Engine/Content/EngineMaterials/Substrate/Glints2/dict_0000_0005.uasset" 6291
"/Engine/EngineMaterials/Substrate/Glints2/dict_0000_0006" 6292
"/Engine/EngineMaterials/Substrate/Glints2/dict_0000_0000" 6293
"/Engine/EngineMaterials/Substrate/Glints2/dict_0000_0004" 6294
"/Engine/EngineMaterials/Substrate/Glints2/dict_0000_0003" 6295
"../../../Engine/Content/EngineMaterials/Substrate/Glints2/dict_0000_0009.uasset" 6296
"/Engine/EngineMaterials/Substrate/Glints2/dict_0000_0001" 6297
"/Engine/EngineMaterials/Substrate/Glints2/dict_0000_0005" 6298
"/Engine/EngineMaterials/Substrate/Glints2/dict_0000_0009" 6299
"../../../Engine/Content/EngineMaterials/Substrate/Glints2/dict_0000_0007.uasset" 6300
"../../../Engine/Content/EngineMaterials/Substrate/Glints2/dict_0000_0008.uasset" 6301
"../../../Engine/Content/EngineMaterials/Substrate/Glints2/dict_0000_0011.uasset" 6302
"../../../Engine/Content/EngineMaterials/Substrate/Glints2/dict_0000_0010.uasset" 6303
"../../../Engine/Content/EngineMaterials/Substrate/Glints2/dict_0000_0012.uasset" 6304
"/Engine/EngineMaterials/Substrate/Glints2/dict_0000_0007" 6305
"/Engine/EngineMaterials/Substrate/Glints2/dict_0000_0011" 6306
"/Engine/EngineMaterials/Substrate/Glints2/dict_0000_0010" 6307
"/Engine/EngineMaterials/Substrate/Glints2/dict_0000_0008" 6308
"/Engine/EngineMaterials/Substrate/Glints2/dict_0000_0012" 6309
"../../../Engine/Content/EngineMaterials/Substrate/Glints2/dict_0000_0014.uasset" 6310
"../../../Engine/Content/EngineMaterials/Substrate/Glints2/dict_0000_0013.uasset" 6311
"../../../Engine/Content/EngineMaterials/Substrate/GLints/dict_16_192_64_0p5_0p02_0058_0001.uasset" 6312
"../../../Engine/Content/EngineMaterials/Substrate/Glints2/dict_0000_0017.uasset" 6313
"../../../Engine/Content/EngineMaterials/Substrate/Glints2/dict_0000_0015.uasset" 6314
"../../../Engine/Content/EngineMaterials/Substrate/Glints2/dict_0000_0018.uasset" 6315
"../../../Engine/Content/EngineMaterials/Substrate/Glints2/dict_0000_0016.uasset" 6316
"../../../Engine/Content/EngineMaterials/Substrate/Glints2/dict_0000_0019.uasset" 6317
"/Engine/EngineMaterials/Substrate/Glints2/dict_0000_0014" 6318
"/Engine/EngineMaterials/Substrate/Glints2/dict_0000_0013" 6319
"/Engine/EngineMaterials/Substrate/Glints2/dict_0000_0019" 6320
"../../../Engine/Content/EngineMaterials/Substrate/Glints2/dict_0000_0020.uasset" 6321
"/Engine/EngineMaterials/Substrate/Glints2/dict_0000_0018" 6322
"/Engine/EngineMaterials/Substrate/Glints2/dict_0000_0017" 6323
"/Engine/EngineMaterials/Substrate/Glints2/dict_0000_0015" 6324
"/Engine/EngineMaterials/Substrate/GLints/dict_16_192_64_0p5_0p02_0058_0001" 6325
"/Engine/EngineMaterials/Substrate/Glints2/dict_0000_0016" 6326
"../../../Engine/Content/EngineMaterials/Substrate/Glints2/dict_0000_0023.uasset" 6327
"../../../Engine/Content/EngineMaterials/Substrate/Glints2/dict_0000_0022.uasset" 6328
"/Engine/EngineMaterials/Substrate/Glints2/dict_0000_0022" 6329
"/Engine/EngineMaterials/Substrate/Glints2/dict_0000_0020" 6330
"/Engine/EngineMaterials/Substrate/Glints2/dict_0000_0023" 6331
"../../../Engine/Content/EngineMaterials/Substrate/Glints2/dict_0000_0024.uasset" 6332
"../../../Engine/Content/EngineMaterials/Substrate/Glints2/dict_0000_0026.uasset" 6333
"../../../Engine/Content/EngineMaterials/Substrate/Glints2/dict_0000_0027.uasset" 6334
"../../../Engine/Content/EngineMaterials/Substrate/Glints2/dict_0000_0028.uasset" 6335
"../../../Engine/Content/EngineMaterials/Substrate/Glints2/dict_0000_0029.uasset" 6336
"../../../Engine/Content/EngineMaterials/Substrate/Glints2/dict_0000_0030.uasset" 6337
"/Engine/EngineMaterials/Substrate/Glints2/dict_0000_0029" 6338
"/Engine/EngineMaterials/Substrate/Glints2/dict_0000_0028" 6339
"../../../Engine/Content/EngineMaterials/Substrate/GLints/dict_16_192_64_0p5_0p02_0061_0008.uasset" 6340
"/Engine/EngineMaterials/Substrate/Glints2/dict_0000_0024" 6341
"/Engine/EngineMaterials/Substrate/Glints2/dict_0000_0027" 6342
"/Engine/EngineMaterials/Substrate/Glints2/dict_0000_0026" 6343
"../../../Engine/Content/EngineMaterials/Substrate/Glints2/dict_0000_0033.uasset" 6344
"../../../Engine/Content/EngineMaterials/Substrate/Glints2/dict_0000_0031.uasset" 6345
"/Engine/EngineMaterials/Substrate/Glints2/dict_0000_0030" 6346
"/Engine/EngineMaterials/Substrate/Glints2/dict_0000_0031" 6347
"/Engine/EngineMaterials/Substrate/Glints2/dict_0000_0033" 6348
"/Engine/EngineMaterials/Substrate/GLints/dict_16_192_64_0p5_0p02_0061_0008" 6349
"../../../Engine/Content/EngineMaterials/Substrate/Glints2/dict_0000_0032.uasset" 6350
"../../../Engine/Content/EngineMaterials/Substrate/Glints2/dict_0000_0034.uasset" 6351
"../../../Engine/Content/EngineMaterials/Substrate/Glints2/dict_0000_0036.uasset" 6352
"../../../Engine/Content/EngineMaterials/Substrate/Glints2/dict_0000_0035.uasset" 6353
"/Engine/EngineMaterials/Substrate/Glints2/dict_0000_0035" 6354
"/Engine/EngineMaterials/Substrate/Glints2/dict_0000_0036" 6355
"/Engine/EngineMaterials/Substrate/Glints2/dict_0000_0034" 6356
"/Engine/EngineMaterials/Substrate/Glints2/dict_0000_0032" 6357
"../../../Engine/Content/EngineMaterials/Substrate/Glints2/dict_0000_0039.uasset" 6358
"../../../Engine/Content/EngineMaterials/Substrate/Glints2/dict_0000_0041.uasset" 6359
"../../../Engine/Content/EngineMaterials/Substrate/Glints2/dict_0000_0038.uasset" 6360
"../../../Engine/Content/EngineMaterials/Substrate/Glints2/dict_0000_0040.uasset" 6361
"../../../Engine/Content/EngineMaterials/Substrate/Glints2/dict_0000_0042.uasset" 6362
"../../../Engine/Content/EngineMaterials/Substrate/Glints2/dict_0000_0043.uasset" 6363
"../../../Engine/Content/EngineMaterials/Substrate/GLints/dict_16_192_64_0p5_0p02_0058_0000.uasset" 6364
"/Engine/EngineMaterials/Substrate/GLints/dict_16_192_64_0p5_0p02_0058_0000" 6365
"/Engine/EngineMaterials/Substrate/Glints2/dict_0000_0043" 6366
"/Engine/EngineMaterials/Substrate/Glints2/dict_0000_0042" 6367
"/Engine/EngineMaterials/Substrate/Glints2/dict_0000_0041" 6368
"/Engine/EngineMaterials/Substrate/Glints2/dict_0000_0040" 6369
"/Engine/EngineMaterials/Substrate/Glints2/dict_0000_0039" 6370
"/Engine/EngineMaterials/Substrate/Glints2/dict_0000_0038" 6371
"../../../Engine/Content/EngineMaterials/Substrate/Glints2/dict_0000_0044.uasset" 6372
"/Engine/EngineMaterials/Substrate/Glints2/dict_0000_0044" 6373
"../../../Engine/Content/EngineMaterials/Substrate/Glints2/dict_0000_0045.uasset" 6374
"../../../Engine/Content/EngineMaterials/Substrate/Glints2/dict_0000_0048.uasset" 6375
"../../../Engine/Content/EngineMaterials/Substrate/Glints2/dict_0000_0047.uasset" 6376
"../../../Engine/Content/EngineMaterials/Substrate/Glints2/dict_0000_0049.uasset" 6377
"../../../Engine/Content/EngineMaterials/Substrate/Glints2/dict_0000_0051.uasset" 6378
"/Engine/EngineMaterials/Substrate/Glints2/dict_0000_0047" 6379
"/Engine/EngineMaterials/Substrate/Glints2/dict_0000_0051" 6380
"/Engine/EngineMaterials/Substrate/Glints2/dict_0000_0049" 6381
"/Engine/EngineMaterials/Substrate/Glints2/dict_0000_0045" 6382
"/Engine/EngineMaterials/Substrate/Glints2/dict_0000_0048" 6383
"../../../Engine/Content/EngineMaterials/Substrate/Glints2/dict_0000_0052.uasset" 6384
"../../../Engine/Content/EngineMaterials/Substrate/Glints2/dict_0000_0054.uasset" 6385
"../../../Engine/Content/EngineMaterials/Substrate/Glints2/dict_0000_0053.uasset" 6386
"../../../Engine/Content/EngineMaterials/Substrate/Glints2/dict_0000_0055.uasset" 6387
"../../../Engine/Content/EngineMaterials/Substrate/Glints2/dict_0000_0056.uasset" 6388
"/Engine/EngineMaterials/Substrate/Glints2/dict_0000_0053" 6389
"/Engine/EngineMaterials/Substrate/Glints2/dict_0000_0052" 6390
"/Engine/EngineMaterials/Substrate/Glints2/dict_0000_0056" 6391
"/Engine/EngineMaterials/Substrate/Glints2/dict_0000_0055" 6392
"/Engine/EngineMaterials/Substrate/Glints2/dict_0000_0054" 6393
"../../../Engine/Content/EngineMaterials/Substrate/Glints2/dict_0000_0057.uasset" 6394
"../../../Engine/Content/EngineMaterials/Substrate/Glints2/dict_0000_0059.uasset" 6395
"../../../Engine/Content/EngineMaterials/Substrate/Glints2/dict_0000_0058.uasset" 6396
"../../../Engine/Content/EngineMaterials/Substrate/Glints2/dict_0000_0060.uasset" 6397
"/Engine/EngineMaterials/Substrate/Glints2/dict_0000_0060" 6398
"../../../Engine/Content/EngineMaterials/Substrate/Glints2/dict_0000_0061.uasset" 6399
"/Engine/EngineMaterials/Substrate/Glints2/dict_0000_0059" 6400
"/Engine/EngineMaterials/Substrate/Glints2/dict_0000_0058" 6401
"/Engine/EngineMaterials/Substrate/Glints2/dict_0000_0057" 6402
"/Engine/EngineMaterials/Substrate/Glints2/dict_0000_0061" 6403
"../../../Engine/Content/EngineMaterials/Substrate/Glints2/dict_0000_0002.uasset" 6404
"../../../Engine/Content/EngineMaterials/Substrate/Glints2/dict_0000_0062.uasset" 6405
"../../../Engine/Content/EngineMaterials/Substrate/Glints2/dict_0000_0063.uasset" 6406
"../../../Engine/Content/EngineMaterials/Substrate/Glints2/dict_0000_0065.uasset" 6407
"/Engine/EngineMaterials/Substrate/Glints2/dict_0000_0065" 6408
"/Engine/EngineMaterials/Substrate/Glints2/dict_0000_0063" 6409
"/Engine/EngineMaterials/Substrate/Glints2/dict_0000_0002" 6410
"/Engine/EngineMaterials/Substrate/Glints2/dict_0000_0062" 6411
"../../../Engine/Content/EngineMaterials/Substrate/Glints2/dict_0000_0066.uasset" 6412
"../../../Engine/Content/EngineMaterials/Substrate/GLints/dict_16_192_64_0p5_0p02_0059_0001.uasset" 6413
"../../../Engine/Content/EngineMaterials/Substrate/Glints2/dict_0000_0068.uasset" 6414
"../../../Engine/Content/EngineMaterials/Substrate/Glints2/dict_0000_0069.uasset" 6415
"../../../Engine/Content/EngineMaterials/Substrate/Glints2/dict_0000_0070.uasset" 6416
"/Engine/EngineMaterials/Substrate/Glints2/dict_0000_0068" 6417
"/Engine/EngineMaterials/Substrate/Glints2/dict_0000_0066" 6418
"../../../Engine/Content/EngineMaterials/Substrate/Glints2/dict_0000_0071.uasset" 6419
"../../../Engine/Content/EngineMaterials/Substrate/Glints2/dict_0000_0073.uasset" 6420
"../../../Engine/Content/EngineMaterials/Substrate/Glints2/dict_0000_0074.uasset" 6421
"/Engine/EngineMaterials/Substrate/Glints2/dict_0000_0070" 6422
"../../../Engine/Content/EngineMaterials/Substrate/Glints2/dict_0000_0075.uasset" 6423
"/Engine/EngineMaterials/Substrate/GLints/dict_16_192_64_0p5_0p02_0059_0001" 6424
"/Engine/EngineMaterials/Substrate/Glints2/dict_0000_0069" 6425
"/Engine/EngineMaterials/Substrate/Glints2/dict_0000_0073" 6426
"/Engine/EngineMaterials/Substrate/Glints2/dict_0000_0071" 6427
"/Engine/EngineMaterials/Substrate/Glints2/dict_0000_0075" 6428
"/Engine/EngineMaterials/Substrate/Glints2/dict_0000_0074" 6429
"../../../Engine/Content/EngineMaterials/Substrate/Glints2/dict_0000_0077.uasset" 6430
"../../../Engine/Content/EngineMaterials/Substrate/Glints2/dict_0000_0076.uasset" 6431
"../../../Engine/Content/EngineMaterials/Substrate/Glints2/dict_0000_0021.uasset" 6432
"../../../Engine/Content/EngineMaterials/Substrate/Glints2/dict_0000_0079.uasset" 6433
"/Engine/EngineMaterials/Substrate/Glints2/dict_0000_0021" 6434
"/Engine/EngineMaterials/Substrate/Glints2/dict_0000_0077" 6435
"/Engine/EngineMaterials/Substrate/Glints2/dict_0000_0076" 6436
"/Engine/EngineMaterials/Substrate/Glints2/dict_0000_0079" 6437
"../../../Engine/Content/EngineMaterials/Substrate/Glints2/dict_0000_0078.uasset" 6438
"/Engine/EngineMaterials/Substrate/Glints2/dict_0000_0078" 6439
"../../../Engine/Content/EngineMaterials/Substrate/Glints2/dict_0000_0080.uasset" 6440
"../../../Engine/Content/EngineMaterials/Substrate/Glints2/dict_0000_0081.uasset" 6441
"../../../Engine/Content/EngineMaterials/Substrate/Glints2/dict_0000_0082.uasset" 6442
"../../../Engine/Content/EngineMaterials/Substrate/Glints2/dict_0000_0083.uasset" 6443
"/Engine/EngineMaterials/Substrate/Glints2/dict_0000_0082" 6444
"/Engine/EngineMaterials/Substrate/Glints2/dict_0000_0081" 6445
"/Engine/EngineMaterials/Substrate/Glints2/dict_0000_0080" 6446
"/Engine/EngineMaterials/Substrate/Glints2/dict_0000_0083" 6447
"../../../Engine/Content/EngineMaterials/Substrate/Glints2/dict_0000_0084.uasset" 6448
"../../../Engine/Content/EngineMaterials/Substrate/Glints2/dict_0000_0085.uasset" 6449
"../../../Engine/Content/EngineMaterials/Substrate/Glints2/dict_0000_0086.uasset" 6450
"../../../Engine/Content/EngineMaterials/Substrate/GLints/dict_16_192_64_0p5_0p02_0054_0002.uasset" 6451
"../../../Engine/Content/EngineMaterials/Substrate/Glints2/dict_0000_0087.uasset" 6452
"../../../Engine/Content/EngineMaterials/Substrate/Glints2/dict_0000_0088.uasset" 6453
"/Engine/EngineMaterials/Substrate/GLints/dict_16_192_64_0p5_0p02_0054_0002" 6454
"/Engine/EngineMaterials/Substrate/Glints2/dict_0000_0087" 6455
"/Engine/EngineMaterials/Substrate/Glints2/dict_0000_0086" 6456
"/Engine/EngineMaterials/Substrate/Glints2/dict_0000_0085" 6457
"/Engine/EngineMaterials/Substrate/Glints2/dict_0000_0088" 6458
"/Engine/EngineMaterials/Substrate/Glints2/dict_0000_0084" 6459
"../../../Engine/Content/EngineMaterials/Substrate/Glints2/dict_0000_0090.uasset" 6460
"../../../Engine/Content/EngineMaterials/Substrate/Glints2/dict_0000_0091.uasset" 6461
"../../../Engine/Content/EngineMaterials/Substrate/Glints2/dict_0000_0089.uasset" 6462
"../../../Engine/Content/EngineMaterials/Substrate/Glints2/dict_0000_0093.uasset" 6463
"/Engine/EngineMaterials/Substrate/Glints2/dict_0000_0091" 6464
"/Engine/EngineMaterials/Substrate/Glints2/dict_0000_0090" 6465
"/Engine/EngineMaterials/Substrate/Glints2/dict_0000_0089" 6466
"../../../Engine/Content/EngineMaterials/Substrate/Glints2/dict_0000_0094.uasset" 6467
"/Engine/EngineMaterials/Substrate/Glints2/dict_0000_0093" 6468
"/Engine/EngineMaterials/Substrate/Glints2/dict_0000_0094" 6469
"../../../Engine/Content/EngineMaterials/Substrate/Glints2/dict_0000_0097.uasset" 6470
"../../../Engine/Content/EngineMaterials/Substrate/Glints2/dict_0000_0096.uasset" 6471
"../../../Engine/Content/EngineMaterials/Substrate/Glints2/dict_0000_0095.uasset" 6472
"../../../Engine/Content/EngineMaterials/Substrate/Glints2/dict_0000_0098.uasset" 6473
"/Engine/EngineMaterials/Substrate/Glints2/dict_0000_0096" 6474
"/Engine/EngineMaterials/Substrate/Glints2/dict_0000_0098" 6475
"/Engine/EngineMaterials/Substrate/Glints2/dict_0000_0095" 6476
"/Engine/EngineMaterials/Substrate/Glints2/dict_0000_0097" 6477
"../../../Engine/Content/EngineMaterials/Substrate/Glints2/dict_0000_0100.uasset" 6478
"../../../Engine/Content/EngineMaterials/Substrate/Glints2/dict_0000_0099.uasset" 6479
"../../../Engine/Content/EngineMaterials/Substrate/Glints2/dict_0000_0101.uasset" 6480
"../../../Engine/Content/EngineMaterials/Substrate/Glints2/dict_0000_0102.uasset" 6481
"/Engine/EngineMaterials/Substrate/Glints2/dict_0000_0101" 6482
"/Engine/EngineMaterials/Substrate/Glints2/dict_0000_0100" 6483
"../../../Engine/Content/EngineMaterials/Substrate/Glints2/dict_0000_0103.uasset" 6484
"../../../Engine/Content/EngineMaterials/Substrate/Glints2/dict_0000_0104.uasset" 6485
"/Engine/EngineMaterials/Substrate/Glints2/dict_0000_0099" 6486
"/Engine/EngineMaterials/Substrate/Glints2/dict_0000_0102" 6487
"/Engine/EngineMaterials/Substrate/Glints2/dict_0000_0104" 6488
"/Engine/EngineMaterials/Substrate/Glints2/dict_0000_0103" 6489
"../../../Engine/Content/EngineMaterials/Substrate/Glints2/dict_0000_0106.uasset" 6490
"../../../Engine/Content/EngineMaterials/Substrate/Glints2/dict_0000_0105.uasset" 6491
"../../../Engine/Content/EngineMaterials/Substrate/Glints2/dict_0000_0107.uasset" 6492
"../../../Engine/Content/EngineMaterials/Substrate/Glints2/dict_0000_0108.uasset" 6493
"../../../Engine/Content/EngineMaterials/Substrate/Glints2/dict_0000_0109.uasset" 6494
"/Engine/EngineMaterials/Substrate/Glints2/dict_0000_0105" 6495
"/Engine/EngineMaterials/Substrate/Glints2/dict_0000_0108" 6496
"/Engine/EngineMaterials/Substrate/Glints2/dict_0000_0107" 6497
"/Engine/EngineMaterials/Substrate/Glints2/dict_0000_0106" 6498
"/Engine/EngineMaterials/Substrate/Glints2/dict_0000_0109" 6499
"../../../Engine/Content/EngineMaterials/Substrate/Glints2/dict_0000_0046.uasset" 6500
"../../../Engine/Content/EngineMaterials/Substrate/Glints2/dict_0000_0110.uasset" 6501
"../../../Engine/Content/EngineMaterials/Substrate/Glints2/dict_0000_0112.uasset" 6502
"../../../Engine/Content/EngineMaterials/Substrate/Glints2/dict_0000_0111.uasset" 6503
"../../../Engine/Content/EngineMaterials/Substrate/Glints2/dict_0000_0114.uasset" 6504
"../../../Engine/Content/EngineMaterials/Substrate/Glints2/dict_0000_0113.uasset" 6505
"/Engine/EngineMaterials/Substrate/Glints2/dict_0000_0111" 6506
"/Engine/EngineMaterials/Substrate/Glints2/dict_0000_0046" 6507
"/Engine/EngineMaterials/Substrate/Glints2/dict_0000_0114" 6508
"/Engine/EngineMaterials/Substrate/Glints2/dict_0000_0110" 6509
"/Engine/EngineMaterials/Substrate/Glints2/dict_0000_0113" 6510
"/Engine/EngineMaterials/Substrate/Glints2/dict_0000_0112" 6511
"../../../Engine/Content/EngineMaterials/Substrate/Glints2/dict_0000_0118.uasset" 6512
"../../../Engine/Content/EngineMaterials/Substrate/Glints2/dict_0000_0117.uasset" 6513
"../../../Engine/Content/EngineMaterials/Substrate/Glints2/dict_0000_0116.uasset" 6514
"../../../Engine/Content/EngineMaterials/Substrate/Glints2/dict_0000_0119.uasset" 6515
"../../../Engine/Content/EngineMaterials/Substrate/Glints2/dict_0000_0120.uasset" 6516
"/Engine/EngineMaterials/Substrate/Glints2/dict_0000_0120" 6517
"/Engine/EngineMaterials/Substrate/Glints2/dict_0000_0119" 6518
"/Engine/EngineMaterials/Substrate/Glints2/dict_0000_0118" 6519
"/Engine/EngineMaterials/Substrate/Glints2/dict_0000_0116" 6520
"../../../Engine/Content/EngineMaterials/Substrate/Glints2/dict_0000_0123.uasset" 6521
"../../../Engine/Content/EngineMaterials/Substrate/Glints2/dict_0000_0122.uasset" 6522
"/Engine/EngineMaterials/Substrate/Glints2/dict_0000_0117" 6523
"/Engine/EngineMaterials/Substrate/Glints2/dict_0000_0123" 6524
"/Engine/EngineMaterials/Substrate/Glints2/dict_0000_0122" 6525
"../../../Engine/Content/EngineMaterials/Substrate/Glints2/dict_0000_0121.uasset" 6526
"/Engine/EngineMaterials/Substrate/Glints2/dict_0000_0121" 6527
"../../../Engine/Content/EngineMaterials/Substrate/Glints2/dict_0000_0124.uasset" 6528
"../../../Engine/Content/EngineMaterials/Substrate/Glints2/dict_0000_0125.uasset" 6529
"../../../Engine/Content/EngineMaterials/Substrate/Glints2/dict_0000_0126.uasset" 6530
"../../../Engine/Content/EngineMaterials/Substrate/Glints2/dict_0000_0127.uasset" 6531
"/Engine/EngineMaterials/Substrate/Glints2/dict_0000_0124" 6532
"/Engine/EngineMaterials/Substrate/Glints2/dict_0000_0126" 6533
"../../../Engine/Content/EngineMaterials/Substrate/Glints2/dict_0000_0128.uasset" 6534
"/Engine/EngineMaterials/Substrate/Glints2/dict_0000_0125" 6535
"/Engine/EngineMaterials/Substrate/Glints2/dict_0000_0127" 6536
"/Engine/EngineMaterials/Substrate/Glints2/dict_0000_0128" 6537
"../../../Engine/Content/EngineMaterials/Substrate/Glints2/dict_0000_0130.uasset" 6538
"../../../Engine/Content/EngineMaterials/Substrate/Glints2/dict_0000_0129.uasset" 6539
"../../../Engine/Content/EngineMaterials/Substrate/Glints2/dict_0000_0132.uasset" 6540
"../../../Engine/Content/EngineMaterials/Substrate/Glints2/dict_0000_0131.uasset" 6541
"/Engine/EngineMaterials/Substrate/Glints2/dict_0000_0130" 6542
"/Engine/EngineMaterials/Substrate/Glints2/dict_0000_0131" 6543
"../../../Engine/Content/EngineMaterials/Substrate/Glints2/dict_0000_0133.uasset" 6544
"/Engine/EngineMaterials/Substrate/Glints2/dict_0000_0129" 6545
"../../../Engine/Content/EngineMaterials/Substrate/Glints2/dict_0000_0134.uasset" 6546
"../../../Engine/Content/EngineMaterials/Substrate/Glints2/dict_0000_0135.uasset" 6547
"/Engine/EngineMaterials/Substrate/Glints2/dict_0000_0132" 6548
"/Engine/EngineMaterials/Substrate/Glints2/dict_0000_0135" 6549
"/Engine/EngineMaterials/Substrate/Glints2/dict_0000_0134" 6550
"/Engine/EngineMaterials/Substrate/Glints2/dict_0000_0133" 6551
"../../../Engine/Content/EngineMaterials/Substrate/Glints2/dict_0000_0137.uasset" 6552
"../../../Engine/Content/EngineMaterials/Substrate/Glints2/dict_0000_0136.uasset" 6553
"../../../Engine/Content/EngineMaterials/Substrate/Glints2/dict_0000_0140.uasset" 6554
"../../../Engine/Content/EngineMaterials/Substrate/Glints2/dict_0000_0138.uasset" 6555
"../../../Engine/Content/EngineMaterials/Substrate/Glints2/dict_0000_0139.uasset" 6556
"/Engine/EngineMaterials/Substrate/Glints2/dict_0000_0137" 6557
"/Engine/EngineMaterials/Substrate/Glints2/dict_0000_0136" 6558
"/Engine/EngineMaterials/Substrate/Glints2/dict_0000_0140" 6559
"/Engine/EngineMaterials/Substrate/Glints2/dict_0000_0139" 6560
"/Engine/EngineMaterials/Substrate/Glints2/dict_0000_0138" 6561
"../../../Engine/Content/EngineMaterials/Substrate/Glints2/dict_0000_0142.uasset" 6562
"../../../Engine/Content/EngineMaterials/Substrate/Glints2/dict_0000_0141.uasset" 6563
"../../../Engine/Content/EngineMaterials/Substrate/Glints2/dict_0000_0143.uasset" 6564
"../../../Engine/Content/EngineMaterials/Substrate/Glints2/dict_0000_0144.uasset" 6565
"../../../Engine/Content/EngineMaterials/Substrate/Glints2/dict_0000_0067.uasset" 6566
"../../../Engine/Content/EngineMaterials/Substrate/Glints2/dict_0000_0145.uasset" 6567
"../../../Engine/Content/EngineMaterials/Substrate/Glints2/dict_0000_0037.uasset" 6568
"/Engine/EngineMaterials/Substrate/Glints2/dict_0000_0142" 6569
"../../../Engine/Content/EngineMaterials/Substrate/Glints2/dict_0000_0147.uasset" 6570
"../../../Engine/Content/EngineMaterials/Substrate/Glints2/dict_0000_0146.uasset" 6571
"/Engine/EngineMaterials/Substrate/Glints2/dict_0000_0067" 6572
"/Engine/EngineMaterials/Substrate/Glints2/dict_0000_0144" 6573
"/Engine/EngineMaterials/Substrate/Glints2/dict_0000_0143" 6574
"/Engine/EngineMaterials/Substrate/Glints2/dict_0000_0141" 6575
"/Engine/EngineMaterials/Substrate/Glints2/dict_0000_0145" 6576
"/Engine/EngineMaterials/Substrate/Glints2/dict_0000_0037" 6577
"/Engine/EngineMaterials/Substrate/Glints2/dict_0000_0147" 6578
"/Engine/EngineMaterials/Substrate/Glints2/dict_0000_0146" 6579
"../../../Engine/Content/EngineMaterials/Substrate/Glints2/dict_0000_0150.uasset" 6580
"../../../Engine/Content/EngineMaterials/Substrate/Glints2/dict_0000_0149.uasset" 6581
"../../../Engine/Content/EngineMaterials/Substrate/Glints2/dict_0000_0148.uasset" 6582
"../../../Engine/Content/EngineMaterials/Substrate/Glints2/dict_0000_0153.uasset" 6583
"../../../Engine/Content/EngineMaterials/Substrate/Glints2/dict_0000_0151.uasset" 6584
"/Engine/EngineMaterials/Substrate/Glints2/dict_0000_0149" 6585
"/Engine/EngineMaterials/Substrate/Glints2/dict_0000_0148" 6586
"../../../Engine/Content/EngineMaterials/Substrate/Glints2/dict_0000_0154.uasset" 6587
"/Engine/EngineMaterials/Substrate/Glints2/dict_0000_0153" 6588
"/Engine/EngineMaterials/Substrate/Glints2/dict_0000_0150" 6589
"/Engine/EngineMaterials/Substrate/Glints2/dict_0000_0151" 6590
"/Engine/EngineMaterials/Substrate/Glints2/dict_0000_0154" 6591
"../../../Engine/Content/EngineMaterials/Substrate/Glints2/dict_0000_0156.uasset" 6592
"../../../Engine/Content/EngineMaterials/Substrate/Glints2/dict_0000_0157.uasset" 6593
"../../../Engine/Content/EngineMaterials/Substrate/Glints2/dict_0000_0158.uasset" 6594
"../../../Engine/Content/EngineMaterials/Substrate/Glints2/dict_0000_0155.uasset" 6595
"../../../Engine/Content/EngineMaterials/Substrate/Glints2/dict_0000_0159.uasset" 6596
"/Engine/EngineMaterials/Substrate/Glints2/dict_0000_0157" 6597
"/Engine/EngineMaterials/Substrate/Glints2/dict_0000_0156" 6598
"../../../Engine/Content/EngineMaterials/Substrate/Glints2/dict_0000_0160.uasset" 6599
"/Engine/EngineMaterials/Substrate/Glints2/dict_0000_0155" 6600
"/Engine/EngineMaterials/Substrate/Glints2/dict_0000_0159" 6601
"/Engine/EngineMaterials/Substrate/Glints2/dict_0000_0158" 6602
"/Engine/EngineMaterials/Substrate/Glints2/dict_0000_0160" 6603
"../../../Engine/Content/EngineMaterials/Substrate/Glints2/dict_0000_0162.uasset" 6604
"../../../Engine/Content/EngineMaterials/Substrate/Glints2/dict_0000_0163.uasset" 6605
"../../../Engine/Content/EngineMaterials/Substrate/GLints/dict_16_192_64_0p5_0p02_0058_0006.uasset" 6606
"../../../Engine/Content/EngineMaterials/Substrate/Glints2/dict_0000_0161.uasset" 6607
"../../../Engine/Content/EngineMaterials/Substrate/Glints2/dict_0000_0165.uasset" 6608
"../../../Engine/Content/EngineMaterials/Substrate/Glints2/dict_0000_0166.uasset" 6609
"/Engine/EngineMaterials/Substrate/Glints2/dict_0000_0166" 6610
"../../../Engine/Content/EngineMaterials/Substrate/Glints2/dict_0000_0072.uasset" 6611
"../../../Engine/Content/EngineMaterials/Substrate/Glints2/dict_0000_0050.uasset" 6612
"/Engine/EngineMaterials/Substrate/Glints2/dict_0000_0165" 6613
"../../../Engine/Content/EngineMaterials/Substrate/Glints2/dict_0000_0168.uasset" 6614
"/Engine/EngineMaterials/Substrate/Glints2/dict_0000_0162" 6615
"../../../Engine/Content/EngineMaterials/Substrate/Glints2/dict_0000_0167.uasset" 6616
"../../../Engine/Content/EngineMaterials/Substrate/Glints2/dict_0000_0170.uasset" 6617
"/Engine/EngineMaterials/Substrate/GLints/dict_16_192_64_0p5_0p02_0058_0006" 6618
"/Engine/EngineMaterials/Substrate/Glints2/dict_0000_0161" 6619
"../../../Engine/Content/EngineMaterials/Substrate/Glints2/dict_0000_0025.uasset" 6620
"/Engine/EngineMaterials/Substrate/GLints/AGlintTex2dArray" 6621
"../../../Engine/Content/EngineMaterials/Substrate/Glints2/dict_0000_0172.uasset" 6622
"../../../Engine/Content/EngineMaterials/Substrate/Glints2/dict_0000_0171.uasset" 6623
"../../../Engine/Content/EngineMaterials/Substrate/Glints2/dict_0000_0064.uasset" 6624
"../../../Engine/Content/EngineMaterials/Substrate/Glints2/dict_0000_0175.uasset" 6625
"../../../Engine/Content/EngineMaterials/Substrate/Glints2/dict_0000_0177.uasset" 6626
"../../../Engine/Content/EngineMaterials/Substrate/Glints2/dict_0000_0176.uasset" 6627
"/Engine/EngineMaterials/Substrate/Glints2/dict_0000_0163" 6628
"/Engine/EngineMaterials/Substrate/Glints2/dict_0000_0177" 6629
"/Engine/EngineMaterials/Substrate/Glints2/dict_0000_0176" 6630
"/Engine/EngineMaterials/Substrate/Glints2/dict_0000_0168" 6631
"/Engine/EngineMaterials/Substrate/Glints2/dict_0000_0167" 6632
"/Engine/EngineMaterials/Substrate/Glints2/dict_0000_0072" 6633
"/Engine/EngineMaterials/Substrate/Glints2/dict_0000_0175" 6634
"/Engine/EngineMaterials/Substrate/Glints2/dict_0000_0050" 6635
"/Engine/EngineMaterials/Substrate/Glints2/dict_0000_0064" 6636
"/Engine/EngineMaterials/Substrate/Glints2/dict_0000_0171" 6637
"/Engine/EngineMaterials/Substrate/Glints2/dict_0000_0172" 6638
"/Engine/EngineMaterials/Substrate/Glints2/dict_0000_0025" 6639
"/Engine/EngineMaterials/Substrate/Glints2/dict_0000_0170" 6640
"../../../Engine/Content/EngineMaterials/Substrate/Glints2/dict_0000_0180.uasset" 6641
"../../../Engine/Content/EngineMaterials/Substrate/Glints2/dict_0000_0179.uasset" 6642
"/Engine/EngineMaterials/Substrate/Glints2/dict_0000_0180" 6643
"../../../Engine/Content/EngineMaterials/Substrate/Glints2/dict_0000_0183.uasset" 6644
"/Engine/EngineMaterials/Substrate/Glints2/dict_0000_0179" 6645
"/Engine/EngineMaterials/Substrate/Glints2/dict_0000_0183" 6646
"../../../Engine/Content/EngineMaterials/Substrate/Glints2/dict_0000_0182.uasset" 6647
"../../../Engine/Content/EngineMaterials/Substrate/Glints2/dict_0000_0185.uasset" 6648
"../../../Engine/Content/EngineMaterials/Substrate/Glints2/dict_0000_0184.uasset" 6649
"../../../Engine/Content/EngineMaterials/Substrate/Glints2/dict_0000_0186.uasset" 6650
"/Engine/EngineMaterials/Substrate/Glints2/dict_0000_0186" 6651
"/Engine/EngineMaterials/Substrate/Glints2/dict_0000_0182" 6652
"../../../Engine/Content/EngineMaterials/Substrate/Glints2/dict_0000_0187.uasset" 6653
"/Engine/EngineMaterials/Substrate/Glints2/dict_0000_0185" 6654
"../../../Engine/Content/EngineMaterials/Substrate/Glints2/dict_0000_0115.uasset" 6655
"/Engine/EngineMaterials/Substrate/Glints2/dict_0000_0184" 6656
"/Engine/EngineMaterials/Substrate/Glints2/dict_0000_0115" 6657
"/Engine/EngineMaterials/Substrate/Glints2/dict_0000_0187" 6658
"../../../Engine/Content/EngineMaterials/Substrate/Glints2/dict_0000_0189.uasset" 6659
"../../../Engine/Content/EngineMaterials/Substrate/Glints2/dict_0000_0188.uasset" 6660
"../../../Engine/Content/EngineMaterials/Substrate/Glints2/dict_0000_0190.uasset" 6661
"../../../Engine/Content/EngineMaterials/Substrate/Glints2/dict_0000_0192.uasset" 6662
"../../../Engine/Content/EngineMaterials/Substrate/Glints2/dict_0000_0191.uasset" 6663
"/Engine/EngineMaterials/Substrate/Glints2/dict_0000_0190" 6664
"/Engine/EngineMaterials/Substrate/Glints2/dict_0000_0189" 6665
"/Engine/EngineMaterials/Substrate/Glints2/dict_0000_0188" 6666
"/Engine/EngineMaterials/Substrate/Glints2/dict_0000_0192" 6667
"/Engine/EngineMaterials/Substrate/Glints2/dict_0000_0191" 6668
"../../../Engine/Content/EngineMaterials/Substrate/Glints2/dict_0000_0194.uasset" 6669
"/Engine/EngineMaterials/Substrate/Glints2/dict_0000_0194" 6670
"../../../Engine/Content/EngineMaterials/Substrate/Glints2/dict_0000_0193.uasset" 6671
"../../../Engine/Content/EngineMaterials/Substrate/Glints2/dict_0000_0195.uasset" 6672
"../../../Engine/Content/EngineMaterials/Substrate/Glints2/dict_0000_0196.uasset" 6673
"../../../Engine/Content/EngineMaterials/Substrate/Glints2/dict_0000_0197.uasset" 6674
"/Engine/EngineMaterials/Substrate/Glints2/dict_0000_0197" 6675
"/Engine/EngineMaterials/Substrate/Glints2/dict_0000_0196" 6676
"../../../Engine/Content/EngineMaterials/Substrate/Glints2/dict_0000_0198.uasset" 6677
"/Engine/EngineMaterials/Substrate/Glints2/dict_0000_0195" 6678
"/Engine/EngineMaterials/Substrate/Glints2/dict_0000_0193" 6679
"/Engine/EngineMaterials/Substrate/Glints2/dict_0000_0198" 6680
"../../../Engine/Content/EngineMaterials/Substrate/Glints2/dict_0000_0200.uasset" 6681
"/Engine/EngineMaterials/Substrate/Glints2/dict_0000_0200" 6682
"../../../Engine/Content/EngineMaterials/Substrate/Glints2/dict_0000_0199.uasset" 6683
"/Engine/EngineMaterials/Substrate/Glints2/dict_0000_0199" 6684
"../../../Engine/Content/EngineMaterials/Substrate/Glints2/dict_0000_0201.uasset" 6685
"../../../Engine/Content/EngineMaterials/Substrate/Glints2/dict_0000_0202.uasset" 6686
"../../../Engine/Content/EngineMaterials/Substrate/Glints2/dict_0000_0203.uasset" 6687
"/Engine/EngineMaterials/Substrate/Glints2/dict_0000_0202" 6688
"../../../Engine/Content/EngineMaterials/Substrate/Glints2/dict_0000_0205.uasset" 6689
"../../../Engine/Content/EngineMaterials/Substrate/Glints2/dict_0000_0204.uasset" 6690
"../../../Engine/Content/EngineMaterials/Substrate/Glints2/dict_0000_0152.uasset" 6691
"/Engine/EngineMaterials/Substrate/Glints2/dict_0000_0201" 6692
"/Engine/EngineMaterials/Substrate/Glints2/dict_0000_0203" 6693
"/Engine/EngineMaterials/Substrate/Glints2/dict_0000_0205" 6694
"/Engine/EngineMaterials/Substrate/Glints2/dict_0000_0204" 6695
"/Engine/EngineMaterials/Substrate/Glints2/dict_0000_0152" 6696
"../../../Engine/Content/EngineMaterials/Substrate/Glints2/dict_0000_0207.uasset" 6697
"../../../Engine/Content/EngineMaterials/Substrate/Glints2/dict_0000_0208.uasset" 6698
"../../../Engine/Content/EngineMaterials/Substrate/Glints2/dict_0000_0206.uasset" 6699
"../../../Engine/Content/EngineMaterials/Substrate/Glints2/dict_0000_0209.uasset" 6700
"/Engine/EngineMaterials/Substrate/Glints2/dict_0000_0209" 6701
"/Engine/EngineMaterials/Substrate/Glints2/dict_0000_0208" 6702
"/Engine/EngineMaterials/Substrate/Glints2/dict_0000_0207" 6703
"/Engine/EngineMaterials/Substrate/Glints2/dict_0000_0206" 6704
"../../../Engine/Content/EngineMaterials/Substrate/Glints2/dict_0000_0210.uasset" 6705
"/Engine/EngineMaterials/Substrate/Glints2/dict_0000_0210" 6706
"../../../Engine/Content/EngineMaterials/Substrate/Glints2/dict_0000_0212.uasset" 6707
"../../../Engine/Content/EngineMaterials/Substrate/Glints2/dict_0000_0214.uasset" 6708
"../../../Engine/Content/EngineMaterials/Substrate/Glints2/dict_0000_0213.uasset" 6709
"../../../Engine/Content/EngineMaterials/Substrate/Glints2/dict_0000_0215.uasset" 6710
"/Engine/EngineMaterials/Substrate/Glints2/dict_0000_0215" 6711
"/Engine/EngineMaterials/Substrate/Glints2/dict_0000_0214" 6712
"../../../Engine/Content/EngineMaterials/Substrate/Glints2/dict_0000_0216.uasset" 6713
"/Engine/EngineMaterials/Substrate/Glints2/dict_0000_0213" 6714
"/Engine/EngineMaterials/Substrate/Glints2/dict_0000_0212" 6715
"/Engine/EngineMaterials/Substrate/Glints2/dict_0000_0216" 6716
"../../../Engine/Content/EngineMaterials/Substrate/Glints2/dict_0000_0217.uasset" 6717
"/Engine/EngineMaterials/Substrate/Glints2/dict_0000_0217" 6718
"../../../Engine/Content/EngineMaterials/Substrate/Glints2/dict_0000_0218.uasset" 6719
"../../../Engine/Content/EngineMaterials/Substrate/Glints2/dict_0000_0219.uasset" 6720
"../../../Engine/Content/EngineMaterials/Substrate/Glints2/dict_0000_0220.uasset" 6721
"../../../Engine/Content/EngineMaterials/Substrate/Glints2/dict_0000_0221.uasset" 6722
"../../../Engine/Content/EngineMaterials/Substrate/Glints2/dict_0000_0222.uasset" 6723
"/Engine/EngineMaterials/Substrate/Glints2/dict_0000_0222" 6724
"/Engine/EngineMaterials/Substrate/Glints2/dict_0000_0221" 6725
"/Engine/EngineMaterials/Substrate/Glints2/dict_0000_0220" 6726
"/Engine/EngineMaterials/Substrate/Glints2/dict_0000_0219" 6727
"/Engine/EngineMaterials/Substrate/Glints2/dict_0000_0218" 6728
"../../../Engine/Content/EngineMaterials/Substrate/Glints2/dict_0000_0224.uasset" 6729
"../../../Engine/Content/EngineMaterials/Substrate/Glints2/dict_0000_0225.uasset" 6730
"../../../Engine/Content/EngineMaterials/Substrate/Glints2/dict_0000_0223.uasset" 6731
"../../../Engine/Content/EngineMaterials/Substrate/Glints2/dict_0000_0226.uasset" 6732
"../../../Engine/Content/EngineMaterials/Substrate/Glints2/dict_0000_0227.uasset" 6733
"../../../Engine/Content/EngineMaterials/Substrate/Glints2/dict_0000_0230.uasset" 6734
"../../../Engine/Content/EngineMaterials/Substrate/Glints2/dict_0000_0228.uasset" 6735
"../../../Engine/Content/EngineMaterials/Substrate/Glints2/dict_0000_0229.uasset" 6736
"/Engine/EngineMaterials/Substrate/Glints2/dict_0000_0227" 6737
"/Engine/EngineMaterials/Substrate/Glints2/dict_0000_0226" 6738
"/Engine/EngineMaterials/Substrate/Glints2/dict_0000_0223" 6739
"/Engine/EngineMaterials/Substrate/Glints2/dict_0000_0224" 6740
"/Engine/EngineMaterials/Substrate/Glints2/dict_0000_0230" 6741
"/Engine/EngineMaterials/Substrate/Glints2/dict_0000_0229" 6742
"/Engine/EngineMaterials/Substrate/Glints2/dict_0000_0228" 6743
"/Engine/EngineMaterials/Substrate/Glints2/dict_0000_0225" 6744
"../../../Engine/Content/EngineMaterials/Substrate/Glints2/dict_0000_0231.uasset" 6745
"../../../Engine/Content/EngineMaterials/Substrate/Glints2/dict_0000_0233.uasset" 6746
"../../../Engine/Content/EngineMaterials/Substrate/Glints2/dict_0000_0232.uasset" 6747
"../../../Engine/Content/EngineMaterials/Substrate/Glints2/dict_0000_0236.uasset" 6748
"../../../Engine/Content/EngineMaterials/Substrate/Glints2/dict_0000_0234.uasset" 6749
"/Engine/EngineMaterials/Substrate/Glints2/dict_0000_0234" 6750
"../../../Engine/Content/EngineMaterials/Substrate/Glints2/dict_0000_0169.uasset" 6751
"/Engine/EngineMaterials/Substrate/Glints2/dict_0000_0233" 6752
"/Engine/EngineMaterials/Substrate/Glints2/dict_0000_0232" 6753
"/Engine/EngineMaterials/Substrate/Glints2/dict_0000_0236" 6754
"/Engine/EngineMaterials/Substrate/Glints2/dict_0000_0231" 6755
"/Engine/EngineMaterials/Substrate/Glints2/dict_0000_0169" 6756
"../../../Engine/Content/EngineMaterials/Substrate/Glints2/dict_0000_0235.uasset" 6757
"../../../Engine/Content/EngineMaterials/Substrate/Glints2/dict_0000_0238.uasset" 6758
"../../../Engine/Content/EngineMaterials/Substrate/Glints2/dict_0000_0239.uasset" 6759
"../../../Engine/Content/EngineMaterials/Substrate/Glints2/dict_0000_0241.uasset" 6760
"../../../Engine/Content/EngineMaterials/Substrate/Glints2/dict_0000_0237.uasset" 6761
"../../../Engine/Content/EngineMaterials/Substrate/Glints2/dict_0000_0240.uasset" 6762
"/Engine/EngineMaterials/Substrate/Glints2/dict_0000_0240" 6763
"../../../Engine/Content/EngineMaterials/Substrate/Glints2/dict_0000_0243.uasset" 6764
"../../../Engine/Content/EngineMaterials/Substrate/Glints2/dict_0000_0244.uasset" 6765
"/Engine/EngineMaterials/Substrate/Glints2/dict_0000_0239" 6766
"/Engine/EngineMaterials/Substrate/Glints2/dict_0000_0238" 6767
"/Engine/EngineMaterials/Substrate/Glints2/dict_0000_0235" 6768
"/Engine/EngineMaterials/Substrate/Glints2/dict_0000_0241" 6769
"/Engine/EngineMaterials/Substrate/Glints2/dict_0000_0237" 6770
"/Engine/EngineMaterials/Substrate/Glints2/dict_0000_0244" 6771
"/Engine/EngineMaterials/Substrate/Glints2/dict_0000_0243" 6772
"../../../Engine/Content/EngineMaterials/Substrate/Glints2/dict_0000_0247.uasset" 6773
"../../../Engine/Content/EngineMaterials/Substrate/Glints2/dict_0000_0246.uasset" 6774
"../../../Engine/Content/EngineMaterials/Substrate/Glints2/dict_0000_0245.uasset" 6775
"../../../Engine/Content/EngineMaterials/Substrate/Glints2/dict_0000_0248.uasset" 6776
"/Engine/EngineMaterials/Substrate/Glints2/dict_0000_0246" 6777
"/Engine/EngineMaterials/Substrate/Glints2/dict_0000_0245" 6778
"../../../Engine/Content/EngineMaterials/Substrate/Glints2/dict_0000_0250.uasset" 6779
"/Engine/EngineMaterials/Substrate/Glints2/dict_0000_0248" 6780
"/Engine/EngineMaterials/Substrate/Glints2/dict_0000_0247" 6781
"/Engine/EngineMaterials/Substrate/Glints2/dict_0000_0250" 6782
"../../../Engine/Content/EngineMaterials/Substrate/Glints2/dict_0000_0249.uasset" 6783
"/Engine/EngineMaterials/Substrate/Glints2/dict_0000_0249" 6784
"../../../Engine/Content/EngineMaterials/Substrate/Glints2/dict_0000_0251.uasset" 6785
"../../../Engine/Content/EngineMaterials/Substrate/Glints2/dict_0000_0252.uasset" 6786
"../../../Engine/Content/EngineMaterials/Substrate/Glints2/dict_0000_0253.uasset" 6787
"/Engine/EngineMaterials/Substrate/Glints2/dict_0000_0253" 6788
"../../../Engine/Content/EngineMaterials/Substrate/Glints2/dict_0001_0000.uasset" 6789
"/Engine/EngineMaterials/Substrate/Glints2/dict_0000_0252" 6790
"../../../Engine/Content/EngineMaterials/Substrate/Glints2/dict_0000_0255.uasset" 6791
"../../../Engine/Content/EngineMaterials/Substrate/Glints2/dict_0000_0254.uasset" 6792
"/Engine/EngineMaterials/Substrate/Glints2/dict_0000_0251" 6793
"/Engine/EngineMaterials/Substrate/Glints2/dict_0000_0254" 6794
"/Engine/EngineMaterials/Substrate/Glints2/dict_0001_0000" 6795
"/Engine/EngineMaterials/Substrate/Glints2/dict_0000_0255" 6796
"../../../Engine/Content/EngineMaterials/Substrate/Glints2/dict_0001_0001.uasset" 6797
"../../../Engine/Content/EngineMaterials/Substrate/Glints2/dict_0001_0002.uasset" 6798
"../../../Engine/Content/EngineMaterials/Substrate/Glints2/dict_0001_0003.uasset" 6799
"/Engine/EngineMaterials/Substrate/Glints2/dict_0001_0003" 6800
"../../../Engine/Content/EngineMaterials/Substrate/Glints2/dict_0001_0005.uasset" 6801
"/Engine/EngineMaterials/Substrate/Glints2/dict_0001_0002" 6802
"../../../Engine/Content/EngineMaterials/Substrate/Glints2/dict_0001_0004.uasset" 6803
"/Engine/EngineMaterials/Substrate/Glints2/dict_0001_0001" 6804
"/Engine/EngineMaterials/Substrate/Glints2/dict_0001_0004" 6805
"/Engine/EngineMaterials/Substrate/Glints2/dict_0001_0005" 6806
"../../../Engine/Content/EngineMaterials/Substrate/Glints2/dict_0001_0007.uasset" 6807
"../../../Engine/Content/EngineMaterials/Substrate/Glints2/dict_0001_0008.uasset" 6808
"../../../Engine/Content/EngineMaterials/Substrate/Glints2/dict_0001_0009.uasset" 6809
"/Engine/EngineMaterials/Substrate/Glints2/dict_0001_0009" 6810
"/Engine/EngineMaterials/Substrate/Glints2/dict_0001_0008" 6811
"../../../Engine/Content/EngineMaterials/Substrate/Glints2/dict_0001_0010.uasset" 6812
"/Engine/EngineMaterials/Substrate/Glints2/dict_0001_0007" 6813
"/Engine/EngineMaterials/Substrate/Glints2/dict_0001_0010" 6814
"../../../Engine/Content/EngineMaterials/Substrate/Glints2/dict_0001_0011.uasset" 6815
"../../../Engine/Content/EngineMaterials/Substrate/Glints2/dict_0001_0012.uasset" 6816
"../../../Engine/Content/EngineMaterials/Substrate/Glints2/dict_0001_0014.uasset" 6817
"/Engine/EngineMaterials/Substrate/Glints2/dict_0001_0012" 6818
"../../../Engine/Content/EngineMaterials/Substrate/Glints2/dict_0001_0013.uasset" 6819
"/Engine/EngineMaterials/Substrate/Glints2/dict_0001_0011" 6820
"/Engine/EngineMaterials/Substrate/Glints2/dict_0001_0014" 6821
"../../../Engine/Content/EngineMaterials/Substrate/Glints2/dict_0001_0015.uasset" 6822
"/Engine/EngineMaterials/Substrate/Glints2/dict_0001_0015" 6823
"/Engine/EngineMaterials/Substrate/Glints2/dict_0001_0013" 6824
"../../../Engine/Content/EngineMaterials/Substrate/Glints2/dict_0001_0016.uasset" 6825
"../../../Engine/Content/EngineMaterials/Substrate/Glints2/dict_0001_0017.uasset" 6826
"../../../Engine/Content/EngineMaterials/Substrate/Glints2/dict_0001_0018.uasset" 6827
"/Engine/EngineMaterials/Substrate/Glints2/dict_0001_0016" 6828
"/Engine/EngineMaterials/Substrate/Glints2/dict_0001_0017" 6829
"../../../Engine/Content/EngineMaterials/Substrate/Glints2/dict_0001_0021.uasset" 6830
"/Engine/EngineMaterials/Substrate/Glints2/dict_0001_0018" 6831
"/Engine/EngineMaterials/Substrate/Glints2/dict_0001_0021" 6832
"../../../Engine/Content/EngineMaterials/Substrate/Glints2/dict_0001_0019.uasset" 6833
"/Engine/EngineMaterials/Substrate/Glints2/dict_0001_0019" 6834
"../../../Engine/Content/EngineMaterials/Substrate/Glints2/dict_0001_0022.uasset" 6835
"../../../Engine/Content/EngineMaterials/Substrate/Glints2/dict_0001_0020.uasset" 6836
"../../../Engine/Content/EngineMaterials/Substrate/Glints2/dict_0001_0023.uasset" 6837
"../../../Engine/Content/EngineMaterials/Substrate/Glints2/dict_0001_0024.uasset" 6838
"../../../Engine/Content/EngineMaterials/Substrate/Glints2/dict_0001_0026.uasset" 6839
"../../../Engine/Content/EngineMaterials/Substrate/Glints2/dict_0001_0025.uasset" 6840
"/Engine/EngineMaterials/Substrate/Glints2/dict_0001_0024" 6841
"/Engine/EngineMaterials/Substrate/Glints2/dict_0001_0020" 6842
"/Engine/EngineMaterials/Substrate/Glints2/dict_0001_0026" 6843
"/Engine/EngineMaterials/Substrate/Glints2/dict_0001_0025" 6844
"/Engine/EngineMaterials/Substrate/Glints2/dict_0001_0023" 6845
"/Engine/EngineMaterials/Substrate/Glints2/dict_0001_0022" 6846
"../../../Engine/Content/EngineMaterials/Substrate/Glints2/dict_0001_0027.uasset" 6847
"../../../Engine/Content/EngineMaterials/Substrate/Glints2/dict_0001_0028.uasset" 6848
"../../../Engine/Content/EngineMaterials/Substrate/Glints2/dict_0000_0211.uasset" 6849
"../../../Engine/Content/EngineMaterials/Substrate/Glints2/dict_0001_0029.uasset" 6850
"../../../Engine/Content/EngineMaterials/Substrate/Glints2/dict_0001_0030.uasset" 6851
"../../../Engine/Content/EngineMaterials/Substrate/Glints2/dict_0001_0031.uasset" 6852
"/Engine/EngineMaterials/Substrate/Glints2/dict_0001_0029" 6853
"/Engine/EngineMaterials/Substrate/Glints2/dict_0000_0211" 6854
"/Engine/EngineMaterials/Substrate/Glints2/dict_0001_0031" 6855
"../../../Engine/Content/EngineMaterials/Substrate/Glints2/dict_0001_0032.uasset" 6856
"/Engine/EngineMaterials/Substrate/Glints2/dict_0001_0030" 6857
"/Engine/EngineMaterials/Substrate/Glints2/dict_0001_0027" 6858
"/Engine/EngineMaterials/Substrate/Glints2/dict_0001_0028" 6859
"/Engine/EngineMaterials/Substrate/Glints2/dict_0001_0032" 6860
"../../../Engine/Content/EngineMaterials/Substrate/Glints2/dict_0001_0033.uasset" 6861
"../../../Engine/Content/EngineMaterials/Substrate/Glints2/dict_0001_0035.uasset" 6862
"../../../Engine/Content/EngineMaterials/Substrate/Glints2/dict_0001_0036.uasset" 6863
"../../../Engine/Content/EngineMaterials/Substrate/Glints2/dict_0001_0037.uasset" 6864
"/Engine/EngineMaterials/Substrate/Glints2/dict_0001_0033" 6865
"/Engine/EngineMaterials/Substrate/Glints2/dict_0001_0036" 6866
"/Engine/EngineMaterials/Substrate/Glints2/dict_0001_0035" 6867
"/Engine/EngineMaterials/Substrate/Glints2/dict_0001_0037" 6868
"../../../Engine/Content/EngineMaterials/Substrate/Glints2/dict_0001_0039.uasset" 6869
"../../../Engine/Content/EngineMaterials/Substrate/Glints2/dict_0001_0040.uasset" 6870
"../../../Engine/Content/EngineMaterials/Substrate/Glints2/dict_0001_0038.uasset" 6871
"../../../Engine/Content/EngineMaterials/Substrate/Glints2/dict_0001_0041.uasset" 6872
"/Engine/EngineMaterials/Substrate/Glints2/dict_0001_0041" 6873
"../../../Engine/Content/EngineMaterials/Substrate/Glints2/dict_0001_0042.uasset" 6874
"/Engine/EngineMaterials/Substrate/Glints2/dict_0001_0038" 6875
"/Engine/EngineMaterials/Substrate/Glints2/dict_0001_0040" 6876
"../../../Engine/Content/EngineMaterials/Substrate/Glints2/dict_0001_0045.uasset" 6877
"/Engine/EngineMaterials/Substrate/Glints2/dict_0001_0039" 6878
"../../../Engine/Content/EngineMaterials/Substrate/Glints2/dict_0001_0043.uasset" 6879
"/Engine/EngineMaterials/Substrate/Glints2/dict_0001_0042" 6880
"/Engine/EngineMaterials/Substrate/Glints2/dict_0001_0043" 6881
"../../../Engine/Content/EngineMaterials/Substrate/Glints2/dict_0001_0044.uasset" 6882
"/Engine/EngineMaterials/Substrate/Glints2/dict_0001_0045" 6883
"/Engine/EngineMaterials/Substrate/Glints2/dict_0001_0044" 6884
"../../../Engine/Content/EngineMaterials/Substrate/Glints2/dict_0001_0046.uasset" 6885
"../../../Engine/Content/EngineMaterials/Substrate/Glints2/dict_0001_0049.uasset" 6886
"../../../Engine/Content/EngineMaterials/Substrate/Glints2/dict_0001_0048.uasset" 6887
"../../../Engine/Content/EngineMaterials/Substrate/Glints2/dict_0001_0047.uasset" 6888
"/Engine/EngineMaterials/Substrate/Glints2/dict_0001_0049" 6889
"/Engine/EngineMaterials/Substrate/Glints2/dict_0001_0048" 6890
"/Engine/EngineMaterials/Substrate/Glints2/dict_0001_0047" 6891
"/Engine/EngineMaterials/Substrate/Glints2/dict_0001_0046" 6892
"../../../Engine/Content/EngineMaterials/Substrate/Glints2/dict_0001_0050.uasset" 6893
"../../../Engine/Content/EngineMaterials/Substrate/Glints2/dict_0001_0051.uasset" 6894
"../../../Engine/Content/EngineMaterials/Substrate/Glints2/dict_0000_0164.uasset" 6895
"../../../Engine/Content/EngineMaterials/Substrate/Glints2/dict_0001_0054.uasset" 6896
"../../../Engine/Content/EngineMaterials/Substrate/Glints2/dict_0000_0173.uasset" 6897
"../../../Engine/Content/EngineMaterials/Substrate/Glints2/dict_0001_0053.uasset" 6898
"../../../Engine/Content/EngineMaterials/Substrate/Glints2/dict_0001_0052.uasset" 6899
"/Engine/EngineMaterials/Substrate/Glints2/dict_0001_0054" 6900
"/Engine/EngineMaterials/Substrate/Glints2/dict_0001_0053" 6901
"/Engine/EngineMaterials/Substrate/Glints2/dict_0001_0052" 6902
"/Engine/EngineMaterials/Substrate/Glints2/dict_0001_0051" 6903
"/Engine/EngineMaterials/Substrate/Glints2/dict_0000_0173" 6904
"/Engine/EngineMaterials/Substrate/Glints2/dict_0001_0050" 6905
"/Engine/EngineMaterials/Substrate/Glints2/dict_0000_0164" 6906
"../../../Engine/Content/EngineMaterials/Substrate/Glints2/dict_0001_0055.uasset" 6907
"/Engine/EngineMaterials/Substrate/Glints2/dict_0001_0055" 6908
"../../../Engine/Content/EngineMaterials/Substrate/Glints2/dict_0001_0056.uasset" 6909
"../../../Engine/Content/EngineMaterials/Substrate/Glints2/dict_0001_0058.uasset" 6910
"../../../Engine/Content/EngineMaterials/Substrate/Glints2/dict_0001_0061.uasset" 6911
"../../../Engine/Content/EngineMaterials/Substrate/Glints2/dict_0001_0060.uasset" 6912
"/Engine/EngineMaterials/Substrate/Glints2/dict_0001_0056" 6913
"/Engine/EngineMaterials/Substrate/Glints2/dict_0001_0058" 6914
"../../../Engine/Content/EngineMaterials/Substrate/Glints2/dict_0001_0062.uasset" 6915
"../../../Engine/Content/EngineMaterials/Substrate/Glints2/dict_0001_0063.uasset" 6916
"../../../Engine/Content/EngineMaterials/Substrate/Glints2/dict_0001_0064.uasset" 6917
"/Engine/EngineMaterials/Substrate/Glints2/dict_0001_0061" 6918
"/Engine/EngineMaterials/Substrate/Glints2/dict_0001_0060" 6919
"/Engine/EngineMaterials/Substrate/Glints2/dict_0001_0064" 6920
"/Engine/EngineMaterials/Substrate/Glints2/dict_0001_0063" 6921
"/Engine/EngineMaterials/Substrate/Glints2/dict_0001_0062" 6922
"../../../Engine/Content/EngineMaterials/Substrate/Glints2/dict_0001_0066.uasset" 6923
"../../../Engine/Content/EngineMaterials/Substrate/Glints2/dict_0001_0065.uasset" 6924
"../../../Engine/Content/EngineMaterials/Substrate/Glints2/dict_0001_0069.uasset" 6925
"../../../Engine/Content/EngineMaterials/Substrate/Glints2/dict_0001_0068.uasset" 6926
"../../../Engine/Content/EngineMaterials/Substrate/Glints2/dict_0001_0006.uasset" 6927
"../../../Engine/Content/EngineMaterials/Substrate/Glints2/dict_0001_0067.uasset" 6928
"/Engine/EngineMaterials/Substrate/Glints2/dict_0001_0067" 6929
"/Engine/EngineMaterials/Substrate/Glints2/dict_0001_0066" 6930
"../../../Engine/Content/EngineMaterials/Substrate/Glints2/dict_0001_0070.uasset" 6931
"../../../Engine/Content/EngineMaterials/Substrate/Glints2/dict_0001_0071.uasset" 6932
"/Engine/EngineMaterials/Substrate/Glints2/dict_0001_0006" 6933
"/Engine/EngineMaterials/Substrate/Glints2/dict_0001_0069" 6934
"/Engine/EngineMaterials/Substrate/Glints2/dict_0001_0065" 6935
"/Engine/EngineMaterials/Substrate/Glints2/dict_0001_0068" 6936
"/Engine/EngineMaterials/Substrate/Glints2/dict_0001_0071" 6937
"/Engine/EngineMaterials/Substrate/Glints2/dict_0001_0070" 6938
"../../../Engine/Content/EngineMaterials/Substrate/Glints2/dict_0001_0073.uasset" 6939
"../../../Engine/Content/EngineMaterials/Substrate/Glints2/dict_0001_0072.uasset" 6940
"../../../Engine/Content/EngineMaterials/Substrate/Glints2/dict_0001_0074.uasset" 6941
"../../../Engine/Content/EngineMaterials/Substrate/Glints2/dict_0001_0075.uasset" 6942
"../../../Engine/Content/EngineMaterials/Substrate/Glints2/dict_0001_0057.uasset" 6943
"../../../Engine/Content/EngineMaterials/Substrate/Glints2/dict_0001_0077.uasset" 6944
"../../../Engine/Content/EngineMaterials/Substrate/Glints2/dict_0001_0076.uasset" 6945
"/Engine/EngineMaterials/Substrate/Glints2/dict_0001_0072" 6946
"/Engine/EngineMaterials/Substrate/Glints2/dict_0001_0077" 6947
"/Engine/EngineMaterials/Substrate/Glints2/dict_0001_0076" 6948
"/Engine/EngineMaterials/Substrate/Glints2/dict_0001_0057" 6949
"/Engine/EngineMaterials/Substrate/Glints2/dict_0001_0075" 6950
"../../../Engine/Content/EngineMaterials/Substrate/Glints2/dict_0001_0078.uasset" 6951
"/Engine/EngineMaterials/Substrate/Glints2/dict_0001_0074" 6952
"/Engine/EngineMaterials/Substrate/Glints2/dict_0001_0073" 6953
"../../../Engine/Content/EngineMaterials/Substrate/Glints2/dict_0001_0079.uasset" 6954
"/Engine/EngineMaterials/Substrate/Glints2/dict_0001_0079" 6955
"/Engine/EngineMaterials/Substrate/Glints2/dict_0001_0078" 6956
"../../../Engine/Content/EngineMaterials/Substrate/Glints2/dict_0001_0081.uasset" 6957
"../../../Engine/Content/EngineMaterials/Substrate/Glints2/dict_0001_0080.uasset" 6958
"../../../Engine/Content/EngineMaterials/Substrate/Glints2/dict_0001_0084.uasset" 6959
"../../../Engine/Content/EngineMaterials/Substrate/Glints2/dict_0001_0083.uasset" 6960
"../../../Engine/Content/EngineMaterials/Substrate/Glints2/dict_0001_0085.uasset" 6961
"../../../Engine/Content/EngineMaterials/Substrate/Glints2/dict_0001_0086.uasset" 6962
"/Engine/EngineMaterials/Substrate/Glints2/dict_0001_0080" 6963
"/Engine/EngineMaterials/Substrate/Glints2/dict_0001_0084" 6964
"/Engine/EngineMaterials/Substrate/Glints2/dict_0001_0083" 6965
"/Engine/EngineMaterials/Substrate/Glints2/dict_0001_0085" 6966
"../../../Engine/Content/EngineMaterials/Substrate/Glints2/dict_0001_0088.uasset" 6967
"/Engine/EngineMaterials/Substrate/Glints2/dict_0001_0081" 6968
"/Engine/EngineMaterials/Substrate/Glints2/dict_0001_0086" 6969
"/Engine/EngineMaterials/Substrate/Glints2/dict_0001_0088" 6970
"../../../Engine/Content/EngineMaterials/Substrate/Glints2/dict_0001_0087.uasset" 6971
"../../../Engine/Content/EngineMaterials/Substrate/Glints2/dict_0000_0092.uasset" 6972
"../../../Engine/Content/EngineMaterials/Substrate/Glints2/dict_0001_0089.uasset" 6973
"../../../Engine/Content/EngineMaterials/Substrate/Glints2/dict_0001_0090.uasset" 6974
"../../../Engine/Content/EngineMaterials/Substrate/Glints2/dict_0001_0091.uasset" 6975
"../../../Engine/Content/EngineMaterials/Substrate/Glints2/dict_0001_0092.uasset" 6976
"/Engine/EngineMaterials/Substrate/Glints2/dict_0000_0092" 6977
"../../../Engine/Content/EngineMaterials/Substrate/Glints2/dict_0001_0093.uasset" 6978
"/Engine/EngineMaterials/Substrate/Glints2/dict_0001_0092" 6979
"../../../Engine/Content/EngineMaterials/Substrate/Glints2/dict_0001_0094.uasset" 6980
"/Engine/EngineMaterials/Substrate/Glints2/dict_0001_0087" 6981
"/Engine/EngineMaterials/Substrate/Glints2/dict_0001_0091" 6982
"/Engine/EngineMaterials/Substrate/Glints2/dict_0001_0090" 6983
"/Engine/EngineMaterials/Substrate/Glints2/dict_0001_0089" 6984
"/Engine/EngineMaterials/Substrate/Glints2/dict_0001_0093" 6985
"/Engine/EngineMaterials/Substrate/Glints2/dict_0001_0094" 6986
"../../../Engine/Content/EngineMaterials/Substrate/Glints2/dict_0001_0096.uasset" 6987
"../../../Engine/Content/EngineMaterials/Substrate/Glints2/dict_0001_0098.uasset" 6988
"../../../Engine/Content/EngineMaterials/Substrate/Glints2/dict_0001_0099.uasset" 6989
"../../../Engine/Content/EngineMaterials/Substrate/Glints2/dict_0001_0100.uasset" 6990
"../../../Engine/Content/EngineMaterials/Substrate/Glints2/dict_0001_0101.uasset" 6991
"/Engine/EngineMaterials/Substrate/Glints2/dict_0001_0101" 6992
"/Engine/EngineMaterials/Substrate/Glints2/dict_0001_0100" 6993
"/Engine/EngineMaterials/Substrate/Glints2/dict_0001_0099" 6994
"/Engine/EngineMaterials/Substrate/Glints2/dict_0001_0098" 6995
"../../../Engine/Content/EngineMaterials/Substrate/Glints2/dict_0001_0102.uasset" 6996
"/Engine/EngineMaterials/Substrate/Glints2/dict_0001_0096" 6997
"../../../Engine/Content/EngineMaterials/Substrate/Glints2/dict_0001_0034.uasset" 6998
"/Engine/EngineMaterials/Substrate/Glints2/dict_0001_0102" 6999
"/Engine/EngineMaterials/Substrate/Glints2/dict_0001_0034" 7000
"../../../Engine/Content/EngineMaterials/Substrate/Glints2/dict_0001_0103.uasset" 7001
"../../../Engine/Content/EngineMaterials/Substrate/Glints2/dict_0001_0104.uasset" 7002
"../../../Engine/Content/EngineMaterials/Substrate/Glints2/dict_0001_0105.uasset" 7003
"../../../Engine/Content/EngineMaterials/Substrate/Glints2/dict_0001_0106.uasset" 7004
"/Engine/EngineMaterials/Substrate/Glints2/dict_0001_0104" 7005
"../../../Engine/Content/EngineMaterials/Substrate/Glints2/dict_0001_0107.uasset" 7006
"/Engine/EngineMaterials/Substrate/Glints2/dict_0001_0103" 7007
"../../../Engine/Content/EngineMaterials/Substrate/Glints2/dict_0001_0110.uasset" 7008
"../../../Engine/Content/EngineMaterials/Substrate/Glints2/dict_0001_0109.uasset" 7009
"/Engine/EngineMaterials/Substrate/Glints2/dict_0001_0106" 7010
"/Engine/EngineMaterials/Substrate/Glints2/dict_0001_0105" 7011
"/Engine/EngineMaterials/Substrate/Glints2/dict_0001_0109" 7012
"/Engine/EngineMaterials/Substrate/Glints2/dict_0001_0107" 7013
"/Engine/EngineMaterials/Substrate/Glints2/dict_0001_0110" 7014
"../../../Engine/Content/EngineMaterials/Substrate/Glints2/dict_0001_0111.uasset" 7015
"../../../Engine/Content/EngineMaterials/Substrate/Glints2/dict_0001_0112.uasset" 7016
"../../../Engine/Content/EngineMaterials/Substrate/Glints2/dict_0001_0115.uasset" 7017
"../../../Engine/Content/EngineMaterials/Substrate/Glints2/dict_0001_0114.uasset" 7018
"/Engine/EngineMaterials/Substrate/Glints2/dict_0001_0115" 7019
"/Engine/EngineMaterials/Substrate/Glints2/dict_0001_0111" 7020
"/Engine/EngineMaterials/Substrate/Glints2/dict_0001_0114" 7021
"/Engine/EngineMaterials/Substrate/Glints2/dict_0001_0112" 7022
"../../../Engine/Content/EngineMaterials/Substrate/Glints2/dict_0001_0117.uasset" 7023
"../../../Engine/Content/EngineMaterials/Substrate/Glints2/dict_0001_0116.uasset" 7024
"../../../Engine/Content/EngineMaterials/Substrate/Glints2/dict_0000_0174.uasset" 7025
"../../../Engine/Content/EngineMaterials/Substrate/Glints2/dict_0001_0118.uasset" 7026
"../../../Engine/Content/EngineMaterials/Substrate/Glints2/dict_0001_0119.uasset" 7027
"../../../Engine/Content/EngineMaterials/Substrate/Glints2/dict_0000_0178.uasset" 7028
"/Engine/EngineMaterials/Substrate/Glints2/dict_0001_0119" 7029
"/Engine/EngineMaterials/Substrate/Glints2/dict_0001_0117" 7030
"/Engine/EngineMaterials/Substrate/Glints2/dict_0001_0116" 7031
"/Engine/EngineMaterials/Substrate/Glints2/dict_0001_0118" 7032
"../../../Engine/Content/EngineMaterials/Substrate/Glints2/dict_0001_0120.uasset" 7033
"../../../Engine/Content/EngineMaterials/Substrate/Glints2/dict_0001_0059.uasset" 7034
"/Engine/EngineMaterials/Substrate/Glints2/dict_0000_0174" 7035
"../../../Engine/Content/EngineMaterials/Substrate/Glints2/dict_0001_0124.uasset" 7036
"../../../Engine/Content/EngineMaterials/Substrate/Glints2/dict_0001_0123.uasset" 7037
"../../../Engine/Content/EngineMaterials/Substrate/Glints2/dict_0001_0121.uasset" 7038
"/Engine/EngineMaterials/Substrate/Glints2/dict_0000_0178" 7039
"/Engine/EngineMaterials/Substrate/Glints2/dict_0001_0059" 7040
"/Engine/EngineMaterials/Substrate/Glints2/dict_0001_0124" 7041
"/Engine/EngineMaterials/Substrate/Glints2/dict_0001_0123" 7042
"/Engine/EngineMaterials/Substrate/Glints2/dict_0001_0121" 7043
"/Engine/EngineMaterials/Substrate/Glints2/dict_0001_0120" 7044
"../../../Engine/Content/EngineMaterials/Substrate/Glints2/dict_0001_0126.uasset" 7045
"../../../Engine/Content/EngineMaterials/Substrate/Glints2/dict_0001_0129.uasset" 7046
"../../../Engine/Content/EngineMaterials/Substrate/Glints2/dict_0001_0128.uasset" 7047
"../../../Engine/Content/EngineMaterials/Substrate/Glints2/dict_0001_0130.uasset" 7048
"/Engine/EngineMaterials/Substrate/Glints2/dict_0001_0130" 7049
"/Engine/EngineMaterials/Substrate/Glints2/dict_0001_0129" 7050
"/Engine/EngineMaterials/Substrate/Glints2/dict_0001_0128" 7051
"/Engine/EngineMaterials/Substrate/Glints2/dict_0001_0126" 7052
"../../../Engine/Content/EngineMaterials/Substrate/Glints2/dict_0001_0134.uasset" 7053
"../../../Engine/Content/EngineMaterials/Substrate/Glints2/dict_0001_0131.uasset" 7054
"../../../Engine/Content/EngineMaterials/Substrate/Glints2/dict_0001_0132.uasset" 7055
"../../../Engine/Content/EngineMaterials/Substrate/Glints2/dict_0001_0133.uasset" 7056
"/Engine/EngineMaterials/Substrate/Glints2/dict_0001_0133" 7057
"/Engine/EngineMaterials/Substrate/Glints2/dict_0001_0132" 7058
"/Engine/EngineMaterials/Substrate/Glints2/dict_0001_0134" 7059
"/Engine/EngineMaterials/Substrate/Glints2/dict_0001_0131" 7060
"../../../Engine/Content/EngineMaterials/Substrate/Glints2/dict_0001_0138.uasset" 7061
"../../../Engine/Content/EngineMaterials/Substrate/Glints2/dict_0001_0136.uasset" 7062
"../../../Engine/Content/EngineMaterials/Substrate/Glints2/dict_0001_0135.uasset" 7063
"../../../Engine/Content/EngineMaterials/Substrate/Glints2/dict_0000_0242.uasset" 7064
"../../../Engine/Content/EngineMaterials/Substrate/Glints2/dict_0001_0137.uasset" 7065
"/Engine/EngineMaterials/Substrate/Glints2/dict_0001_0137" 7066
"/Engine/EngineMaterials/Substrate/Glints2/dict_0001_0136" 7067
"/Engine/EngineMaterials/Substrate/Glints2/dict_0001_0135" 7068
"/Engine/EngineMaterials/Substrate/Glints2/dict_0000_0242" 7069
"../../../Engine/Content/EngineMaterials/Substrate/Glints2/dict_0001_0140.uasset" 7070
"/Engine/EngineMaterials/Substrate/Glints2/dict_0001_0138" 7071
"../../../Engine/Content/EngineMaterials/Substrate/Glints2/dict_0001_0141.uasset" 7072
"../../../Engine/Content/EngineMaterials/Substrate/Glints2/dict_0001_0139.uasset" 7073
"/Engine/EngineMaterials/Substrate/Glints2/dict_0001_0141" 7074
"/Engine/EngineMaterials/Substrate/Glints2/dict_0001_0140" 7075
"/Engine/EngineMaterials/Substrate/Glints2/dict_0001_0139" 7076
"../../../Engine/Content/EngineMaterials/Substrate/Glints2/dict_0001_0143.uasset" 7077
"../../../Engine/Content/EngineMaterials/Substrate/Glints2/dict_0001_0144.uasset" 7078
"../../../Engine/Content/EngineMaterials/Substrate/Glints2/dict_0001_0145.uasset" 7079
"/Engine/EngineMaterials/Substrate/Glints2/dict_0001_0143" 7080
"../../../Engine/Content/EngineMaterials/Substrate/Glints2/dict_0001_0146.uasset" 7081
"/Engine/EngineMaterials/Substrate/Glints2/dict_0001_0145" 7082
"/Engine/EngineMaterials/Substrate/Glints2/dict_0001_0144" 7083
"/Engine/EngineMaterials/Substrate/Glints2/dict_0001_0146" 7084
"../../../Engine/Content/EngineMaterials/Substrate/Glints2/dict_0001_0095.uasset" 7085
"../../../Engine/Content/EngineMaterials/Substrate/Glints2/dict_0001_0097.uasset" 7086
"../../../Engine/Content/EngineMaterials/Substrate/Glints2/dict_0001_0149.uasset" 7087
"../../../Engine/Content/EngineMaterials/Substrate/Glints2/dict_0001_0148.uasset" 7088
"../../../Engine/Content/EngineMaterials/Substrate/Glints2/dict_0001_0108.uasset" 7089
"../../../Engine/Content/EngineMaterials/Substrate/Glints2/dict_0001_0150.uasset" 7090
"/Engine/EngineMaterials/Substrate/Glints2/dict_0001_0095" 7091
"/Engine/EngineMaterials/Substrate/Glints2/dict_0001_0148" 7092
"/Engine/EngineMaterials/Substrate/Glints2/dict_0001_0108" 7093
"/Engine/EngineMaterials/Substrate/Glints2/dict_0001_0150" 7094
"/Engine/EngineMaterials/Substrate/Glints2/dict_0001_0149" 7095
"/Engine/EngineMaterials/Substrate/Glints2/dict_0001_0097" 7096
"../../../Engine/Content/EngineMaterials/Substrate/Glints2/dict_0001_0147.uasset" 7097
"../../../Engine/Content/EngineMaterials/Substrate/Glints2/dict_0001_0156.uasset" 7098
"../../../Engine/Content/EngineMaterials/Substrate/Glints2/dict_0001_0153.uasset" 7099
"../../../Engine/Content/EngineMaterials/Substrate/Glints2/dict_0001_0155.uasset" 7100
"/Engine/EngineMaterials/Substrate/Glints2/dict_0001_0156" 7101
"/Engine/EngineMaterials/Substrate/Glints2/dict_0001_0155" 7102
"/Engine/EngineMaterials/Substrate/Glints2/dict_0001_0147" 7103
"/Engine/EngineMaterials/Substrate/Glints2/dict_0001_0153" 7104
"../../../Engine/Content/EngineMaterials/Substrate/Glints2/dict_0001_0113.uasset" 7105
"../../../Engine/Content/EngineMaterials/Substrate/Glints2/dict_0001_0159.uasset" 7106
"../../../Engine/Content/EngineMaterials/Substrate/Glints2/dict_0001_0160.uasset" 7107
"../../../Engine/Content/EngineMaterials/Substrate/Glints2/dict_0001_0158.uasset" 7108
"../../../Engine/Content/EngineMaterials/Substrate/Glints2/dict_0001_0082.uasset" 7109
"/Engine/EngineMaterials/Substrate/Glints2/dict_0001_0160" 7110
"/Engine/EngineMaterials/Substrate/Glints2/dict_0001_0082" 7111
"/Engine/EngineMaterials/Substrate/Glints2/dict_0001_0159" 7112
"../../../Engine/Content/EngineMaterials/Substrate/Glints2/dict_0001_0163.uasset" 7113
"../../../Engine/Content/EngineMaterials/Substrate/Glints2/dict_0001_0162.uasset" 7114
"../../../Engine/Content/EngineMaterials/Substrate/Glints2/dict_0001_0164.uasset" 7115
"/Engine/EngineMaterials/Substrate/Glints2/dict_0001_0113" 7116
"/Engine/EngineMaterials/Substrate/Glints2/dict_0001_0158" 7117
"/Engine/EngineMaterials/Substrate/Glints2/dict_0001_0164" 7118
"/Engine/EngineMaterials/Substrate/Glints2/dict_0001_0163" 7119
"/Engine/EngineMaterials/Substrate/Glints2/dict_0001_0162" 7120
"../../../Engine/Content/EngineMaterials/Substrate/Glints2/dict_0001_0127.uasset" 7121
"../../../Engine/Content/EngineMaterials/Substrate/Glints2/dict_0001_0168.uasset" 7122
"../../../Engine/Content/EngineMaterials/Substrate/Glints2/dict_0001_0166.uasset" 7123
"../../../Engine/Content/EngineMaterials/Substrate/Glints2/dict_0001_0167.uasset" 7124
"../../../Engine/Content/EngineMaterials/Substrate/Glints2/dict_0001_0142.uasset" 7125
"/Engine/EngineMaterials/Substrate/Glints2/dict_0001_0167" 7126
"/Engine/EngineMaterials/Substrate/Glints2/dict_0001_0142" 7127
"/Engine/EngineMaterials/Substrate/Glints2/dict_0001_0168" 7128
"../../../Engine/Content/EngineMaterials/Substrate/Glints2/dict_0001_0125.uasset" 7129
"/Engine/EngineMaterials/Substrate/Glints2/dict_0001_0127" 7130
"/Engine/EngineMaterials/Substrate/Glints2/dict_0001_0166" 7131
"/Engine/EngineMaterials/Substrate/Glints2/dict_0001_0125" 7132
"../../../Engine/Content/EngineMaterials/Substrate/Glints2/dict_0001_0172.uasset" 7133
"../../../Engine/Content/EngineMaterials/Substrate/Glints2/dict_0001_0171.uasset" 7134
"/Engine/EngineMaterials/Substrate/Glints2/dict_0001_0172" 7135
"../../../Engine/Content/EngineMaterials/Substrate/Glints2/dict_0001_0122.uasset" 7136
"/Engine/EngineMaterials/Substrate/Glints2/dict_0001_0171" 7137
"../../../Engine/Content/EngineMaterials/Substrate/Glints2/dict_0001_0170.uasset" 7138
"/Engine/EngineMaterials/Substrate/Glints2/dict_0001_0122" 7139
"/Engine/EngineMaterials/Substrate/Glints2/dict_0001_0170" 7140
"../../../Engine/Content/EngineMaterials/Substrate/Glints2/dict_0001_0165.uasset" 7141
"../../../Engine/Content/EngineMaterials/Substrate/Glints2/dict_0001_0175.uasset" 7142
"../../../Engine/Content/EngineMaterials/Substrate/Glints2/dict_0001_0176.uasset" 7143
"/Engine/EngineMaterials/Substrate/Glints2/dict_0001_0176" 7144
"../../../Engine/Content/EngineMaterials/Substrate/Glints2/dict_0001_0178.uasset" 7145
"/Engine/EngineMaterials/Substrate/Glints2/dict_0001_0165" 7146
"/Engine/EngineMaterials/Substrate/Glints2/dict_0001_0175" 7147
"/Engine/EngineMaterials/Substrate/Glints2/dict_0001_0178" 7148
"../../../Engine/Content/EngineMaterials/Substrate/Glints2/dict_0001_0180.uasset" 7149
"../../../Engine/Content/EngineMaterials/Substrate/Glints2/dict_0001_0152.uasset" 7150
"../../../Engine/Content/EngineMaterials/Substrate/Glints2/dict_0001_0181.uasset" 7151
"../../../Engine/Content/EngineMaterials/Substrate/Glints2/dict_0001_0179.uasset" 7152
"../../../Engine/Content/EngineMaterials/Substrate/Glints2/dict_0001_0182.uasset" 7153
"/Engine/EngineMaterials/Substrate/Glints2/dict_0001_0152" 7154
"/Engine/EngineMaterials/Substrate/Glints2/dict_0001_0182" 7155
"/Engine/EngineMaterials/Substrate/Glints2/dict_0001_0181" 7156
"/Engine/EngineMaterials/Substrate/Glints2/dict_0001_0180" 7157
"/Engine/EngineMaterials/Substrate/Glints2/dict_0001_0179" 7158
"../../../Engine/Content/EngineMaterials/Substrate/Glints2/dict_0001_0183.uasset" 7159
"../../../Engine/Content/EngineMaterials/Substrate/Glints2/dict_0001_0186.uasset" 7160
"../../../Engine/Content/EngineMaterials/Substrate/Glints2/dict_0001_0185.uasset" 7161
"../../../Engine/Content/EngineMaterials/Substrate/Glints2/dict_0001_0187.uasset" 7162
"../../../Engine/Content/EngineMaterials/Substrate/Glints2/dict_0001_0184.uasset" 7163
"/Engine/EngineMaterials/Substrate/Glints2/dict_0001_0186" 7164
"/Engine/EngineMaterials/Substrate/Glints2/dict_0001_0183" 7165
"/Engine/EngineMaterials/Substrate/Glints2/dict_0001_0185" 7166
"/Engine/EngineMaterials/Substrate/Glints2/dict_0001_0184" 7167
"../../../Engine/Content/EngineMaterials/Substrate/Glints2/dict_0001_0190.uasset" 7168
"/Engine/EngineMaterials/Substrate/Glints2/dict_0001_0187" 7169
"../../../Engine/Content/EngineMaterials/Substrate/Glints2/dict_0001_0189.uasset" 7170
"../../../Engine/Content/EngineMaterials/Substrate/Glints2/dict_0001_0188.uasset" 7171
"/Engine/EngineMaterials/Substrate/Glints2/dict_0001_0190" 7172
"/Engine/EngineMaterials/Substrate/Glints2/dict_0001_0189" 7173
"/Engine/EngineMaterials/Substrate/Glints2/dict_0001_0188" 7174
"../../../Engine/Content/EngineMaterials/Substrate/Glints2/dict_0001_0192.uasset" 7175
"../../../Engine/Content/EngineMaterials/Substrate/Glints2/dict_0001_0191.uasset" 7176
"../../../Engine/Content/EngineMaterials/Substrate/Glints2/dict_0001_0177.uasset" 7177
"../../../Engine/Content/EngineMaterials/Substrate/Glints2/dict_0001_0154.uasset" 7178
"../../../Engine/Content/EngineMaterials/Substrate/Glints2/dict_0001_0194.uasset" 7179
"../../../Engine/Content/EngineMaterials/Substrate/Glints2/dict_0001_0195.uasset" 7180
"../../../Engine/Content/EngineMaterials/Substrate/Glints2/dict_0001_0193.uasset" 7181
"/Engine/EngineMaterials/Substrate/Glints2/dict_0001_0192" 7182
"/Engine/EngineMaterials/Substrate/Glints2/dict_0001_0191" 7183
"/Engine/EngineMaterials/Substrate/Glints2/dict_0001_0194" 7184
"/Engine/EngineMaterials/Substrate/Glints2/dict_0001_0177" 7185
"/Engine/EngineMaterials/Substrate/Glints2/dict_0001_0193" 7186
"/Engine/EngineMaterials/Substrate/Glints2/dict_0001_0195" 7187
"/Engine/EngineMaterials/Substrate/Glints2/dict_0001_0154" 7188
"../../../Engine/Content/EngineMaterials/Substrate/Glints2/dict_0001_0196.uasset" 7189
"../../../Engine/Content/EngineMaterials/Substrate/Glints2/dict_0001_0197.uasset" 7190
"../../../Engine/Content/EngineMaterials/Substrate/Glints2/dict_0001_0200.uasset" 7191
"../../../Engine/Content/EngineMaterials/Substrate/Glints2/dict_0001_0202.uasset" 7192
"/Engine/EngineMaterials/Substrate/Glints2/dict_0001_0200" 7193
"/Engine/EngineMaterials/Substrate/Glints2/dict_0001_0196" 7194
"../../../Engine/Content/EngineMaterials/Substrate/Glints2/dict_0001_0203.uasset" 7195
"/Engine/EngineMaterials/Substrate/Glints2/dict_0001_0202" 7196
"../../../Engine/Content/EngineMaterials/Substrate/Glints2/dict_0001_0204.uasset" 7197
"/Engine/EngineMaterials/Substrate/Glints2/dict_0001_0197" 7198
"/Engine/EngineMaterials/Substrate/Glints2/dict_0001_0204" 7199
"../../../Engine/Content/EngineMaterials/Substrate/Glints2/dict_0001_0205.uasset" 7200
"../../../Engine/Content/EngineMaterials/Substrate/Glints2/dict_0001_0201.uasset" 7201
"../../../Engine/Content/EngineMaterials/Substrate/Glints2/dict_0001_0199.uasset" 7202
"/Engine/EngineMaterials/Substrate/Glints2/dict_0001_0203" 7203
"../../../Engine/Content/EngineMaterials/Substrate/Glints2/dict_0001_0206.uasset" 7204
"/Engine/EngineMaterials/Substrate/Glints2/dict_0001_0205" 7205
"/Engine/EngineMaterials/Substrate/Glints2/dict_0001_0199" 7206
"/Engine/EngineMaterials/Substrate/Glints2/dict_0001_0206" 7207
"/Engine/EngineMaterials/Substrate/Glints2/dict_0001_0201" 7208
"../../../Engine/Content/EngineMaterials/Substrate/Glints2/dict_0001_0207.uasset" 7209
"../../../Engine/Content/EngineMaterials/Substrate/Glints2/dict_0001_0209.uasset" 7210
"../../../Engine/Content/EngineMaterials/Substrate/Glints2/dict_0001_0210.uasset" 7211
"../../../Engine/Content/EngineMaterials/Substrate/Glints2/dict_0001_0212.uasset" 7212
"/Engine/EngineMaterials/Substrate/Glints2/dict_0001_0210" 7213
"/Engine/EngineMaterials/Substrate/Glints2/dict_0001_0209" 7214
"/Engine/EngineMaterials/Substrate/Glints2/dict_0001_0207" 7215
"../../../Engine/Content/EngineMaterials/Substrate/Glints2/dict_0001_0208.uasset" 7216
"/Engine/EngineMaterials/Substrate/Glints2/dict_0001_0212" 7217
"/Engine/EngineMaterials/Substrate/Glints2/dict_0001_0208" 7218
"../../../Engine/Content/EngineMaterials/Substrate/Glints2/dict_0001_0211.uasset" 7219
"../../../Engine/Content/EngineMaterials/Substrate/Glints2/dict_0001_0173.uasset" 7220
"../../../Engine/Content/EngineMaterials/Substrate/Glints2/dict_0001_0214.uasset" 7221
"../../../Engine/Content/EngineMaterials/Substrate/Glints2/dict_0001_0213.uasset" 7222
"../../../Engine/Content/EngineMaterials/Substrate/Glints2/dict_0001_0216.uasset" 7223
"/Engine/EngineMaterials/Substrate/Glints2/dict_0001_0213" 7224
"/Engine/EngineMaterials/Substrate/Glints2/dict_0001_0173" 7225
"/Engine/EngineMaterials/Substrate/Glints2/dict_0001_0216" 7226
"/Engine/EngineMaterials/Substrate/Glints2/dict_0001_0211" 7227
"/Engine/EngineMaterials/Substrate/Glints2/dict_0001_0214" 7228
"../../../Engine/Content/EngineMaterials/Substrate/Glints2/dict_0001_0217.uasset" 7229
"../../../Engine/Content/EngineMaterials/Substrate/Glints2/dict_0001_0220.uasset" 7230
"../../../Engine/Content/EngineMaterials/Substrate/Glints2/dict_0001_0169.uasset" 7231
"../../../Engine/Content/EngineMaterials/Substrate/Glints2/dict_0001_0221.uasset" 7232
"../../../Engine/Content/EngineMaterials/Substrate/Glints2/dict_0001_0222.uasset" 7233
"/Engine/EngineMaterials/Substrate/Glints2/dict_0001_0220" 7234
"/Engine/EngineMaterials/Substrate/Glints2/dict_0001_0217" 7235
"/Engine/EngineMaterials/Substrate/Glints2/dict_0001_0222" 7236
"/Engine/EngineMaterials/Substrate/Glints2/dict_0001_0169" 7237
"../../../Engine/Content/EngineMaterials/Substrate/Glints2/dict_0001_0223.uasset" 7238
"/Engine/EngineMaterials/Substrate/Glints2/dict_0001_0221" 7239
"../../../Engine/Content/EngineMaterials/Substrate/Glints2/dict_0001_0224.uasset" 7240
"/Engine/EngineMaterials/Substrate/Glints2/dict_0001_0223" 7241
"/Engine/EngineMaterials/Substrate/Glints2/dict_0001_0224" 7242
"../../../Engine/Content/EngineMaterials/Substrate/Glints2/dict_0001_0225.uasset" 7243
"../../../Engine/Content/EngineMaterials/Substrate/Glints2/dict_0001_0226.uasset" 7244
"../../../Engine/Content/EngineMaterials/Substrate/Glints2/dict_0001_0227.uasset" 7245
"../../../Engine/Content/EngineMaterials/Substrate/Glints2/dict_0001_0229.uasset" 7246
"/Engine/EngineMaterials/Substrate/Glints2/dict_0001_0226" 7247
"../../../Engine/Content/EngineMaterials/Substrate/Glints2/dict_0001_0228.uasset" 7248
"/Engine/EngineMaterials/Substrate/Glints2/dict_0001_0225" 7249
"/Engine/EngineMaterials/Substrate/Glints2/dict_0001_0227" 7250
"/Engine/EngineMaterials/Substrate/Glints2/dict_0001_0229" 7251
"/Engine/EngineMaterials/Substrate/Glints2/dict_0001_0228" 7252
"../../../Engine/Content/EngineMaterials/Substrate/Glints2/dict_0001_0230.uasset" 7253
"../../../Engine/Content/EngineMaterials/Substrate/Glints2/dict_0001_0231.uasset" 7254
"../../../Engine/Content/EngineMaterials/Substrate/Glints2/dict_0001_0234.uasset" 7255
"../../../Engine/Content/EngineMaterials/Substrate/Glints2/dict_0001_0232.uasset" 7256
"/Engine/EngineMaterials/Substrate/Glints2/dict_0001_0230" 7257
"/Engine/EngineMaterials/Substrate/Glints2/dict_0001_0232" 7258
"/Engine/EngineMaterials/Substrate/Glints2/dict_0001_0234" 7259
"../../../Engine/Content/EngineMaterials/Substrate/Glints2/dict_0001_0235.uasset" 7260
"../../../Engine/Content/EngineMaterials/Substrate/Glints2/dict_0001_0233.uasset" 7261
"/Engine/EngineMaterials/Substrate/Glints2/dict_0001_0231" 7262
"/Engine/EngineMaterials/Substrate/Glints2/dict_0001_0233" 7263
"/Engine/EngineMaterials/Substrate/Glints2/dict_0001_0235" 7264
"../../../Engine/Content/EngineMaterials/Substrate/Glints2/dict_0001_0237.uasset" 7265
"../../../Engine/Content/EngineMaterials/Substrate/Glints2/dict_0001_0236.uasset" 7266
"../../../Engine/Content/EngineMaterials/Substrate/Glints2/dict_0001_0238.uasset" 7267
"../../../Engine/Content/EngineMaterials/Substrate/Glints2/dict_0001_0240.uasset" 7268
"../../../Engine/Content/EngineMaterials/Substrate/Glints2/dict_0001_0218.uasset" 7269
"../../../Engine/Content/EngineMaterials/Substrate/Glints2/dict_0001_0239.uasset" 7270
"/Engine/EngineMaterials/Substrate/Glints2/dict_0001_0240" 7271
"/Engine/EngineMaterials/Substrate/Glints2/dict_0001_0218" 7272
"/Engine/EngineMaterials/Substrate/Glints2/dict_0001_0238" 7273
"/Engine/EngineMaterials/Substrate/Glints2/dict_0001_0237" 7274
"/Engine/EngineMaterials/Substrate/Glints2/dict_0001_0236" 7275
"/Engine/EngineMaterials/Substrate/Glints2/dict_0001_0239" 7276
"../../../Engine/Content/EngineMaterials/Substrate/Glints2/dict_0001_0243.uasset" 7277
"../../../Engine/Content/EngineMaterials/Substrate/Glints2/dict_0001_0242.uasset" 7278
"../../../Engine/Content/EngineMaterials/Substrate/Glints2/dict_0001_0241.uasset" 7279
"../../../Engine/Content/EngineMaterials/Substrate/Glints2/dict_0001_0246.uasset" 7280
"../../../Engine/Content/EngineMaterials/Substrate/Glints2/dict_0001_0244.uasset" 7281
"/Engine/EngineMaterials/Substrate/Glints2/dict_0001_0246" 7282
"/Engine/EngineMaterials/Substrate/Glints2/dict_0001_0243" 7283
"/Engine/EngineMaterials/Substrate/Glints2/dict_0001_0242" 7284
"/Engine/EngineMaterials/Substrate/Glints2/dict_0001_0241" 7285
"../../../Engine/Content/EngineMaterials/Substrate/Glints2/dict_0001_0247.uasset" 7286
"../../../Engine/Content/EngineMaterials/Substrate/Glints2/dict_0001_0248.uasset" 7287
"/Engine/EngineMaterials/Substrate/Glints2/dict_0001_0247" 7288
"/Engine/EngineMaterials/Substrate/Glints2/dict_0001_0244" 7289
"/Engine/EngineMaterials/Substrate/Glints2/dict_0001_0248" 7290
"../../../Engine/Content/EngineMaterials/Substrate/Glints2/dict_0001_0249.uasset" 7291
"../../../Engine/Content/EngineMaterials/Substrate/Glints2/dict_0001_0250.uasset" 7292
"../../../Engine/Content/EngineMaterials/Substrate/Glints2/dict_0001_0161.uasset" 7293
"/Engine/EngineMaterials/Substrate/Glints2/dict_0001_0161" 7294
"../../../Engine/Content/EngineMaterials/Substrate/Glints2/dict_0001_0252.uasset" 7295
"/Engine/EngineMaterials/Substrate/Glints2/dict_0001_0250" 7296
"../../../Engine/Content/EngineMaterials/Substrate/Glints2/dict_0001_0251.uasset" 7297
"/Engine/EngineMaterials/Substrate/Glints2/dict_0001_0249" 7298
"/Engine/EngineMaterials/Substrate/Glints2/dict_0001_0252" 7299
"../../../Engine/Content/EngineMaterials/Substrate/Glints2/dict_0001_0253.uasset" 7300
"/Engine/EngineMaterials/Substrate/Glints2/dict_0001_0251" 7301
"/Engine/EngineMaterials/Substrate/Glints2/dict_0001_0253" 7302
"../../../Engine/Content/EngineMaterials/Substrate/Glints2/dict_0001_0254.uasset" 7303
"../../../Engine/Content/EngineMaterials/Substrate/Glints2/dict_0001_0255.uasset" 7304
"../../../Engine/Content/EngineMaterials/Substrate/Glints2/dict_0002_0001.uasset" 7305
"../../../Engine/Content/EngineMaterials/Substrate/Glints2/dict_0002_0002.uasset" 7306
"/Engine/EngineMaterials/Substrate/Glints2/dict_0002_0002" 7307
"../../../Engine/Content/EngineMaterials/Substrate/Glints2/dict_0002_0004.uasset" 7308
"../../../Engine/Content/EngineMaterials/Substrate/Glints2/dict_0002_0003.uasset" 7309
"/Engine/EngineMaterials/Substrate/Glints2/dict_0001_0255" 7310
"/Engine/EngineMaterials/Substrate/Glints2/dict_0002_0001" 7311
"/Engine/EngineMaterials/Substrate/Glints2/dict_0001_0254" 7312
"/Engine/EngineMaterials/Substrate/Glints2/dict_0002_0004" 7313
"/Engine/EngineMaterials/Substrate/Glints2/dict_0002_0003" 7314
"../../../Engine/Content/EngineMaterials/Substrate/Glints2/dict_0002_0005.uasset" 7315
"../../../Engine/Content/EngineMaterials/Substrate/Glints2/dict_0002_0007.uasset" 7316
"../../../Engine/Content/EngineMaterials/Substrate/Glints2/dict_0002_0006.uasset" 7317
"/Engine/EngineMaterials/Substrate/Glints2/dict_0002_0007" 7318
"/Engine/EngineMaterials/Substrate/Glints2/dict_0002_0006" 7319
"../../../Engine/Content/EngineMaterials/Substrate/Glints2/dict_0002_0008.uasset" 7320
"../../../Engine/Content/EngineMaterials/Substrate/Glints2/dict_0002_0009.uasset" 7321
"/Engine/EngineMaterials/Substrate/Glints2/dict_0002_0005" 7322
"../../../Engine/Content/EngineMaterials/Substrate/Glints2/dict_0001_0157.uasset" 7323
"/Engine/EngineMaterials/Substrate/Glints2/dict_0002_0008" 7324
"/Engine/EngineMaterials/Substrate/Glints2/dict_0001_0157" 7325
"/Engine/EngineMaterials/Substrate/Glints2/dict_0002_0009" 7326
"../../../Engine/Content/EngineMaterials/Substrate/Glints2/dict_0002_0010.uasset" 7327
"../../../Engine/Content/EngineMaterials/Substrate/Glints2/dict_0002_0012.uasset" 7328
"../../../Engine/Content/EngineMaterials/Substrate/Glints2/dict_0002_0011.uasset" 7329
"/Engine/EngineMaterials/Substrate/Glints2/dict_0002_0012" 7330
"../../../Engine/Content/EngineMaterials/Substrate/Glints2/dict_0002_0013.uasset" 7331
"../../../Engine/Content/EngineMaterials/Substrate/Glints2/dict_0002_0016.uasset" 7332
"/Engine/EngineMaterials/Substrate/Glints2/dict_0002_0011" 7333
"/Engine/EngineMaterials/Substrate/Glints2/dict_0002_0010" 7334
"../../../Engine/Content/EngineMaterials/Substrate/Glints2/dict_0002_0014.uasset" 7335
"/Engine/EngineMaterials/Substrate/Glints2/dict_0002_0014" 7336
"/Engine/EngineMaterials/Substrate/Glints2/dict_0002_0016" 7337
"/Engine/EngineMaterials/Substrate/Glints2/dict_0002_0013" 7338
"../../../Engine/Content/EngineMaterials/Substrate/Glints2/dict_0002_0017.uasset" 7339
"../../../Engine/Content/EngineMaterials/Substrate/Glints2/dict_0002_0019.uasset" 7340
"../../../Engine/Content/EngineMaterials/Substrate/Glints2/dict_0002_0020.uasset" 7341
"../../../Engine/Content/EngineMaterials/Substrate/Glints2/dict_0002_0018.uasset" 7342
"/Engine/EngineMaterials/Substrate/Glints2/dict_0002_0018" 7343
"/Engine/EngineMaterials/Substrate/Glints2/dict_0002_0020" 7344
"/Engine/EngineMaterials/Substrate/Glints2/dict_0002_0017" 7345
"../../../Engine/Content/EngineMaterials/Substrate/Glints2/dict_0002_0021.uasset" 7346
"../../../Engine/Content/EngineMaterials/Substrate/Glints2/dict_0002_0022.uasset" 7347
"/Engine/EngineMaterials/Substrate/Glints2/dict_0002_0019" 7348
"/Engine/EngineMaterials/Substrate/Glints2/dict_0002_0022" 7349
"/Engine/EngineMaterials/Substrate/Glints2/dict_0002_0021" 7350
"../../../Engine/Content/EngineMaterials/Substrate/Glints2/dict_0002_0024.uasset" 7351
"../../../Engine/Content/EngineMaterials/Substrate/Glints2/dict_0002_0025.uasset" 7352
"../../../Engine/Content/EngineMaterials/Substrate/Glints2/dict_0002_0023.uasset" 7353
"/Engine/EngineMaterials/Substrate/Glints2/dict_0002_0025" 7354
"../../../Engine/Content/EngineMaterials/Substrate/Glints2/dict_0002_0027.uasset" 7355
"../../../Engine/Content/EngineMaterials/Substrate/Glints2/dict_0002_0026.uasset" 7356
"/Engine/EngineMaterials/Substrate/Glints2/dict_0002_0024" 7357
"/Engine/EngineMaterials/Substrate/Glints2/dict_0002_0023" 7358
"/Engine/EngineMaterials/Substrate/Glints2/dict_0002_0027" 7359
"/Engine/EngineMaterials/Substrate/Glints2/dict_0002_0026" 7360
"../../../Engine/Content/EngineMaterials/Substrate/Glints2/dict_0002_0029.uasset" 7361
"../../../Engine/Content/EngineMaterials/Substrate/Glints2/dict_0002_0028.uasset" 7362
"../../../Engine/Content/EngineMaterials/Substrate/Glints2/dict_0002_0031.uasset" 7363
"../../../Engine/Content/EngineMaterials/Substrate/Glints2/dict_0002_0030.uasset" 7364
"/Engine/EngineMaterials/Substrate/Glints2/dict_0002_0030" 7365
"/Engine/EngineMaterials/Substrate/Glints2/dict_0002_0029" 7366
"/Engine/EngineMaterials/Substrate/Glints2/dict_0002_0028" 7367
"/Engine/EngineMaterials/Substrate/Glints2/dict_0002_0031" 7368
"../../../Engine/Content/EngineMaterials/Substrate/Glints2/dict_0002_0032.uasset" 7369
"../../../Engine/Content/EngineMaterials/Substrate/Glints2/dict_0001_0219.uasset" 7370
"../../../Engine/Content/EngineMaterials/Substrate/Glints2/dict_0002_0033.uasset" 7371
"../../../Engine/Content/EngineMaterials/Substrate/Glints2/dict_0002_0034.uasset" 7372
"../../../Engine/Content/EngineMaterials/Substrate/Glints2/dict_0002_0035.uasset" 7373
"../../../Engine/Content/EngineMaterials/Substrate/Glints2/dict_0002_0036.uasset" 7374
"/Engine/EngineMaterials/Substrate/Glints2/dict_0001_0219" 7375
"/Engine/EngineMaterials/Substrate/Glints2/dict_0002_0033" 7376
"/Engine/EngineMaterials/Substrate/Glints2/dict_0002_0036" 7377
"/Engine/EngineMaterials/Substrate/Glints2/dict_0002_0035" 7378
"/Engine/EngineMaterials/Substrate/Glints2/dict_0002_0032" 7379
"/Engine/EngineMaterials/Substrate/Glints2/dict_0002_0034" 7380
"../../../Engine/Content/EngineMaterials/Substrate/Glints2/dict_0002_0039.uasset" 7381
"../../../Engine/Content/EngineMaterials/Substrate/Glints2/dict_0002_0037.uasset" 7382
"../../../Engine/Content/EngineMaterials/Substrate/Glints2/dict_0002_0040.uasset" 7383
"../../../Engine/Content/EngineMaterials/Substrate/Glints2/dict_0002_0041.uasset" 7384
"/Engine/EngineMaterials/Substrate/Glints2/dict_0002_0039" 7385
"/Engine/EngineMaterials/Substrate/Glints2/dict_0002_0041" 7386
"/Engine/EngineMaterials/Substrate/Glints2/dict_0002_0040" 7387
"/Engine/EngineMaterials/Substrate/Glints2/dict_0002_0037" 7388
"../../../Engine/Content/EngineMaterials/Substrate/Glints2/dict_0002_0044.uasset" 7389
"../../../Engine/Content/EngineMaterials/Substrate/Glints2/dict_0002_0042.uasset" 7390
"../../../Engine/Content/EngineMaterials/Substrate/Glints2/dict_0002_0043.uasset" 7391
"../../../Engine/Content/EngineMaterials/Substrate/Glints2/dict_0002_0045.uasset" 7392
"/Engine/EngineMaterials/Substrate/Glints2/dict_0002_0043" 7393
"../../../Engine/Content/EngineMaterials/Substrate/Glints2/dict_0002_0046.uasset" 7394
"/Engine/EngineMaterials/Substrate/Glints2/dict_0002_0042" 7395
"/Engine/EngineMaterials/Substrate/Glints2/dict_0002_0045" 7396
"../../../Engine/Content/EngineMaterials/Substrate/Glints2/dict_0002_0048.uasset" 7397
"../../../Engine/Content/EngineMaterials/Substrate/Glints2/dict_0002_0047.uasset" 7398
"/Engine/EngineMaterials/Substrate/Glints2/dict_0002_0044" 7399
"/Engine/EngineMaterials/Substrate/Glints2/dict_0002_0048" 7400
"/Engine/EngineMaterials/Substrate/Glints2/dict_0002_0047" 7401
"/Engine/EngineMaterials/Substrate/Glints2/dict_0002_0046" 7402
"../../../Engine/Content/EngineMaterials/Substrate/Glints2/dict_0002_0049.uasset" 7403
"../../../Engine/Content/EngineMaterials/Substrate/Glints2/dict_0002_0050.uasset" 7404
"../../../Engine/Content/EngineMaterials/Substrate/Glints2/dict_0002_0051.uasset" 7405
"/Engine/EngineMaterials/Substrate/Glints2/dict_0002_0050" 7406
"/Engine/EngineMaterials/Substrate/Glints2/dict_0002_0049" 7407
"/Engine/EngineMaterials/Substrate/Glints2/dict_0002_0051" 7408
"../../../Engine/Content/EngineMaterials/Substrate/Glints2/dict_0002_0052.uasset" 7409
"/Engine/EngineMaterials/Substrate/Glints2/dict_0002_0052" 7410
"../../../Engine/Content/EngineMaterials/Substrate/Glints2/dict_0002_0053.uasset" 7411
"/Engine/EngineMaterials/Substrate/Glints2/dict_0002_0053" 7412
"../../../Engine/Content/EngineMaterials/Substrate/Glints2/dict_0002_0054.uasset" 7413
"../../../Engine/Content/EngineMaterials/Substrate/Glints2/dict_0002_0055.uasset" 7414
"../../../Engine/Content/EngineMaterials/Substrate/Glints2/dict_0002_0058.uasset" 7415
"../../../Engine/Content/EngineMaterials/Substrate/Glints2/dict_0002_0057.uasset" 7416
"/Engine/EngineMaterials/Substrate/Glints2/dict_0002_0054" 7417
"/Engine/EngineMaterials/Substrate/Glints2/dict_0002_0058" 7418
"/Engine/EngineMaterials/Substrate/Glints2/dict_0002_0057" 7419
"../../../Engine/Content/EngineMaterials/Substrate/Glints2/dict_0002_0056.uasset" 7420
"/Engine/EngineMaterials/Substrate/Glints2/dict_0002_0055" 7421
"/Engine/EngineMaterials/Substrate/Glints2/dict_0002_0056" 7422
"../../../Engine/Content/EngineMaterials/Substrate/Glints2/dict_0002_0059.uasset" 7423
"../../../Engine/Content/EngineMaterials/Substrate/Glints2/dict_0002_0060.uasset" 7424
"../../../Engine/Content/EngineMaterials/Substrate/Glints2/dict_0002_0061.uasset" 7425
"/Engine/EngineMaterials/Substrate/Glints2/dict_0002_0060" 7426
"/Engine/EngineMaterials/Substrate/Glints2/dict_0002_0059" 7427
"../../../Engine/Content/EngineMaterials/Substrate/Glints2/dict_0002_0062.uasset" 7428
"/Engine/EngineMaterials/Substrate/Glints2/dict_0002_0061" 7429
"/Engine/EngineMaterials/Substrate/Glints2/dict_0002_0062" 7430
"../../../Engine/Content/EngineMaterials/Substrate/Glints2/dict_0002_0063.uasset" 7431
"/Engine/EngineMaterials/Substrate/Glints2/dict_0002_0063" 7432
"../../../Engine/Content/EngineMaterials/Substrate/Glints2/dict_0002_0064.uasset" 7433
"../../../Engine/Content/EngineMaterials/Substrate/Glints2/dict_0002_0065.uasset" 7434
"../../../Engine/Content/EngineMaterials/Substrate/Glints2/dict_0000_0181.uasset" 7435
"../../../Engine/Content/EngineMaterials/Substrate/Glints2/dict_0002_0067.uasset" 7436
"../../../Engine/Content/EngineMaterials/Substrate/Glints2/dict_0002_0066.uasset" 7437
"../../../Engine/Content/EngineMaterials/Substrate/Glints2/dict_0001_0215.uasset" 7438
"/Engine/EngineMaterials/Substrate/Glints2/dict_0002_0064" 7439
"/Engine/EngineMaterials/Substrate/Glints2/dict_0002_0067" 7440
"../../../Engine/Content/EngineMaterials/Substrate/Glints2/dict_0002_0068.uasset" 7441
"../../../Engine/Content/EngineMaterials/Substrate/Glints2/dict_0002_0069.uasset" 7442
"/Engine/EngineMaterials/Substrate/Glints2/dict_0002_0066" 7443
"/Engine/EngineMaterials/Substrate/Glints2/dict_0000_0181" 7444
"/Engine/EngineMaterials/Substrate/Glints2/dict_0001_0215" 7445
"/Engine/EngineMaterials/Substrate/Glints2/dict_0002_0065" 7446
"/Engine/EngineMaterials/Substrate/Glints2/dict_0002_0068" 7447
"/Engine/EngineMaterials/Substrate/Glints2/dict_0002_0069" 7448
"../../../Engine/Content/EngineMaterials/Substrate/Glints2/dict_0002_0070.uasset" 7449
"../../../Engine/Content/EngineMaterials/Substrate/Glints2/dict_0002_0073.uasset" 7450
"../../../Engine/Content/EngineMaterials/Substrate/Glints2/dict_0002_0072.uasset" 7451
"../../../Engine/Content/EngineMaterials/Substrate/Glints2/dict_0002_0075.uasset" 7452
"/Engine/EngineMaterials/Substrate/Glints2/dict_0002_0070" 7453
"../../../Engine/Content/EngineMaterials/Substrate/Glints2/dict_0002_0076.uasset" 7454
"/Engine/EngineMaterials/Substrate/Glints2/dict_0002_0073" 7455
"/Engine/EngineMaterials/Substrate/Glints2/dict_0002_0072" 7456
"/Engine/EngineMaterials/Substrate/Glints2/dict_0002_0076" 7457
"/Engine/EngineMaterials/Substrate/Glints2/dict_0002_0075" 7458
"../../../Engine/Content/EngineMaterials/Substrate/Glints2/dict_0002_0077.uasset" 7459
"../../../Engine/Content/EngineMaterials/Substrate/Glints2/dict_0002_0078.uasset" 7460
"../../../Engine/Content/EngineMaterials/Substrate/Glints2/dict_0001_0245.uasset" 7461
"../../../Engine/Content/EngineMaterials/Substrate/Glints2/dict_0002_0080.uasset" 7462
"../../../Engine/Content/EngineMaterials/Substrate/Glints2/dict_0002_0079.uasset" 7463
"/Engine/EngineMaterials/Substrate/Glints2/dict_0001_0245" 7464
"/Engine/EngineMaterials/Substrate/Glints2/dict_0002_0080" 7465
"/Engine/EngineMaterials/Substrate/Glints2/dict_0002_0079" 7466
"/Engine/EngineMaterials/Substrate/Glints2/dict_0002_0078" 7467
"/Engine/EngineMaterials/Substrate/Glints2/dict_0002_0077" 7468
"../../../Engine/Content/EngineMaterials/Substrate/Glints2/dict_0002_0081.uasset" 7469
"/Engine/EngineMaterials/Substrate/Glints2/dict_0002_0081" 7470
"../../../Engine/Content/EngineMaterials/Substrate/Glints2/dict_0002_0082.uasset" 7471
"../../../Engine/Content/EngineMaterials/Substrate/Glints2/dict_0002_0083.uasset" 7472
"../../../Engine/Content/EngineMaterials/Substrate/Glints2/dict_0002_0086.uasset" 7473
"/Engine/EngineMaterials/Substrate/Glints2/dict_0002_0083" 7474
"../../../Engine/Content/EngineMaterials/Substrate/Glints2/dict_0002_0085.uasset" 7475
"/Engine/EngineMaterials/Substrate/Glints2/dict_0002_0086" 7476
"/Engine/EngineMaterials/Substrate/Glints2/dict_0002_0082" 7477
"/Engine/EngineMaterials/Substrate/Glints2/dict_0002_0085" 7478
"../../../Engine/Content/EngineMaterials/Substrate/Glints2/dict_0002_0087.uasset" 7479
"../../../Engine/Content/EngineMaterials/Substrate/Glints2/dict_0002_0088.uasset" 7480
"../../../Engine/Content/EngineMaterials/Substrate/Glints2/dict_0002_0089.uasset" 7481
"/Engine/EngineMaterials/Substrate/Glints2/dict_0002_0089" 7482
"/Engine/EngineMaterials/Substrate/Glints2/dict_0002_0088" 7483
"/Engine/EngineMaterials/Substrate/Glints2/dict_0002_0087" 7484
"../../../Engine/Content/EngineMaterials/Substrate/Glints2/dict_0002_0092.uasset" 7485
"../../../Engine/Content/EngineMaterials/Substrate/Glints2/dict_0002_0090.uasset" 7486
"../../../Engine/Content/EngineMaterials/Substrate/Glints2/dict_0002_0093.uasset" 7487
"../../../Engine/Content/EngineMaterials/Substrate/Glints2/dict_0002_0091.uasset" 7488
"/Engine/EngineMaterials/Substrate/Glints2/dict_0002_0092" 7489
"/Engine/EngineMaterials/Substrate/Glints2/dict_0002_0091" 7490
"/Engine/EngineMaterials/Substrate/Glints2/dict_0002_0093" 7491
"/Engine/EngineMaterials/Substrate/Glints2/dict_0002_0090" 7492
"../../../Engine/Content/EngineMaterials/Substrate/Glints2/dict_0002_0094.uasset" 7493
"../../../Engine/Content/EngineMaterials/Substrate/Glints2/dict_0002_0098.uasset" 7494
"../../../Engine/Content/EngineMaterials/Substrate/Glints2/dict_0002_0097.uasset" 7495
"../../../Engine/Content/EngineMaterials/Substrate/Glints2/dict_0002_0096.uasset" 7496
"../../../Engine/Content/EngineMaterials/Substrate/Glints2/dict_0002_0095.uasset" 7497
"/Engine/EngineMaterials/Substrate/Glints2/dict_0002_0094" 7498
"/Engine/EngineMaterials/Substrate/Glints2/dict_0002_0097" 7499
"/Engine/EngineMaterials/Substrate/Glints2/dict_0002_0098" 7500
"../../../Engine/Content/EngineMaterials/Substrate/Glints2/dict_0002_0101.uasset" 7501
"/Engine/EngineMaterials/Substrate/Glints2/dict_0002_0096" 7502
"../../../Engine/Content/EngineMaterials/Substrate/Glints2/dict_0002_0099.uasset" 7503
"/Engine/EngineMaterials/Substrate/Glints2/dict_0002_0095" 7504
"/Engine/EngineMaterials/Substrate/Glints2/dict_0002_0099" 7505
"/Engine/EngineMaterials/Substrate/Glints2/dict_0002_0101" 7506
"../../../Engine/Content/EngineMaterials/Substrate/Glints2/dict_0002_0100.uasset" 7507
"../../../Engine/Content/EngineMaterials/Substrate/Glints2/dict_0002_0102.uasset" 7508
"../../../Engine/Content/EngineMaterials/Substrate/Glints2/dict_0002_0104.uasset" 7509
"../../../Engine/Content/EngineMaterials/Substrate/Glints2/dict_0002_0105.uasset" 7510
"../../../Engine/Content/EngineMaterials/Substrate/Glints2/dict_0002_0103.uasset" 7511
"/Engine/EngineMaterials/Substrate/Glints2/dict_0002_0104" 7512
"/Engine/EngineMaterials/Substrate/Glints2/dict_0002_0103" 7513
"/Engine/EngineMaterials/Substrate/Glints2/dict_0002_0102" 7514
"/Engine/EngineMaterials/Substrate/Glints2/dict_0002_0105" 7515
"/Engine/EngineMaterials/Substrate/Glints2/dict_0002_0100" 7516
"../../../Engine/Content/EngineMaterials/Substrate/Glints2/dict_0002_0106.uasset" 7517
"/Engine/EngineMaterials/Substrate/Glints2/dict_0002_0106" 7518
"../../../Engine/Content/EngineMaterials/Substrate/Glints2/dict_0002_0107.uasset" 7519
"../../../Engine/Content/EngineMaterials/Substrate/Glints2/dict_0002_0108.uasset" 7520
"../../../Engine/Content/EngineMaterials/Substrate/Glints2/dict_0002_0109.uasset" 7521
"../../../Engine/Content/EngineMaterials/Substrate/Glints2/dict_0002_0110.uasset" 7522
"/Engine/EngineMaterials/Substrate/Glints2/dict_0002_0108" 7523
"/Engine/EngineMaterials/Substrate/Glints2/dict_0002_0107" 7524
"/Engine/EngineMaterials/Substrate/Glints2/dict_0002_0110" 7525
"/Engine/EngineMaterials/Substrate/Glints2/dict_0002_0109" 7526
"../../../Engine/Content/EngineMaterials/Substrate/Glints2/dict_0002_0111.uasset" 7527
"/Engine/EngineMaterials/Substrate/Glints2/dict_0002_0111" 7528
"../../../Engine/Content/EngineMaterials/Substrate/Glints2/dict_0002_0112.uasset" 7529
"../../../Engine/Content/EngineMaterials/Substrate/Glints2/dict_0002_0114.uasset" 7530
"../../../Engine/Content/EngineMaterials/Substrate/Glints2/dict_0002_0113.uasset" 7531
"../../../Engine/Content/EngineMaterials/Substrate/Glints2/dict_0002_0115.uasset" 7532
"/Engine/EngineMaterials/Substrate/Glints2/dict_0002_0115" 7533
"/Engine/EngineMaterials/Substrate/Glints2/dict_0002_0114" 7534
"/Engine/EngineMaterials/Substrate/Glints2/dict_0002_0113" 7535
"/Engine/EngineMaterials/Substrate/Glints2/dict_0002_0112" 7536
"../../../Engine/Content/EngineMaterials/Substrate/Glints2/dict_0002_0116.uasset" 7537
"../../../Engine/Content/EngineMaterials/Substrate/Glints2/dict_0002_0117.uasset" 7538
"../../../Engine/Content/EngineMaterials/Substrate/Glints2/dict_0002_0118.uasset" 7539
"../../../Engine/Content/EngineMaterials/Substrate/Glints2/dict_0002_0119.uasset" 7540
"../../../Engine/Content/EngineMaterials/Substrate/Glints2/dict_0002_0120.uasset" 7541
"/Engine/EngineMaterials/Substrate/Glints2/dict_0002_0120" 7542
"/Engine/EngineMaterials/Substrate/Glints2/dict_0002_0116" 7543
"/Engine/EngineMaterials/Substrate/Glints2/dict_0002_0119" 7544
"/Engine/EngineMaterials/Substrate/Glints2/dict_0002_0118" 7545
"/Engine/EngineMaterials/Substrate/Glints2/dict_0002_0117" 7546
"../../../Engine/Content/EngineMaterials/Substrate/Glints2/dict_0002_0124.uasset" 7547
"../../../Engine/Content/EngineMaterials/Substrate/Glints2/dict_0002_0122.uasset" 7548
"../../../Engine/Content/EngineMaterials/Substrate/Glints2/dict_0002_0121.uasset" 7549
"../../../Engine/Content/EngineMaterials/Substrate/Glints2/dict_0001_0174.uasset" 7550
"/Engine/EngineMaterials/Substrate/Glints2/dict_0001_0174" 7551
"/Engine/EngineMaterials/Substrate/Glints2/dict_0002_0121" 7552
"/Engine/EngineMaterials/Substrate/Glints2/dict_0002_0122" 7553
"../../../Engine/Content/EngineMaterials/Substrate/Glints2/dict_0001_0151.uasset" 7554
"/Engine/EngineMaterials/Substrate/Glints2/dict_0002_0124" 7555
"/Engine/EngineMaterials/Substrate/Glints2/dict_0001_0151" 7556
"../../../Engine/Content/EngineMaterials/Substrate/Glints2/dict_0002_0123.uasset" 7557
"../../../Engine/Content/EngineMaterials/Substrate/Glints2/dict_0002_0128.uasset" 7558
"../../../Engine/Content/EngineMaterials/Substrate/Glints2/dict_0002_0127.uasset" 7559
"../../../Engine/Content/EngineMaterials/Substrate/Glints2/dict_0002_0126.uasset" 7560
"../../../Engine/Content/EngineMaterials/Substrate/Glints2/dict_0002_0125.uasset" 7561
"/Engine/EngineMaterials/Substrate/Glints2/dict_0002_0128" 7562
"/Engine/EngineMaterials/Substrate/Glints2/dict_0002_0127" 7563
"/Engine/EngineMaterials/Substrate/Glints2/dict_0002_0123" 7564
"/Engine/EngineMaterials/Substrate/Glints2/dict_0002_0126" 7565
"/Engine/EngineMaterials/Substrate/Glints2/dict_0002_0125" 7566
"../../../Engine/Content/EngineMaterials/Substrate/Glints2/dict_0002_0134.uasset" 7567
"../../../Engine/Content/EngineMaterials/Substrate/Glints2/dict_0002_0133.uasset" 7568
"../../../Engine/Content/EngineMaterials/Substrate/Glints2/dict_0002_0132.uasset" 7569
"/Engine/EngineMaterials/Substrate/Glints2/dict_0002_0133" 7570
"/Engine/EngineMaterials/Substrate/Glints2/dict_0002_0134" 7571
"/Engine/EngineMaterials/Substrate/Glints2/dict_0002_0132" 7572
"../../../Engine/Content/EngineMaterials/Substrate/Glints2/dict_0002_0138.uasset" 7573
"../../../Engine/Content/EngineMaterials/Substrate/Glints2/dict_0002_0136.uasset" 7574
"../../../Engine/Content/EngineMaterials/Substrate/Glints2/dict_0002_0137.uasset" 7575
"/Engine/EngineMaterials/Substrate/Glints2/dict_0002_0138" 7576
"../../../Engine/Content/EngineMaterials/Substrate/Glints2/dict_0002_0139.uasset" 7577
"../../../Engine/Content/EngineMaterials/Substrate/Glints2/dict_0002_0140.uasset" 7578
"../../../Engine/Content/EngineMaterials/Substrate/Glints2/dict_0002_0141.uasset" 7579
"/Engine/EngineMaterials/Substrate/Glints2/dict_0002_0137" 7580
"/Engine/EngineMaterials/Substrate/Glints2/dict_0002_0136" 7581
"/Engine/EngineMaterials/Substrate/Glints2/dict_0002_0141" 7582
"/Engine/EngineMaterials/Substrate/Glints2/dict_0002_0140" 7583
"/Engine/EngineMaterials/Substrate/Glints2/dict_0002_0139" 7584
"../../../Engine/Content/EngineMaterials/Substrate/Glints2/dict_0002_0135.uasset" 7585
"../../../Engine/Content/EngineMaterials/Substrate/Glints2/dict_0002_0143.uasset" 7586
"../../../Engine/Content/EngineMaterials/Substrate/Glints2/dict_0002_0144.uasset" 7587
"../../../Engine/Content/EngineMaterials/Substrate/Glints2/dict_0002_0131.uasset" 7588
"../../../Engine/Content/EngineMaterials/Substrate/Glints2/dict_0002_0142.uasset" 7589
"../../../Engine/Content/EngineMaterials/Substrate/Glints2/dict_0002_0000.uasset" 7590
"/Engine/EngineMaterials/Substrate/Glints2/dict_0002_0000" 7591
"/Engine/EngineMaterials/Substrate/Glints2/dict_0002_0143" 7592
"/Engine/EngineMaterials/Substrate/Glints2/dict_0002_0142" 7593
"/Engine/EngineMaterials/Substrate/Glints2/dict_0002_0135" 7594
"/Engine/EngineMaterials/Substrate/Glints2/dict_0002_0131" 7595
"../../../Engine/Content/EngineMaterials/Substrate/Glints2/dict_0002_0038.uasset" 7596
"/Engine/EngineMaterials/Substrate/Glints2/dict_0002_0144" 7597
"/Engine/EngineMaterials/Substrate/Glints2/dict_0002_0038" 7598
"../../../Engine/Content/EngineMaterials/Substrate/Glints2/dict_0001_0198.uasset" 7599
"/Engine/EngineMaterials/Substrate/Glints2/dict_0001_0198" 7600
"../../../Engine/Content/EngineMaterials/Substrate/Glints2/dict_0002_0147.uasset" 7601
"../../../Engine/Content/EngineMaterials/Substrate/Glints2/dict_0002_0146.uasset" 7602
"../../../Engine/Content/EngineMaterials/Substrate/Glints2/dict_0002_0084.uasset" 7603
"../../../Engine/Content/EngineMaterials/Substrate/Glints2/dict_0002_0150.uasset" 7604
"../../../Engine/Content/EngineMaterials/Substrate/Glints2/dict_0002_0149.uasset" 7605
"../../../Engine/Content/EngineMaterials/Substrate/Glints2/dict_0002_0071.uasset" 7606
"../../../Engine/Content/EngineMaterials/Substrate/Glints2/dict_0002_0074.uasset" 7607
"/Engine/EngineMaterials/Substrate/Glints2/dict_0002_0084" 7608
"/Engine/EngineMaterials/Substrate/Glints2/dict_0002_0147" 7609
"/Engine/EngineMaterials/Substrate/Glints2/dict_0002_0071" 7610
"../../../Engine/Content/EngineMaterials/Substrate/Glints2/dict_0002_0153.uasset" 7611
"../../../Engine/Content/EngineMaterials/Substrate/Glints2/dict_0002_0154.uasset" 7612
"/Engine/EngineMaterials/Substrate/Glints2/dict_0002_0146" 7613
"/Engine/EngineMaterials/Substrate/Glints2/dict_0002_0150" 7614
"../../../Engine/Content/EngineMaterials/Substrate/Glints2/dict_0002_0157.uasset" 7615
"../../../Engine/Content/EngineMaterials/Substrate/Glints2/dict_0002_0156.uasset" 7616
"/Engine/EngineMaterials/Substrate/Glints2/dict_0002_0074" 7617
"/Engine/EngineMaterials/Substrate/Glints2/dict_0002_0149" 7618
"/Engine/EngineMaterials/Substrate/Glints2/dict_0002_0153" 7619
"/Engine/EngineMaterials/Substrate/Glints2/dict_0002_0156" 7620
"/Engine/EngineMaterials/Substrate/Glints2/dict_0002_0157" 7621
"/Engine/EngineMaterials/Substrate/Glints2/dict_0002_0154" 7622
"../../../Engine/Content/EngineMaterials/Substrate/Glints2/dict_0002_0158.uasset" 7623
"../../../Engine/Content/EngineMaterials/Substrate/Glints2/dict_0002_0163.uasset" 7624
"../../../Engine/Content/EngineMaterials/Substrate/Glints2/dict_0002_0160.uasset" 7625
"../../../Engine/Content/EngineMaterials/Substrate/Glints2/dict_0002_0161.uasset" 7626
"../../../Engine/Content/EngineMaterials/Substrate/Glints2/dict_0002_0162.uasset" 7627
"/Engine/EngineMaterials/Substrate/Glints2/dict_0002_0158" 7628
"/Engine/EngineMaterials/Substrate/Glints2/dict_0002_0162" 7629
"/Engine/EngineMaterials/Substrate/Glints2/dict_0002_0163" 7630
"/Engine/EngineMaterials/Substrate/Glints2/dict_0002_0161" 7631
"/Engine/EngineMaterials/Substrate/Glints2/dict_0002_0160" 7632
"../../../Engine/Content/EngineMaterials/Substrate/Glints2/dict_0002_0164.uasset" 7633
"../../../Engine/Content/EngineMaterials/Substrate/Glints2/dict_0002_0166.uasset" 7634
"../../../Engine/Content/EngineMaterials/Substrate/Glints2/dict_0002_0015.uasset" 7635
"../../../Engine/Content/EngineMaterials/Substrate/Glints2/dict_0002_0168.uasset" 7636
"/Engine/EngineMaterials/Substrate/Glints2/dict_0002_0015" 7637
"/Engine/EngineMaterials/Substrate/Glints2/dict_0002_0168" 7638
"../../../Engine/Content/EngineMaterials/Substrate/Glints2/dict_0002_0165.uasset" 7639
"/Engine/EngineMaterials/Substrate/Glints2/dict_0002_0166" 7640
"/Engine/EngineMaterials/Substrate/Glints2/dict_0002_0164" 7641
"/Engine/EngineMaterials/Substrate/Glints2/dict_0002_0165" 7642
"../../../Engine/Content/EngineMaterials/Substrate/Glints2/dict_0002_0167.uasset" 7643
"../../../Engine/Content/EngineMaterials/Substrate/Glints2/dict_0002_0169.uasset" 7644
"../../../Engine/Content/EngineMaterials/Substrate/Glints2/dict_0002_0172.uasset" 7645
"../../../Engine/Content/EngineMaterials/Substrate/Glints2/dict_0002_0170.uasset" 7646
"/Engine/EngineMaterials/Substrate/Glints2/dict_0002_0167" 7647
"../../../Engine/Content/EngineMaterials/Substrate/Glints2/dict_0002_0173.uasset" 7648
"/Engine/EngineMaterials/Substrate/Glints2/dict_0002_0169" 7649
"/Engine/EngineMaterials/Substrate/Glints2/dict_0002_0172" 7650
"/Engine/EngineMaterials/Substrate/Glints2/dict_0002_0170" 7651
"/Engine/EngineMaterials/Substrate/Glints2/dict_0002_0173" 7652
"../../../Engine/Content/EngineMaterials/Substrate/Glints2/dict_0002_0175.uasset" 7653
"../../../Engine/Content/EngineMaterials/Substrate/Glints2/dict_0002_0174.uasset" 7654
"../../../Engine/Content/EngineMaterials/Substrate/Glints2/dict_0002_0177.uasset" 7655
"../../../Engine/Content/EngineMaterials/Substrate/Glints2/dict_0002_0176.uasset" 7656
"../../../Engine/Content/EngineMaterials/Substrate/Glints2/dict_0002_0178.uasset" 7657
"/Engine/EngineMaterials/Substrate/Glints2/dict_0002_0177" 7658
"/Engine/EngineMaterials/Substrate/Glints2/dict_0002_0176" 7659
"../../../Engine/Content/EngineMaterials/Substrate/Glints2/dict_0002_0180.uasset" 7660
"/Engine/EngineMaterials/Substrate/Glints2/dict_0002_0175" 7661
"/Engine/EngineMaterials/Substrate/Glints2/dict_0002_0174" 7662
"../../../Engine/Content/EngineMaterials/Substrate/Glints2/dict_0002_0179.uasset" 7663
"/Engine/EngineMaterials/Substrate/Glints2/dict_0002_0178" 7664
"/Engine/EngineMaterials/Substrate/Glints2/dict_0002_0180" 7665
"/Engine/EngineMaterials/Substrate/Glints2/dict_0002_0179" 7666
"../../../Engine/Content/EngineMaterials/Substrate/Glints2/dict_0002_0182.uasset" 7667
"../../../Engine/Content/EngineMaterials/Substrate/Glints2/dict_0002_0181.uasset" 7668
"../../../Engine/Content/EngineMaterials/Substrate/Glints2/dict_0002_0130.uasset" 7669
"../../../Engine/Content/EngineMaterials/Substrate/Glints2/dict_0002_0183.uasset" 7670
"../../../Engine/Content/EngineMaterials/Substrate/Glints2/dict_0002_0185.uasset" 7671
"../../../Engine/Content/EngineMaterials/Substrate/Glints2/dict_0002_0184.uasset" 7672
"/Engine/EngineMaterials/Substrate/Glints2/dict_0002_0181" 7673
"/Engine/EngineMaterials/Substrate/Glints2/dict_0002_0185" 7674
"/Engine/EngineMaterials/Substrate/Glints2/dict_0002_0130" 7675
"/Engine/EngineMaterials/Substrate/Glints2/dict_0002_0184" 7676
"../../../Engine/Content/EngineMaterials/Substrate/Glints2/dict_0002_0186.uasset" 7677
"/Engine/EngineMaterials/Substrate/Glints2/dict_0002_0183" 7678
"/Engine/EngineMaterials/Substrate/Glints2/dict_0002_0182" 7679
"/Engine/EngineMaterials/Substrate/Glints2/dict_0002_0186" 7680
"../../../Engine/Content/EngineMaterials/Substrate/Glints2/dict_0002_0189.uasset" 7681
"../../../Engine/Content/EngineMaterials/Substrate/Glints2/dict_0002_0187.uasset" 7682
"../../../Engine/Content/EngineMaterials/Substrate/Glints2/dict_0002_0190.uasset" 7683
"../../../Engine/Content/EngineMaterials/Substrate/Glints2/dict_0002_0191.uasset" 7684
"/Engine/EngineMaterials/Substrate/Glints2/dict_0002_0190" 7685
"../../../Engine/Content/EngineMaterials/Substrate/Glints2/dict_0002_0192.uasset" 7686
"/Engine/EngineMaterials/Substrate/Glints2/dict_0002_0189" 7687
"/Engine/EngineMaterials/Substrate/Glints2/dict_0002_0191" 7688
"/Engine/EngineMaterials/Substrate/Glints2/dict_0002_0187" 7689
"/Engine/EngineMaterials/Substrate/Glints2/dict_0002_0192" 7690
"../../../Engine/Content/EngineMaterials/Substrate/Glints2/dict_0002_0194.uasset" 7691
"../../../Engine/Content/EngineMaterials/Substrate/Glints2/dict_0002_0193.uasset" 7692
"../../../Engine/Content/EngineMaterials/Substrate/Glints2/dict_0002_0195.uasset" 7693
"../../../Engine/Content/EngineMaterials/Substrate/Glints2/dict_0002_0196.uasset" 7694
"../../../Engine/Content/EngineMaterials/Substrate/Glints2/dict_0002_0197.uasset" 7695
"/Engine/EngineMaterials/Substrate/Glints2/dict_0002_0195" 7696
"../../../Engine/Content/EngineMaterials/Substrate/Glints2/dict_0002_0199.uasset" 7697
"/Engine/EngineMaterials/Substrate/Glints2/dict_0002_0196" 7698
"../../../Engine/Content/EngineMaterials/Substrate/Glints2/dict_0002_0198.uasset" 7699
"/Engine/EngineMaterials/Substrate/Glints2/dict_0002_0194" 7700
"/Engine/EngineMaterials/Substrate/Glints2/dict_0002_0193" 7701
"/Engine/EngineMaterials/Substrate/Glints2/dict_0002_0199" 7702
"/Engine/EngineMaterials/Substrate/Glints2/dict_0002_0198" 7703
"/Engine/EngineMaterials/Substrate/Glints2/dict_0002_0197" 7704
"../../../Engine/Content/EngineMaterials/Substrate/Glints2/dict_0002_0171.uasset" 7705
"../../../Engine/Content/EngineMaterials/Substrate/Glints2/dict_0002_0200.uasset" 7706
"../../../Engine/Content/EngineMaterials/Substrate/Glints2/dict_0002_0203.uasset" 7707
"../../../Engine/Content/EngineMaterials/Substrate/Glints2/dict_0002_0202.uasset" 7708
"../../../Engine/Content/EngineMaterials/Substrate/Glints2/dict_0002_0204.uasset" 7709
"../../../Engine/Content/EngineMaterials/Substrate/Glints2/dict_0002_0201.uasset" 7710
"/Engine/EngineMaterials/Substrate/Glints2/dict_0002_0201" 7711
"/Engine/EngineMaterials/Substrate/Glints2/dict_0002_0200" 7712
"/Engine/EngineMaterials/Substrate/Glints2/dict_0002_0203" 7713
"../../../Engine/Content/EngineMaterials/Substrate/Glints2/dict_0002_0188.uasset" 7714
"/Engine/EngineMaterials/Substrate/Glints2/dict_0002_0202" 7715
"/Engine/EngineMaterials/Substrate/Glints2/dict_0002_0171" 7716
"/Engine/EngineMaterials/Substrate/Glints2/dict_0002_0204" 7717
"/Engine/EngineMaterials/Substrate/Glints2/dict_0002_0188" 7718
"../../../Engine/Content/EngineMaterials/Substrate/Glints2/dict_0002_0206.uasset" 7719
"/Engine/EngineMaterials/Substrate/Glints2/dict_0002_0206" 7720
"../../../Engine/Content/EngineMaterials/Substrate/Glints2/dict_0002_0207.uasset" 7721
"../../../Engine/Content/EngineMaterials/Substrate/Glints2/dict_0002_0209.uasset" 7722
"../../../Engine/Content/EngineMaterials/Substrate/Glints2/dict_0002_0210.uasset" 7723
"../../../Engine/Content/EngineMaterials/Substrate/Glints2/dict_0002_0145.uasset" 7724
"../../../Engine/Content/EngineMaterials/Substrate/Glints2/dict_0002_0208.uasset" 7725
"/Engine/EngineMaterials/Substrate/Glints2/dict_0002_0209" 7726
"/Engine/EngineMaterials/Substrate/Glints2/dict_0002_0210" 7727
"/Engine/EngineMaterials/Substrate/Glints2/dict_0002_0208" 7728
"/Engine/EngineMaterials/Substrate/Glints2/dict_0002_0145" 7729
"/Engine/EngineMaterials/Substrate/Glints2/dict_0002_0207" 7730
"../../../Engine/Content/EngineMaterials/Substrate/Glints2/dict_0002_0214.uasset" 7731
"../../../Engine/Content/EngineMaterials/Substrate/Glints2/dict_0002_0213.uasset" 7732
"../../../Engine/Content/EngineMaterials/Substrate/Glints2/dict_0002_0212.uasset" 7733
"../../../Engine/Content/EngineMaterials/Substrate/Glints2/dict_0002_0159.uasset" 7734
"../../../Engine/Content/EngineMaterials/Substrate/Glints2/dict_0002_0217.uasset" 7735
"../../../Engine/Content/EngineMaterials/Substrate/Glints2/dict_0002_0215.uasset" 7736
"../../../Engine/Content/EngineMaterials/Substrate/Glints2/dict_0002_0129.uasset" 7737
"../../../Engine/Content/EngineMaterials/Substrate/Glints2/dict_0002_0216.uasset" 7738
"/Engine/EngineMaterials/Substrate/Glints2/dict_0002_0214" 7739
"/Engine/EngineMaterials/Substrate/Glints2/dict_0002_0213" 7740
"../../../Engine/Content/EngineMaterials/Substrate/Glints2/dict_0002_0218.uasset" 7741
"/Engine/EngineMaterials/Substrate/Glints2/dict_0002_0159" 7742
"/Engine/EngineMaterials/Substrate/Glints2/dict_0002_0212" 7743
"/Engine/EngineMaterials/Substrate/Glints2/dict_0002_0217" 7744
"/Engine/EngineMaterials/Substrate/Glints2/dict_0002_0216" 7745
"../../../Engine/Content/EngineMaterials/Substrate/Glints2/dict_0002_0219.uasset" 7746
"/Engine/EngineMaterials/Substrate/Glints2/dict_0002_0129" 7747
"/Engine/EngineMaterials/Substrate/Glints2/dict_0002_0215" 7748
"/Engine/EngineMaterials/Substrate/Glints2/dict_0002_0219" 7749
"/Engine/EngineMaterials/Substrate/Glints2/dict_0002_0218" 7750
"../../../Engine/Content/EngineMaterials/Substrate/Glints2/dict_0002_0225.uasset" 7751
"../../../Engine/Content/EngineMaterials/Substrate/Glints2/dict_0002_0220.uasset" 7752
"../../../Engine/Content/EngineMaterials/Substrate/Glints2/dict_0002_0223.uasset" 7753
"../../../Engine/Content/EngineMaterials/Substrate/Glints2/dict_0002_0222.uasset" 7754
"../../../Engine/Content/EngineMaterials/Substrate/Glints2/dict_0002_0226.uasset" 7755
"../../../Engine/Content/EngineMaterials/Substrate/Glints2/dict_0002_0227.uasset" 7756
"/Engine/EngineMaterials/Substrate/Glints2/dict_0002_0222" 7757
"/Engine/EngineMaterials/Substrate/Glints2/dict_0002_0226" 7758
"/Engine/EngineMaterials/Substrate/Glints2/dict_0002_0225" 7759
"/Engine/EngineMaterials/Substrate/Glints2/dict_0002_0220" 7760
"../../../Engine/Content/EngineMaterials/Substrate/Glints2/dict_0002_0229.uasset" 7761
"/Engine/EngineMaterials/Substrate/Glints2/dict_0002_0223" 7762
"../../../Engine/Content/EngineMaterials/Substrate/Glints2/dict_0002_0228.uasset" 7763
"/Engine/EngineMaterials/Substrate/Glints2/dict_0002_0228" 7764
"/Engine/EngineMaterials/Substrate/Glints2/dict_0002_0227" 7765
"../../../Engine/Content/EngineMaterials/Substrate/Glints2/dict_0002_0230.uasset" 7766
"/Engine/EngineMaterials/Substrate/Glints2/dict_0002_0229" 7767
"../../../Engine/Content/EngineMaterials/Substrate/Glints2/dict_0002_0231.uasset" 7768
"/Engine/EngineMaterials/Substrate/Glints2/dict_0002_0230" 7769
"/Engine/EngineMaterials/Substrate/Glints2/dict_0002_0231" 7770
"../../../Engine/Content/EngineMaterials/Substrate/Glints2/dict_0002_0235.uasset" 7771
"../../../Engine/Content/EngineMaterials/Substrate/Glints2/dict_0002_0236.uasset" 7772
"../../../Engine/Content/EngineMaterials/Substrate/Glints2/dict_0002_0233.uasset" 7773
"../../../Engine/Content/EngineMaterials/Substrate/Glints2/dict_0002_0232.uasset" 7774
"../../../Engine/Content/EngineMaterials/Substrate/Glints2/dict_0002_0237.uasset" 7775
"/Engine/EngineMaterials/Substrate/Glints2/dict_0002_0235" 7776
"../../../Engine/Content/EngineMaterials/Substrate/Glints2/dict_0002_0234.uasset" 7777
"/Engine/EngineMaterials/Substrate/Glints2/dict_0002_0233" 7778
"/Engine/EngineMaterials/Substrate/Glints2/dict_0002_0232" 7779
"/Engine/EngineMaterials/Substrate/Glints2/dict_0002_0237" 7780
"/Engine/EngineMaterials/Substrate/Glints2/dict_0002_0236" 7781
"/Engine/EngineMaterials/Substrate/Glints2/dict_0002_0234" 7782
"../../../Engine/Content/EngineMaterials/Substrate/Glints2/dict_0002_0241.uasset" 7783
"../../../Engine/Content/EngineMaterials/Substrate/Glints2/dict_0002_0240.uasset" 7784
"../../../Engine/Content/EngineMaterials/Substrate/Glints2/dict_0002_0238.uasset" 7785
"../../../Engine/Content/EngineMaterials/Substrate/Glints2/dict_0002_0239.uasset" 7786
"../../../Engine/Content/EngineMaterials/Substrate/Glints2/dict_0002_0155.uasset" 7787
"../../../Engine/Content/EngineMaterials/Substrate/Glints2/dict_0002_0242.uasset" 7788
"../../../Engine/Content/EngineMaterials/Substrate/Glints2/dict_0002_0243.uasset" 7789
"/Engine/EngineMaterials/Substrate/Glints2/dict_0002_0243" 7790
"/Engine/EngineMaterials/Substrate/Glints2/dict_0002_0242" 7791
"/Engine/EngineMaterials/Substrate/Glints2/dict_0002_0241" 7792
"/Engine/EngineMaterials/Substrate/Glints2/dict_0002_0240" 7793
"/Engine/EngineMaterials/Substrate/Glints2/dict_0002_0155" 7794
"/Engine/EngineMaterials/Substrate/Glints2/dict_0002_0239" 7795
"/Engine/EngineMaterials/Substrate/Glints2/dict_0002_0238" 7796
"../../../Engine/Content/EngineMaterials/Substrate/Glints2/dict_0002_0247.uasset" 7797
"../../../Engine/Content/EngineMaterials/Substrate/Glints2/dict_0002_0244.uasset" 7798
"../../../Engine/Content/EngineMaterials/Substrate/Glints2/dict_0002_0245.uasset" 7799
"../../../Engine/Content/EngineMaterials/Substrate/Glints2/dict_0002_0148.uasset" 7800
"../../../Engine/Content/EngineMaterials/Substrate/Glints2/dict_0002_0250.uasset" 7801
"../../../Engine/Content/EngineMaterials/Substrate/Glints2/dict_0002_0249.uasset" 7802
"../../../Engine/Content/EngineMaterials/Substrate/Glints2/dict_0002_0246.uasset" 7803
"/Engine/EngineMaterials/Substrate/Glints2/dict_0002_0250" 7804
"/Engine/EngineMaterials/Substrate/Glints2/dict_0002_0249" 7805
"/Engine/EngineMaterials/Substrate/Glints2/dict_0002_0245" 7806
"/Engine/EngineMaterials/Substrate/Glints2/dict_0002_0148" 7807
"/Engine/EngineMaterials/Substrate/Glints2/dict_0002_0247" 7808
"/Engine/EngineMaterials/Substrate/Glints2/dict_0002_0244" 7809
"/Engine/EngineMaterials/Substrate/Glints2/dict_0002_0246" 7810
"../../../Engine/Content/EngineMaterials/Substrate/Glints2/dict_0002_0251.uasset" 7811
"../../../Engine/Content/EngineMaterials/Substrate/Glints2/dict_0002_0253.uasset" 7812
"../../../Engine/Content/EngineMaterials/Substrate/Glints2/dict_0002_0252.uasset" 7813
"/Engine/EngineMaterials/Substrate/Glints2/dict_0002_0253" 7814
"../../../Engine/Content/EngineMaterials/Substrate/Glints2/dict_0002_0255.uasset" 7815
"../../../Engine/Content/EngineMaterials/Substrate/Glints2/dict_0003_0001.uasset" 7816
"/Engine/EngineMaterials/Substrate/Glints2/dict_0002_0252" 7817
"/Engine/EngineMaterials/Substrate/Glints2/dict_0002_0251" 7818
"/Engine/EngineMaterials/Substrate/Glints2/dict_0002_0255" 7819
"/Engine/EngineMaterials/Substrate/Glints2/dict_0003_0001" 7820
"../../../Engine/Content/EngineMaterials/Substrate/Glints2/dict_0003_0002.uasset" 7821
"../../../Engine/Content/EngineMaterials/Substrate/Glints2/dict_0003_0000.uasset" 7822
"../../../Engine/Content/EngineMaterials/Substrate/Glints2/dict_0003_0003.uasset" 7823
"../../../Engine/Content/EngineMaterials/Substrate/Glints2/dict_0003_0004.uasset" 7824
"../../../Engine/Content/EngineMaterials/Substrate/Glints2/dict_0003_0005.uasset" 7825
"../../../Engine/Content/EngineMaterials/Substrate/Glints2/dict_0003_0006.uasset" 7826
"/Engine/EngineMaterials/Substrate/Glints2/dict_0003_0004" 7827
"/Engine/EngineMaterials/Substrate/Glints2/dict_0003_0005" 7828
"/Engine/EngineMaterials/Substrate/Glints2/dict_0003_0003" 7829
"/Engine/EngineMaterials/Substrate/Glints2/dict_0003_0006" 7830
"/Engine/EngineMaterials/Substrate/Glints2/dict_0003_0002" 7831
"../../../Engine/Content/EngineMaterials/Substrate/Glints2/dict_0003_0008.uasset" 7832
"../../../Engine/Content/EngineMaterials/Substrate/Glints2/dict_0003_0007.uasset" 7833
"/Engine/EngineMaterials/Substrate/Glints2/dict_0003_0000" 7834
"/Engine/EngineMaterials/Substrate/Glints2/dict_0003_0008" 7835
"/Engine/EngineMaterials/Substrate/Glints2/dict_0003_0007" 7836
"../../../Engine/Content/EngineMaterials/Substrate/Glints2/dict_0003_0009.uasset" 7837
"/Engine/EngineMaterials/Substrate/Glints2/dict_0003_0009" 7838
"../../../Engine/Content/EngineMaterials/Substrate/Glints2/dict_0003_0011.uasset" 7839
"../../../Engine/Content/EngineMaterials/Substrate/Glints2/dict_0003_0012.uasset" 7840
"../../../Engine/Content/EngineMaterials/Substrate/Glints2/dict_0003_0013.uasset" 7841
"../../../Engine/Content/EngineMaterials/Substrate/Glints2/dict_0003_0014.uasset" 7842
"../../../Engine/Content/EngineMaterials/Substrate/Glints2/dict_0003_0015.uasset" 7843
"/Engine/EngineMaterials/Substrate/Glints2/dict_0003_0012" 7844
"../../../Engine/Content/EngineMaterials/Substrate/Glints2/dict_0003_0016.uasset" 7845
"/Engine/EngineMaterials/Substrate/Glints2/dict_0003_0011" 7846
"../../../Engine/Content/EngineMaterials/Substrate/Glints2/dict_0003_0017.uasset" 7847
"/Engine/EngineMaterials/Substrate/Glints2/dict_0003_0015" 7848
"/Engine/EngineMaterials/Substrate/Glints2/dict_0003_0014" 7849
"/Engine/EngineMaterials/Substrate/Glints2/dict_0003_0013" 7850
"/Engine/EngineMaterials/Substrate/Glints2/dict_0003_0017" 7851
"/Engine/EngineMaterials/Substrate/Glints2/dict_0003_0016" 7852
"../../../Engine/Content/EngineMaterials/Substrate/Glints2/dict_0002_0211.uasset" 7853
"../../../Engine/Content/EngineMaterials/Substrate/Glints2/dict_0003_0019.uasset" 7854
"../../../Engine/Content/EngineMaterials/Substrate/Glints2/dict_0003_0018.uasset" 7855
"../../../Engine/Content/EngineMaterials/Substrate/Glints2/dict_0003_0020.uasset" 7856
"../../../Engine/Content/EngineMaterials/Substrate/Glints2/dict_0003_0021.uasset" 7857
"/Engine/EngineMaterials/Substrate/Glints2/dict_0003_0021" 7858
"/Engine/EngineMaterials/Substrate/Glints2/dict_0003_0019" 7859
"../../../Engine/Content/EngineMaterials/Substrate/Glints2/dict_0003_0022.uasset" 7860
"/Engine/EngineMaterials/Substrate/Glints2/dict_0003_0018" 7861
"/Engine/EngineMaterials/Substrate/Glints2/dict_0003_0020" 7862
"/Engine/EngineMaterials/Substrate/Glints2/dict_0002_0211" 7863
"/Engine/EngineMaterials/Substrate/Glints2/dict_0003_0022" 7864
"../../../Engine/Content/EngineMaterials/Substrate/Glints2/dict_0003_0024.uasset" 7865
"../../../Engine/Content/EngineMaterials/Substrate/Glints2/dict_0002_0152.uasset" 7866
"../../../Engine/Content/EngineMaterials/Substrate/Glints2/dict_0003_0025.uasset" 7867
"../../../Engine/Content/EngineMaterials/Substrate/Glints2/dict_0003_0026.uasset" 7868
"../../../Engine/Content/EngineMaterials/Substrate/Glints2/dict_0003_0027.uasset" 7869
"../../../Engine/Content/EngineMaterials/Substrate/Glints2/dict_0003_0028.uasset" 7870
"/Engine/EngineMaterials/Substrate/Glints2/dict_0002_0152" 7871
"/Engine/EngineMaterials/Substrate/Glints2/dict_0003_0028" 7872
"/Engine/EngineMaterials/Substrate/Glints2/dict_0003_0027" 7873
"/Engine/EngineMaterials/Substrate/Glints2/dict_0003_0026" 7874
"../../../Engine/Content/EngineMaterials/Substrate/Glints2/dict_0003_0029.uasset" 7875
"../../../Engine/Content/EngineMaterials/Substrate/Glints2/dict_0003_0031.uasset" 7876
"/Engine/EngineMaterials/Substrate/Glints2/dict_0003_0024" 7877
"/Engine/EngineMaterials/Substrate/Glints2/dict_0003_0025" 7878
"/Engine/EngineMaterials/Substrate/Glints2/dict_0003_0029" 7879
"/Engine/EngineMaterials/Substrate/Glints2/dict_0003_0031" 7880
"../../../Engine/Content/EngineMaterials/Substrate/Glints2/dict_0003_0032.uasset" 7881
"../../../Engine/Content/EngineMaterials/Substrate/Glints2/dict_0003_0033.uasset" 7882
"../../../Engine/Content/EngineMaterials/Substrate/Glints2/dict_0003_0034.uasset" 7883
"../../../Engine/Content/EngineMaterials/Substrate/Glints2/dict_0003_0036.uasset" 7884
"../../../Engine/Content/EngineMaterials/Substrate/Glints2/dict_0003_0035.uasset" 7885
"../../../Engine/Content/EngineMaterials/Substrate/Glints2/dict_0002_0224.uasset" 7886
"/Engine/EngineMaterials/Substrate/Glints2/dict_0003_0033" 7887
"/Engine/EngineMaterials/Substrate/Glints2/dict_0003_0032" 7888
"/Engine/EngineMaterials/Substrate/Glints2/dict_0003_0036" 7889
"../../../Engine/Content/EngineMaterials/Substrate/Glints2/dict_0003_0038.uasset" 7890
"../../../Engine/Content/EngineMaterials/Substrate/Glints2/dict_0003_0037.uasset" 7891
"/Engine/EngineMaterials/Substrate/Glints2/dict_0003_0035" 7892
"/Engine/EngineMaterials/Substrate/Glints2/dict_0002_0224" 7893
"/Engine/EngineMaterials/Substrate/Glints2/dict_0003_0034" 7894
"/Engine/EngineMaterials/Substrate/Glints2/dict_0003_0038" 7895
"/Engine/EngineMaterials/Substrate/Glints2/dict_0003_0037" 7896
"../../../Engine/Content/EngineMaterials/Substrate/Glints2/dict_0003_0039.uasset" 7897
"../../../Engine/Content/EngineMaterials/Substrate/Glints2/dict_0002_0205.uasset" 7898
"../../../Engine/Content/EngineMaterials/Substrate/Glints2/dict_0003_0040.uasset" 7899
"../../../Engine/Content/EngineMaterials/Substrate/Glints2/dict_0003_0041.uasset" 7900
"../../../Engine/Content/EngineMaterials/Substrate/Glints2/dict_0003_0043.uasset" 7901
"../../../Engine/Content/EngineMaterials/Substrate/Glints2/dict_0002_0221.uasset" 7902
"/Engine/EngineMaterials/Substrate/Glints2/dict_0003_0043" 7903
"/Engine/EngineMaterials/Substrate/Glints2/dict_0002_0221" 7904
"/Engine/EngineMaterials/Substrate/Glints2/dict_0003_0040" 7905
"/Engine/EngineMaterials/Substrate/Glints2/dict_0003_0039" 7906
"/Engine/EngineMaterials/Substrate/Glints2/dict_0003_0041" 7907
"/Engine/EngineMaterials/Substrate/Glints2/dict_0002_0205" 7908
"../../../Engine/Content/EngineMaterials/Substrate/Glints2/dict_0003_0045.uasset" 7909
"../../../Engine/Content/EngineMaterials/Substrate/Glints2/dict_0003_0047.uasset" 7910
"../../../Engine/Content/EngineMaterials/Substrate/Glints2/dict_0003_0048.uasset" 7911
"../../../Engine/Content/EngineMaterials/Substrate/Glints2/dict_0002_0151.uasset" 7912
"/Engine/EngineMaterials/Substrate/Glints2/dict_0003_0045" 7913
"/Engine/EngineMaterials/Substrate/Glints2/dict_0002_0151" 7914
"../../../Engine/Content/EngineMaterials/Substrate/Glints2/dict_0003_0051.uasset" 7915
"/Engine/EngineMaterials/Substrate/Glints2/dict_0003_0048" 7916
"/Engine/EngineMaterials/Substrate/Glints2/dict_0003_0047" 7917
"../../../Engine/Content/EngineMaterials/Substrate/Glints2/dict_0003_0052.uasset" 7918
"../../../Engine/Content/EngineMaterials/Substrate/Glints2/dict_0003_0053.uasset" 7919
"../../../Engine/Content/EngineMaterials/Substrate/Glints2/dict_0003_0010.uasset" 7920
"../../../Engine/Content/EngineMaterials/Substrate/Glints2/dict_0002_0254.uasset" 7921
"/Engine/EngineMaterials/Substrate/Glints2/dict_0003_0052" 7922
"/Engine/EngineMaterials/Substrate/Glints2/dict_0003_0010" 7923
"/Engine/EngineMaterials/Substrate/Glints2/dict_0003_0051" 7924
"/Engine/EngineMaterials/Substrate/Glints2/dict_0003_0053" 7925
"/Engine/EngineMaterials/Substrate/Glints2/dict_0002_0254" 7926
"../../../Engine/Content/EngineMaterials/Substrate/Glints2/dict_0003_0059.uasset" 7927
"../../../Engine/Content/EngineMaterials/Substrate/Glints2/dict_0003_0057.uasset" 7928
"../../../Engine/Content/EngineMaterials/Substrate/Glints2/dict_0003_0055.uasset" 7929
"../../../Engine/Content/EngineMaterials/Substrate/Glints2/dict_0003_0058.uasset" 7930
"/Engine/EngineMaterials/Substrate/Glints2/dict_0003_0059" 7931
"/Engine/EngineMaterials/Substrate/Glints2/dict_0003_0057" 7932
"/Engine/EngineMaterials/Substrate/Glints2/dict_0003_0055" 7933
"/Engine/EngineMaterials/Substrate/Glints2/dict_0003_0058" 7934
"../../../Engine/Content/EngineMaterials/Substrate/Glints2/dict_0003_0056.uasset" 7935
"../../../Engine/Content/EngineMaterials/Substrate/Glints2/dict_0003_0061.uasset" 7936
"../../../Engine/Content/EngineMaterials/Substrate/Glints2/dict_0003_0060.uasset" 7937
"../../../Engine/Content/EngineMaterials/Substrate/Glints2/dict_0003_0062.uasset" 7938
"../../../Engine/Content/EngineMaterials/Substrate/Glints2/dict_0003_0063.uasset" 7939
"/Engine/EngineMaterials/Substrate/Glints2/dict_0003_0062" 7940
"/Engine/EngineMaterials/Substrate/Glints2/dict_0003_0061" 7941
"/Engine/EngineMaterials/Substrate/Glints2/dict_0003_0060" 7942
"/Engine/EngineMaterials/Substrate/Glints2/dict_0003_0056" 7943
"/Engine/EngineMaterials/Substrate/Glints2/dict_0003_0063" 7944
"../../../Engine/Content/EngineMaterials/Substrate/Glints2/dict_0003_0064.uasset" 7945
"../../../Engine/Content/EngineMaterials/Substrate/Glints2/dict_0003_0067.uasset" 7946
"../../../Engine/Content/EngineMaterials/Substrate/Glints2/dict_0003_0066.uasset" 7947
"../../../Engine/Content/EngineMaterials/Substrate/Glints2/dict_0003_0065.uasset" 7948
"/Engine/EngineMaterials/Substrate/Glints2/dict_0003_0067" 7949
"../../../Engine/Content/EngineMaterials/Substrate/Glints2/dict_0003_0068.uasset" 7950
"/Engine/EngineMaterials/Substrate/Glints2/dict_0003_0066" 7951
"/Engine/EngineMaterials/Substrate/Glints2/dict_0003_0065" 7952
"/Engine/EngineMaterials/Substrate/Glints2/dict_0003_0064" 7953
"/Engine/EngineMaterials/Substrate/Glints2/dict_0003_0068" 7954
"../../../Engine/Content/EngineMaterials/Substrate/Glints2/dict_0003_0069.uasset" 7955
"../../../Engine/Content/EngineMaterials/Substrate/Glints2/dict_0003_0070.uasset" 7956
"../../../Engine/Content/EngineMaterials/Substrate/Glints2/dict_0003_0072.uasset" 7957
"../../../Engine/Content/EngineMaterials/Substrate/Glints2/dict_0003_0071.uasset" 7958
"../../../Engine/Content/EngineMaterials/Substrate/Glints2/dict_0003_0073.uasset" 7959
"/Engine/EngineMaterials/Substrate/Glints2/dict_0003_0072" 7960
"/Engine/EngineMaterials/Substrate/Glints2/dict_0003_0071" 7961
"/Engine/EngineMaterials/Substrate/Glints2/dict_0003_0070" 7962
"/Engine/EngineMaterials/Substrate/Glints2/dict_0003_0073" 7963
"../../../Engine/Content/EngineMaterials/Substrate/Glints2/dict_0003_0075.uasset" 7964
"../../../Engine/Content/EngineMaterials/Substrate/Glints2/dict_0003_0074.uasset" 7965
"/Engine/EngineMaterials/Substrate/Glints2/dict_0003_0069" 7966
"/Engine/EngineMaterials/Substrate/Glints2/dict_0003_0075" 7967
"/Engine/EngineMaterials/Substrate/Glints2/dict_0003_0074" 7968
"../../../Engine/Content/EngineMaterials/Substrate/Glints2/dict_0003_0076.uasset" 7969
"/Engine/EngineMaterials/Substrate/Glints2/dict_0003_0076" 7970
"../../../Engine/Content/EngineMaterials/Substrate/Glints2/dict_0003_0077.uasset" 7971
"../../../Engine/Content/EngineMaterials/Substrate/Glints2/dict_0003_0078.uasset" 7972
"../../../Engine/Content/EngineMaterials/Substrate/Glints2/dict_0003_0079.uasset" 7973
"../../../Engine/Content/EngineMaterials/Substrate/Glints2/dict_0003_0080.uasset" 7974
"/Engine/EngineMaterials/Substrate/Glints2/dict_0003_0077" 7975
"../../../Engine/Content/EngineMaterials/Substrate/Glints2/dict_0003_0081.uasset" 7976
"/Engine/EngineMaterials/Substrate/Glints2/dict_0003_0080" 7977
"/Engine/EngineMaterials/Substrate/Glints2/dict_0003_0079" 7978
"/Engine/EngineMaterials/Substrate/Glints2/dict_0003_0078" 7979
"/Engine/EngineMaterials/Substrate/Glints2/dict_0003_0081" 7980
"../../../Engine/Content/EngineMaterials/Substrate/Glints2/dict_0003_0023.uasset" 7981
"../../../Engine/Content/EngineMaterials/Substrate/Glints2/dict_0003_0082.uasset" 7982
"../../../Engine/Content/EngineMaterials/Substrate/Glints2/dict_0003_0083.uasset" 7983
"../../../Engine/Content/EngineMaterials/Substrate/Glints2/dict_0003_0085.uasset" 7984
"../../../Engine/Content/EngineMaterials/Substrate/Glints2/dict_0003_0084.uasset" 7985
"/Engine/EngineMaterials/Substrate/Glints2/dict_0003_0085" 7986
"/Engine/EngineMaterials/Substrate/Glints2/dict_0003_0084" 7987
"/Engine/EngineMaterials/Substrate/Glints2/dict_0003_0023" 7988
"/Engine/EngineMaterials/Substrate/Glints2/dict_0003_0083" 7989
"../../../Engine/Content/EngineMaterials/Substrate/Glints2/dict_0003_0088.uasset" 7990
"/Engine/EngineMaterials/Substrate/Glints2/dict_0003_0082" 7991
"../../../Engine/Content/EngineMaterials/Substrate/Glints2/dict_0003_0086.uasset" 7992
"/Engine/EngineMaterials/Substrate/Glints2/dict_0003_0086" 7993
"/Engine/EngineMaterials/Substrate/Glints2/dict_0003_0088" 7994
"../../../Engine/Content/EngineMaterials/Substrate/Glints2/dict_0003_0089.uasset" 7995
"../../../Engine/Content/EngineMaterials/Substrate/Glints2/dict_0003_0090.uasset" 7996
"../../../Engine/Content/EngineMaterials/Substrate/Glints2/dict_0003_0091.uasset" 7997
"../../../Engine/Content/EngineMaterials/Substrate/Glints2/dict_0003_0044.uasset" 7998
"../../../Engine/Content/EngineMaterials/Substrate/Glints2/dict_0003_0092.uasset" 7999
"../../../Engine/Content/EngineMaterials/Substrate/Glints2/dict_0003_0093.uasset" 8000
"/Engine/EngineMaterials/Substrate/Glints2/dict_0003_0044" 8001
"/Engine/EngineMaterials/Substrate/Glints2/dict_0003_0091" 8002
"../../../Engine/Content/EngineMaterials/Substrate/Glints2/dict_0003_0094.uasset" 8003
"/Engine/EngineMaterials/Substrate/Glints2/dict_0003_0090" 8004
"/Engine/EngineMaterials/Substrate/Glints2/dict_0003_0089" 8005
"/Engine/EngineMaterials/Substrate/Glints2/dict_0003_0093" 8006
"/Engine/EngineMaterials/Substrate/Glints2/dict_0003_0092" 8007
"/Engine/EngineMaterials/Substrate/Glints2/dict_0003_0094" 8008
"../../../Engine/Content/EngineMaterials/Substrate/Glints2/dict_0003_0095.uasset" 8009
"../../../Engine/Content/EngineMaterials/Substrate/Glints2/dict_0003_0096.uasset" 8010
"../../../Engine/Content/EngineMaterials/Substrate/Glints2/dict_0003_0098.uasset" 8011
"../../../Engine/Content/EngineMaterials/Substrate/Glints2/dict_0003_0099.uasset" 8012
"../../../Engine/Content/EngineMaterials/Substrate/Glints2/dict_0003_0100.uasset" 8013
"/Engine/EngineMaterials/Substrate/Glints2/dict_0003_0096" 8014
"../../../Engine/Content/EngineMaterials/Substrate/Glints2/dict_0003_0042.uasset" 8015
"/Engine/EngineMaterials/Substrate/Glints2/dict_0003_0095" 8016
"/Engine/EngineMaterials/Substrate/Glints2/dict_0003_0099" 8017
"/Engine/EngineMaterials/Substrate/Glints2/dict_0003_0098" 8018
"/Engine/EngineMaterials/Substrate/Glints2/dict_0003_0100" 8019
"/Engine/EngineMaterials/Substrate/Glints2/dict_0003_0042" 8020
"../../../Engine/Content/EngineMaterials/Substrate/Glints2/dict_0003_0101.uasset" 8021
"../../../Engine/Content/EngineMaterials/Substrate/Glints2/dict_0003_0102.uasset" 8022
"../../../Engine/Content/EngineMaterials/Substrate/Glints2/dict_0003_0105.uasset" 8023
"../../../Engine/Content/EngineMaterials/Substrate/Glints2/dict_0003_0103.uasset" 8024
"../../../Engine/Content/EngineMaterials/Substrate/Glints2/dict_0003_0104.uasset" 8025
"/Engine/EngineMaterials/Substrate/Glints2/dict_0003_0103" 8026
"/Engine/EngineMaterials/Substrate/Glints2/dict_0003_0102" 8027
"../../../Engine/Content/EngineMaterials/Substrate/Glints2/dict_0003_0107.uasset" 8028
"/Engine/EngineMaterials/Substrate/Glints2/dict_0003_0104" 8029
"/Engine/EngineMaterials/Substrate/Glints2/dict_0003_0101" 8030
"/Engine/EngineMaterials/Substrate/Glints2/dict_0003_0105" 8031
"../../../Engine/Content/EngineMaterials/Substrate/Glints2/dict_0003_0108.uasset" 8032
"/Engine/EngineMaterials/Substrate/Glints2/dict_0003_0108" 8033
"/Engine/EngineMaterials/Substrate/Glints2/dict_0003_0107" 8034
"../../../Engine/Content/EngineMaterials/Substrate/Glints2/dict_0003_0111.uasset" 8035
"../../../Engine/Content/EngineMaterials/Substrate/Glints2/dict_0003_0110.uasset" 8036
"../../../Engine/Content/EngineMaterials/Substrate/Glints2/dict_0002_0248.uasset" 8037
"../../../Engine/Content/EngineMaterials/Substrate/Glints2/dict_0003_0109.uasset" 8038
"../../../Engine/Content/EngineMaterials/Substrate/Glints2/dict_0003_0087.uasset" 8039
"../../../Engine/Content/EngineMaterials/Substrate/Glints2/dict_0003_0112.uasset" 8040
"../../../Engine/Content/EngineMaterials/Substrate/Glints2/dict_0003_0113.uasset" 8041
"/Engine/EngineMaterials/Substrate/Glints2/dict_0003_0111" 8042
"/Engine/EngineMaterials/Substrate/Glints2/dict_0003_0109" 8043
"/Engine/EngineMaterials/Substrate/Glints2/dict_0003_0110" 8044
"/Engine/EngineMaterials/Substrate/Glints2/dict_0002_0248" 8045
"/Engine/EngineMaterials/Substrate/Glints2/dict_0003_0087" 8046
"/Engine/EngineMaterials/Substrate/Glints2/dict_0003_0112" 8047
"../../../Engine/Content/EngineMaterials/Substrate/Glints2/dict_0003_0115.uasset" 8048
"../../../Engine/Content/EngineMaterials/Substrate/Glints2/dict_0003_0114.uasset" 8049
"/Engine/EngineMaterials/Substrate/Glints2/dict_0003_0115" 8050
"/Engine/EngineMaterials/Substrate/Glints2/dict_0003_0114" 8051
"/Engine/EngineMaterials/Substrate/Glints2/dict_0003_0113" 8052
"../../../Engine/Content/EngineMaterials/Substrate/Glints2/dict_0003_0119.uasset" 8053
"../../../Engine/Content/EngineMaterials/Substrate/Glints2/dict_0003_0117.uasset" 8054
"../../../Engine/Content/EngineMaterials/Substrate/Glints2/dict_0003_0120.uasset" 8055
"../../../Engine/Content/EngineMaterials/Substrate/Glints2/dict_0003_0122.uasset" 8056
"../../../Engine/Content/EngineMaterials/Substrate/Glints2/dict_0003_0121.uasset" 8057
"/Engine/EngineMaterials/Substrate/Glints2/dict_0003_0117" 8058
"/Engine/EngineMaterials/Substrate/Glints2/dict_0003_0122" 8059
"/Engine/EngineMaterials/Substrate/Glints2/dict_0003_0121" 8060
"/Engine/EngineMaterials/Substrate/Glints2/dict_0003_0120" 8061
"/Engine/EngineMaterials/Substrate/Glints2/dict_0003_0119" 8062
"../../../Engine/Content/EngineMaterials/Substrate/Glints2/dict_0003_0124.uasset" 8063
"../../../Engine/Content/EngineMaterials/Substrate/Glints2/dict_0003_0126.uasset" 8064
"../../../Engine/Content/EngineMaterials/Substrate/Glints2/dict_0003_0123.uasset" 8065
"../../../Engine/Content/EngineMaterials/Substrate/Glints2/dict_0003_0125.uasset" 8066
"../../../Engine/Content/EngineMaterials/Substrate/Glints2/dict_0003_0127.uasset" 8067
"../../../Engine/Content/EngineMaterials/Substrate/Glints2/dict_0003_0050.uasset" 8068
"/Engine/EngineMaterials/Substrate/Glints2/dict_0003_0123" 8069
"/Engine/EngineMaterials/Substrate/Glints2/dict_0003_0124" 8070
"/Engine/EngineMaterials/Substrate/Glints2/dict_0003_0127" 8071
"/Engine/EngineMaterials/Substrate/Glints2/dict_0003_0126" 8072
"/Engine/EngineMaterials/Substrate/Glints2/dict_0003_0050" 8073
"/Engine/EngineMaterials/Substrate/Glints2/dict_0003_0125" 8074
"../../../Engine/Content/EngineMaterials/Substrate/Glints2/dict_0003_0128.uasset" 8075
"../../../Engine/Content/EngineMaterials/Substrate/Glints2/dict_0003_0130.uasset" 8076
"../../../Engine/Content/EngineMaterials/Substrate/Glints2/dict_0003_0131.uasset" 8077
"../../../Engine/Content/EngineMaterials/Substrate/Glints2/dict_0003_0116.uasset" 8078
"../../../Engine/Content/EngineMaterials/Substrate/Glints2/dict_0003_0129.uasset" 8079
"../../../Engine/Content/EngineMaterials/Substrate/Glints2/dict_0003_0132.uasset" 8080
"/Engine/EngineMaterials/Substrate/Glints2/dict_0003_0129" 8081
"/Engine/EngineMaterials/Substrate/Glints2/dict_0003_0116" 8082
"/Engine/EngineMaterials/Substrate/Glints2/dict_0003_0131" 8083
"/Engine/EngineMaterials/Substrate/Glints2/dict_0003_0128" 8084
"/Engine/EngineMaterials/Substrate/Glints2/dict_0003_0130" 8085
"/Engine/EngineMaterials/Substrate/Glints2/dict_0003_0132" 8086
"../../../Engine/Content/EngineMaterials/Substrate/Glints2/dict_0003_0136.uasset" 8087
"../../../Engine/Content/EngineMaterials/Substrate/Glints2/dict_0003_0135.uasset" 8088
"../../../Engine/Content/EngineMaterials/Substrate/Glints2/dict_0003_0134.uasset" 8089
"../../../Engine/Content/EngineMaterials/Substrate/Glints2/dict_0003_0139.uasset" 8090
"../../../Engine/Content/EngineMaterials/Substrate/Glints2/dict_0003_0138.uasset" 8091
"/Engine/EngineMaterials/Substrate/Glints2/dict_0003_0136" 8092
"../../../Engine/Content/EngineMaterials/Substrate/Glints2/dict_0003_0142.uasset" 8093
"../../../Engine/Content/EngineMaterials/Substrate/Glints2/dict_0003_0140.uasset" 8094
"../../../Engine/Content/EngineMaterials/Substrate/Glints2/dict_0003_0141.uasset" 8095
"/Engine/EngineMaterials/Substrate/Glints2/dict_0003_0139" 8096
"/Engine/EngineMaterials/Substrate/Glints2/dict_0003_0135" 8097
"/Engine/EngineMaterials/Substrate/Glints2/dict_0003_0134" 8098
"/Engine/EngineMaterials/Substrate/Glints2/dict_0003_0138" 8099
"/Engine/EngineMaterials/Substrate/Glints2/dict_0003_0140" 8100
"/Engine/EngineMaterials/Substrate/Glints2/dict_0003_0142" 8101
"/Engine/EngineMaterials/Substrate/Glints2/dict_0003_0141" 8102
"../../../Engine/Content/EngineMaterials/Substrate/Glints2/dict_0003_0143.uasset" 8103
"../../../Engine/Content/EngineMaterials/Substrate/Glints2/dict_0003_0145.uasset" 8104
"../../../Engine/Content/EngineMaterials/Substrate/Glints2/dict_0003_0146.uasset" 8105
"../../../Engine/Content/EngineMaterials/Substrate/Glints2/dict_0003_0147.uasset" 8106
"../../../Engine/Content/EngineMaterials/Substrate/Glints2/dict_0003_0144.uasset" 8107
"../../../Engine/Content/EngineMaterials/Substrate/Glints2/dict_0003_0137.uasset" 8108
"/Engine/EngineMaterials/Substrate/Glints2/dict_0003_0145" 8109
"/Engine/EngineMaterials/Substrate/Glints2/dict_0003_0144" 8110
"/Engine/EngineMaterials/Substrate/Glints2/dict_0003_0143" 8111
"/Engine/EngineMaterials/Substrate/Glints2/dict_0003_0147" 8112
"/Engine/EngineMaterials/Substrate/Glints2/dict_0003_0146" 8113
"/Engine/EngineMaterials/Substrate/Glints2/dict_0003_0137" 8114
"../../../Engine/Content/EngineMaterials/Substrate/Glints2/dict_0003_0150.uasset" 8115
"../../../Engine/Content/EngineMaterials/Substrate/Glints2/dict_0003_0148.uasset" 8116
"../../../Engine/Content/EngineMaterials/Substrate/Glints2/dict_0003_0149.uasset" 8117
"../../../Engine/Content/EngineMaterials/Substrate/Glints2/dict_0003_0151.uasset" 8118
"../../../Engine/Content/EngineMaterials/Substrate/Glints2/dict_0003_0054.uasset" 8119
"../../../Engine/Content/EngineMaterials/Substrate/Glints2/dict_0003_0152.uasset" 8120
"/Engine/EngineMaterials/Substrate/Glints2/dict_0003_0151" 8121
"/Engine/EngineMaterials/Substrate/Glints2/dict_0003_0150" 8122
"/Engine/EngineMaterials/Substrate/Glints2/dict_0003_0054" 8123
"/Engine/EngineMaterials/Substrate/Glints2/dict_0003_0149" 8124
"/Engine/EngineMaterials/Substrate/Glints2/dict_0003_0148" 8125
"../../../Engine/Content/EngineMaterials/Substrate/Glints2/dict_0003_0030.uasset" 8126
"/Engine/EngineMaterials/Substrate/Glints2/dict_0003_0152" 8127
"/Engine/EngineMaterials/Substrate/Glints2/dict_0003_0030" 8128
"../../../Engine/Content/EngineMaterials/Substrate/Glints2/dict_0003_0155.uasset" 8129
"../../../Engine/Content/EngineMaterials/Substrate/Glints2/dict_0003_0154.uasset" 8130
"../../../Engine/Content/EngineMaterials/Substrate/Glints2/dict_0003_0157.uasset" 8131
"../../../Engine/Content/EngineMaterials/Substrate/Glints2/dict_0003_0156.uasset" 8132
"../../../Engine/Content/EngineMaterials/Substrate/Glints2/dict_0003_0159.uasset" 8133
"../../../Engine/Content/EngineMaterials/Substrate/Glints2/dict_0003_0164.uasset" 8134
"/Engine/EngineMaterials/Substrate/Glints2/dict_0003_0157" 8135
"../../../Engine/Content/EngineMaterials/Substrate/Glints2/dict_0003_0161.uasset" 8136
"../../../Engine/Content/EngineMaterials/Substrate/Glints2/dict_0003_0163.uasset" 8137
"/Engine/EngineMaterials/Substrate/Glints2/dict_0003_0156" 8138
"../../../Engine/Content/EngineMaterials/Substrate/Glints2/dict_0003_0162.uasset" 8139
"/Engine/EngineMaterials/Substrate/Glints2/dict_0003_0159" 8140
"/Engine/EngineMaterials/Substrate/Glints2/dict_0003_0155" 8141
"/Engine/EngineMaterials/Substrate/Glints2/dict_0003_0154" 8142
"/Engine/EngineMaterials/Substrate/Glints2/dict_0003_0162" 8143
"/Engine/EngineMaterials/Substrate/Glints2/dict_0003_0161" 8144
"/Engine/EngineMaterials/Substrate/Glints2/dict_0003_0164" 8145
"/Engine/EngineMaterials/Substrate/Glints2/dict_0003_0163" 8146
"../../../Engine/Content/EngineMaterials/Substrate/Glints2/dict_0003_0165.uasset" 8147
"../../../Engine/Content/EngineMaterials/Substrate/Glints2/dict_0003_0167.uasset" 8148
"../../../Engine/Content/EngineMaterials/Substrate/Glints2/dict_0003_0168.uasset" 8149
"../../../Engine/Content/EngineMaterials/Substrate/Glints2/dict_0003_0166.uasset" 8150
"../../../Engine/Content/EngineMaterials/Substrate/Glints2/dict_0003_0106.uasset" 8151
"../../../Engine/Content/EngineMaterials/Substrate/Glints2/dict_0003_0160.uasset" 8152
"../../../Engine/Content/EngineMaterials/Substrate/Glints2/dict_0003_0169.uasset" 8153
"/Engine/EngineMaterials/Substrate/Glints2/dict_0003_0165" 8154
"/Engine/EngineMaterials/Substrate/Glints2/dict_0003_0160" 8155
"/Engine/EngineMaterials/Substrate/Glints2/dict_0003_0168" 8156
"/Engine/EngineMaterials/Substrate/Glints2/dict_0003_0167" 8157
"/Engine/EngineMaterials/Substrate/Glints2/dict_0003_0106" 8158
"/Engine/EngineMaterials/Substrate/Glints2/dict_0003_0166" 8159
"/Engine/EngineMaterials/Substrate/Glints2/dict_0003_0169" 8160
"../../../Engine/Content/EngineMaterials/Substrate/Glints2/dict_0003_0170.uasset" 8161
"../../../Engine/Content/EngineMaterials/Substrate/Glints2/dict_0003_0173.uasset" 8162
"../../../Engine/Content/EngineMaterials/Substrate/Glints2/dict_0003_0172.uasset" 8163
"../../../Engine/Content/EngineMaterials/Substrate/Glints2/dict_0003_0171.uasset" 8164
"../../../Engine/Content/EngineMaterials/Substrate/Glints2/dict_0003_0176.uasset" 8165
"/Engine/EngineMaterials/Substrate/Glints2/dict_0003_0171" 8166
"/Engine/EngineMaterials/Substrate/Glints2/dict_0003_0170" 8167
"/Engine/EngineMaterials/Substrate/Glints2/dict_0003_0173" 8168
"/Engine/EngineMaterials/Substrate/Glints2/dict_0003_0172" 8169
"../../../Engine/Content/EngineMaterials/Substrate/Glints2/dict_0003_0178.uasset" 8170
"/Engine/EngineMaterials/Substrate/Glints2/dict_0003_0178" 8171
"/Engine/EngineMaterials/Substrate/Glints2/dict_0003_0176" 8172
"../../../Engine/Content/EngineMaterials/Substrate/Glints2/dict_0003_0177.uasset" 8173
"../../../Engine/Content/EngineMaterials/Substrate/Glints2/dict_0003_0179.uasset" 8174
"../../../Engine/Content/EngineMaterials/Substrate/Glints2/dict_0003_0180.uasset" 8175
"../../../Engine/Content/EngineMaterials/Substrate/Glints2/dict_0003_0046.uasset" 8176
"../../../Engine/Content/EngineMaterials/Substrate/Glints2/dict_0003_0049.uasset" 8177
"../../../Engine/Content/EngineMaterials/Substrate/Glints2/dict_0003_0181.uasset" 8178
"../../../Engine/Content/EngineMaterials/Substrate/Glints2/dict_0003_0182.uasset" 8179
"/Engine/EngineMaterials/Substrate/Glints2/dict_0003_0046" 8180
"/Engine/EngineMaterials/Substrate/Glints2/dict_0003_0177" 8181
"/Engine/EngineMaterials/Substrate/Glints2/dict_0003_0180" 8182
"/Engine/EngineMaterials/Substrate/Glints2/dict_0003_0179" 8183
"/Engine/EngineMaterials/Substrate/Glints2/dict_0003_0049" 8184
"../../../Engine/Content/EngineMaterials/Substrate/Glints2/dict_0003_0183.uasset" 8185
"/Engine/EngineMaterials/Substrate/Glints2/dict_0003_0182" 8186
"/Engine/EngineMaterials/Substrate/Glints2/dict_0003_0181" 8187
"/Engine/EngineMaterials/Substrate/Glints2/dict_0003_0183" 8188
"../../../Engine/Content/EngineMaterials/Substrate/Glints2/dict_0003_0186.uasset" 8189
"../../../Engine/Content/EngineMaterials/Substrate/Glints2/dict_0003_0185.uasset" 8190
"../../../Engine/Content/EngineMaterials/Substrate/Glints2/dict_0003_0184.uasset" 8191
"../../../Engine/Content/EngineMaterials/Substrate/Glints2/dict_0003_0189.uasset" 8192
"../../../Engine/Content/EngineMaterials/Substrate/Glints2/dict_0003_0188.uasset" 8193
"../../../Engine/Content/EngineMaterials/Substrate/Glints2/dict_0003_0193.uasset" 8194
"/Engine/EngineMaterials/Substrate/Glints2/dict_0003_0186" 8195
"../../../Engine/Content/EngineMaterials/Substrate/Glints2/dict_0003_0190.uasset" 8196
"../../../Engine/Content/EngineMaterials/Substrate/Glints2/dict_0003_0191.uasset" 8197
"/Engine/EngineMaterials/Substrate/Glints2/dict_0003_0185" 8198
"/Engine/EngineMaterials/Substrate/Glints2/dict_0003_0189" 8199
"/Engine/EngineMaterials/Substrate/Glints2/dict_0003_0188" 8200
"../../../Engine/Content/EngineMaterials/Substrate/Glints2/dict_0003_0192.uasset" 8201
"/Engine/EngineMaterials/Substrate/Glints2/dict_0003_0184" 8202
"/Engine/EngineMaterials/Substrate/Glints2/dict_0003_0193" 8203
"/Engine/EngineMaterials/Substrate/Glints2/dict_0003_0192" 8204
"/Engine/EngineMaterials/Substrate/Glints2/dict_0003_0191" 8205
"/Engine/EngineMaterials/Substrate/Glints2/dict_0003_0190" 8206
"../../../Engine/Content/EngineMaterials/Substrate/Glints2/dict_0003_0194.uasset" 8207
"../../../Engine/Content/EngineMaterials/Substrate/Glints2/dict_0003_0195.uasset" 8208
"../../../Engine/Content/EngineMaterials/Substrate/Glints2/dict_0003_0197.uasset" 8209
"../../../Engine/Content/EngineMaterials/Substrate/Glints2/dict_0003_0196.uasset" 8210
"../../../Engine/Content/EngineMaterials/Substrate/Glints2/dict_0003_0097.uasset" 8211
"../../../Engine/Content/EngineMaterials/Substrate/Glints2/dict_0003_0199.uasset" 8212
"/Engine/EngineMaterials/Substrate/Glints2/dict_0003_0197" 8213
"../../../Engine/Content/EngineMaterials/Substrate/Glints2/dict_0003_0198.uasset" 8214
"/Engine/EngineMaterials/Substrate/Glints2/dict_0003_0194" 8215
"../../../Engine/Content/EngineMaterials/Substrate/Glints2/dict_0003_0200.uasset" 8216
"../../../Engine/Content/EngineMaterials/Substrate/Glints2/dict_0003_0201.uasset" 8217
"/Engine/EngineMaterials/Substrate/Glints2/dict_0003_0199" 8218
"/Engine/EngineMaterials/Substrate/Glints2/dict_0003_0196" 8219
"/Engine/EngineMaterials/Substrate/Glints2/dict_0003_0097" 8220
"/Engine/EngineMaterials/Substrate/Glints2/dict_0003_0195" 8221
"/Engine/EngineMaterials/Substrate/Glints2/dict_0003_0198" 8222
"/Engine/EngineMaterials/Substrate/Glints2/dict_0003_0200" 8223
"/Engine/EngineMaterials/Substrate/Glints2/dict_0003_0201" 8224
"../../../Engine/Content/EngineMaterials/Substrate/Glints2/dict_0003_0203.uasset" 8225
"../../../Engine/Content/EngineMaterials/Substrate/Glints2/dict_0003_0202.uasset" 8226
"../../../Engine/Content/EngineMaterials/Substrate/Glints2/dict_0003_0206.uasset" 8227
"../../../Engine/Content/EngineMaterials/Substrate/Glints2/dict_0003_0205.uasset" 8228
"../../../Engine/Content/EngineMaterials/Substrate/Glints2/dict_0003_0207.uasset" 8229
"../../../Engine/Content/EngineMaterials/Substrate/Glints2/dict_0003_0208.uasset" 8230
"/Engine/EngineMaterials/Substrate/Glints2/dict_0003_0205" 8231
"../../../Engine/Content/EngineMaterials/Substrate/Glints2/dict_0003_0209.uasset" 8232
"/Engine/EngineMaterials/Substrate/Glints2/dict_0003_0208" 8233
"/Engine/EngineMaterials/Substrate/Glints2/dict_0003_0207" 8234
"/Engine/EngineMaterials/Substrate/Glints2/dict_0003_0206" 8235
"/Engine/EngineMaterials/Substrate/Glints2/dict_0003_0203" 8236
"/Engine/EngineMaterials/Substrate/Glints2/dict_0003_0202" 8237
"/Engine/EngineMaterials/Substrate/Glints2/dict_0003_0209" 8238
"../../../Engine/Content/EngineMaterials/Substrate/Glints2/dict_0003_0210.uasset" 8239
"../../../Engine/Content/EngineMaterials/Substrate/Glints2/dict_0003_0211.uasset" 8240
"../../../Engine/Content/EngineMaterials/Substrate/Glints2/dict_0003_0213.uasset" 8241
"../../../Engine/Content/EngineMaterials/Substrate/Glints2/dict_0003_0214.uasset" 8242
"../../../Engine/Content/EngineMaterials/Substrate/Glints2/dict_0003_0212.uasset" 8243
"../../../Engine/Content/EngineMaterials/Substrate/Glints2/dict_0003_0204.uasset" 8244
"../../../Engine/Content/EngineMaterials/Substrate/Glints2/dict_0003_0215.uasset" 8245
"../../../Engine/Content/EngineMaterials/Substrate/Glints2/dict_0003_0216.uasset" 8246
"/Engine/EngineMaterials/Substrate/Glints2/dict_0003_0204" 8247
"/Engine/EngineMaterials/Substrate/Glints2/dict_0003_0213" 8248
"/Engine/EngineMaterials/Substrate/Glints2/dict_0003_0216" 8249
"/Engine/EngineMaterials/Substrate/Glints2/dict_0003_0215" 8250
"/Engine/EngineMaterials/Substrate/Glints2/dict_0003_0212" 8251
"/Engine/EngineMaterials/Substrate/Glints2/dict_0003_0214" 8252
"/Engine/EngineMaterials/Substrate/Glints2/dict_0003_0211" 8253
"/Engine/EngineMaterials/Substrate/Glints2/dict_0003_0210" 8254
"../../../Engine/Content/EngineMaterials/Substrate/Glints2/dict_0003_0218.uasset" 8255
"/Engine/EngineMaterials/Substrate/Glints2/dict_0003_0218" 8256
"../../../Engine/Content/EngineMaterials/Substrate/Glints2/dict_0003_0219.uasset" 8257
"../../../Engine/Content/EngineMaterials/Substrate/Glints2/dict_0003_0220.uasset" 8258
"../../../Engine/Content/EngineMaterials/Substrate/Glints2/dict_0003_0222.uasset" 8259
"../../../Engine/Content/EngineMaterials/Substrate/Glints2/dict_0003_0217.uasset" 8260
"../../../Engine/Content/EngineMaterials/Substrate/Glints2/dict_0003_0223.uasset" 8261
"/Engine/EngineMaterials/Substrate/Glints2/dict_0003_0223" 8262
"../../../Engine/Content/EngineMaterials/Substrate/Glints2/dict_0003_0225.uasset" 8263
"/Engine/EngineMaterials/Substrate/Glints2/dict_0003_0222" 8264
"../../../Engine/Content/EngineMaterials/Substrate/Glints2/dict_0003_0224.uasset" 8265
"../../../Engine/Content/EngineMaterials/Substrate/Glints2/dict_0003_0226.uasset" 8266
"/Engine/EngineMaterials/Substrate/Glints2/dict_0003_0217" 8267
"/Engine/EngineMaterials/Substrate/Glints2/dict_0003_0220" 8268
"/Engine/EngineMaterials/Substrate/Glints2/dict_0003_0219" 8269
"/Engine/EngineMaterials/Substrate/Glints2/dict_0003_0226" 8270
"../../../Engine/Content/EngineMaterials/Substrate/Glints2/dict_0003_0228.uasset" 8271
"/Engine/EngineMaterials/Substrate/Glints2/dict_0003_0225" 8272
"../../../Engine/Content/EngineMaterials/Substrate/Glints2/dict_0003_0227.uasset" 8273
"/Engine/EngineMaterials/Substrate/Glints2/dict_0003_0224" 8274
"/Engine/EngineMaterials/Substrate/Glints2/dict_0003_0228" 8275
"/Engine/EngineMaterials/Substrate/Glints2/dict_0003_0227" 8276
"../../../Engine/Content/EngineMaterials/Substrate/Glints2/dict_0003_0229.uasset" 8277
"../../../Engine/Content/EngineMaterials/Substrate/Glints2/dict_0003_0230.uasset" 8278
"../../../Engine/Content/EngineMaterials/Substrate/Glints2/dict_0003_0231.uasset" 8279
"../../../Engine/Content/EngineMaterials/Substrate/Glints2/dict_0003_0233.uasset" 8280
"../../../Engine/Content/EngineMaterials/Substrate/Glints2/dict_0003_0234.uasset" 8281
"../../../Engine/Content/EngineMaterials/Substrate/Glints2/dict_0003_0232.uasset" 8282
"/Engine/EngineMaterials/Substrate/Glints2/dict_0003_0232" 8283
"/Engine/EngineMaterials/Substrate/Glints2/dict_0003_0231" 8284
"/Engine/EngineMaterials/Substrate/Glints2/dict_0003_0230" 8285
"/Engine/EngineMaterials/Substrate/Glints2/dict_0003_0229" 8286
"/Engine/EngineMaterials/Substrate/Glints2/dict_0003_0234" 8287
"../../../Engine/Content/EngineMaterials/Substrate/Glints2/dict_0003_0235.uasset" 8288
"/Engine/EngineMaterials/Substrate/Glints2/dict_0003_0233" 8289
"/Engine/EngineMaterials/Substrate/Glints2/dict_0003_0235" 8290
"../../../Engine/Content/EngineMaterials/Substrate/Glints2/dict_0003_0236.uasset" 8291
"../../../Engine/Content/EngineMaterials/Substrate/Glints2/dict_0003_0238.uasset" 8292
"../../../Engine/Content/EngineMaterials/Substrate/Glints2/dict_0003_0237.uasset" 8293
"../../../Engine/Content/EngineMaterials/Substrate/Glints2/dict_0003_0239.uasset" 8294
"../../../Engine/Content/EngineMaterials/Substrate/Glints2/dict_0003_0240.uasset" 8295
"/Engine/EngineMaterials/Substrate/Glints2/dict_0003_0239" 8296
"/Engine/EngineMaterials/Substrate/Glints2/dict_0003_0238" 8297
"/Engine/EngineMaterials/Substrate/Glints2/dict_0003_0237" 8298
"/Engine/EngineMaterials/Substrate/Glints2/dict_0003_0236" 8299
"/Engine/EngineMaterials/Substrate/Glints2/dict_0003_0240" 8300
"../../../Engine/Content/EngineMaterials/Substrate/Glints2/dict_0003_0242.uasset" 8301
"../../../Engine/Content/EngineMaterials/Substrate/Glints2/dict_0003_0241.uasset" 8302
"../../../Engine/Content/EngineMaterials/Substrate/Glints2/dict_0003_0243.uasset" 8303
"../../../Engine/Content/EngineMaterials/Substrate/Glints2/dict_0003_0244.uasset" 8304
"../../../Engine/Content/EngineMaterials/Substrate/Glints2/dict_0003_0245.uasset" 8305
"/Engine/EngineMaterials/Substrate/Glints2/dict_0003_0241" 8306
"../../../Engine/Content/EngineMaterials/Substrate/Glints2/dict_0003_0246.uasset" 8307
"/Engine/EngineMaterials/Substrate/Glints2/dict_0003_0245" 8308
"/Engine/EngineMaterials/Substrate/Glints2/dict_0003_0244" 8309
"/Engine/EngineMaterials/Substrate/Glints2/dict_0003_0243" 8310
"/Engine/EngineMaterials/Substrate/Glints2/dict_0003_0242" 8311
"../../../Engine/Content/EngineMaterials/Substrate/Glints2/dict_0003_0248.uasset" 8312
"/Engine/EngineMaterials/Substrate/Glints2/dict_0003_0246" 8313
"../../../Engine/Content/EngineMaterials/Substrate/Glints2/dict_0003_0133.uasset" 8314
"/Engine/EngineMaterials/Substrate/Glints2/dict_0003_0248" 8315
"/Engine/EngineMaterials/Substrate/Glints2/dict_0003_0133" 8316
"../../../Engine/Content/EngineMaterials/Substrate/Glints2/dict_0003_0249.uasset" 8317
"../../../Engine/Content/EngineMaterials/Substrate/Glints2/dict_0003_0250.uasset" 8318
"../../../Engine/Content/EngineMaterials/Substrate/Glints2/dict_0003_0251.uasset" 8319
"../../../Engine/Content/EngineMaterials/Substrate/Glints2/dict_0003_0247.uasset" 8320
"../../../Engine/Content/EngineMaterials/Substrate/Glints2/dict_0003_0158.uasset" 8321
"../../../Engine/Content/EngineMaterials/Substrate/Glints2/dict_0003_0252.uasset" 8322
"/Engine/EngineMaterials/Substrate/Glints2/dict_0003_0250" 8323
"../../../Engine/Content/EngineMaterials/Substrate/Glints2/dict_0003_0253.uasset" 8324
"/Engine/EngineMaterials/Substrate/Glints2/dict_0003_0249" 8325
"../../../Engine/Content/EngineMaterials/Substrate/Glints2/dict_0004_0000.uasset" 8326
"../../../Engine/Content/EngineMaterials/Substrate/Glints2/dict_0003_0255.uasset" 8327
"/Engine/EngineMaterials/Substrate/Glints2/dict_0003_0247" 8328
"/Engine/EngineMaterials/Substrate/Glints2/dict_0003_0252" 8329
"/Engine/EngineMaterials/Substrate/Glints2/dict_0003_0251" 8330
"/Engine/EngineMaterials/Substrate/Glints2/dict_0003_0158" 8331
"/Engine/EngineMaterials/Substrate/Glints2/dict_0004_0000" 8332
"/Engine/EngineMaterials/Substrate/Glints2/dict_0003_0255" 8333
"/Engine/EngineMaterials/Substrate/Glints2/dict_0003_0253" 8334
"../../../Engine/Content/EngineMaterials/Substrate/Glints2/dict_0004_0001.uasset" 8335
"../../../Engine/Content/EngineMaterials/Substrate/Glints2/dict_0004_0002.uasset" 8336
"../../../Engine/Content/EngineMaterials/Substrate/Glints2/dict_0003_0174.uasset" 8337
"../../../Engine/Content/EngineMaterials/Substrate/Glints2/dict_0004_0004.uasset" 8338
"../../../Engine/Content/EngineMaterials/Substrate/Glints2/dict_0004_0005.uasset" 8339
"/Engine/EngineMaterials/Substrate/Glints2/dict_0004_0002" 8340
"../../../Engine/Content/EngineMaterials/Substrate/Glints2/dict_0004_0006.uasset" 8341
"/Engine/EngineMaterials/Substrate/Glints2/dict_0004_0001" 8342
"/Engine/EngineMaterials/Substrate/Glints2/dict_0004_0005" 8343
"/Engine/EngineMaterials/Substrate/Glints2/dict_0003_0174" 8344
"/Engine/EngineMaterials/Substrate/Glints2/dict_0004_0004" 8345
"../../../Engine/Content/EngineMaterials/Substrate/Glints2/dict_0004_0008.uasset" 8346
"/Engine/EngineMaterials/Substrate/Glints2/dict_0004_0006" 8347
"/Engine/EngineMaterials/Substrate/Glints2/dict_0004_0008" 8348
"../../../Engine/Content/EngineMaterials/Substrate/Glints2/dict_0004_0009.uasset" 8349
"/Engine/EngineMaterials/Substrate/Glints2/dict_0004_0009" 8350
"../../../Engine/Content/EngineMaterials/Substrate/Glints2/dict_0004_0012.uasset" 8351
"../../../Engine/Content/EngineMaterials/Substrate/Glints2/dict_0004_0011.uasset" 8352
"../../../Engine/Content/EngineMaterials/Substrate/Glints2/dict_0003_0153.uasset" 8353
"../../../Engine/Content/EngineMaterials/Substrate/Glints2/dict_0004_0013.uasset" 8354
"../../../Engine/Content/EngineMaterials/Substrate/Glints2/dict_0004_0014.uasset" 8355
"/Engine/EngineMaterials/Substrate/Glints2/dict_0004_0013" 8356
"/Engine/EngineMaterials/Substrate/Glints2/dict_0004_0012" 8357
"../../../Engine/Content/EngineMaterials/Substrate/Glints2/dict_0004_0016.uasset" 8358
"/Engine/EngineMaterials/Substrate/Glints2/dict_0004_0011" 8359
"/Engine/EngineMaterials/Substrate/Glints2/dict_0004_0014" 8360
"../../../Engine/Content/EngineMaterials/Substrate/Glints2/dict_0004_0015.uasset" 8361
"../../../Engine/Content/EngineMaterials/Substrate/Glints2/dict_0004_0017.uasset" 8362
"/Engine/EngineMaterials/Substrate/Glints2/dict_0003_0153" 8363
"/Engine/EngineMaterials/Substrate/Glints2/dict_0004_0015" 8364
"/Engine/EngineMaterials/Substrate/Glints2/dict_0004_0016" 8365
"/Engine/EngineMaterials/Substrate/Glints2/dict_0004_0017" 8366
"../../../Engine/Content/EngineMaterials/Substrate/Glints2/dict_0004_0019.uasset" 8367
"../../../Engine/Content/EngineMaterials/Substrate/Glints2/dict_0004_0020.uasset" 8368
"../../../Engine/Content/EngineMaterials/Substrate/Glints2/dict_0004_0021.uasset" 8369
"../../../Engine/Content/EngineMaterials/Substrate/Glints2/dict_0004_0022.uasset" 8370
"/Engine/EngineMaterials/Substrate/Glints2/dict_0004_0022" 8371
"../../../Engine/Content/EngineMaterials/Substrate/Glints2/dict_0004_0023.uasset" 8372
"/Engine/EngineMaterials/Substrate/Glints2/dict_0004_0021" 8373
"/Engine/EngineMaterials/Substrate/Glints2/dict_0004_0020" 8374
"/Engine/EngineMaterials/Substrate/Glints2/dict_0004_0019" 8375
"/Engine/EngineMaterials/Substrate/Glints2/dict_0004_0023" 8376
"../../../Engine/Content/EngineMaterials/Substrate/Glints2/dict_0004_0024.uasset" 8377
"../../../Engine/Content/EngineMaterials/Substrate/Glints2/dict_0004_0025.uasset" 8378
"../../../Engine/Content/EngineMaterials/Substrate/Glints2/dict_0004_0027.uasset" 8379
"../../../Engine/Content/EngineMaterials/Substrate/Glints2/dict_0004_0026.uasset" 8380
"../../../Engine/Content/EngineMaterials/Substrate/Glints2/dict_0004_0028.uasset" 8381
"../../../Engine/Content/EngineMaterials/Substrate/Glints2/dict_0003_0254.uasset" 8382
"/Engine/EngineMaterials/Substrate/Glints2/dict_0004_0025" 8383
"/Engine/EngineMaterials/Substrate/Glints2/dict_0004_0028" 8384
"/Engine/EngineMaterials/Substrate/Glints2/dict_0004_0024" 8385
"/Engine/EngineMaterials/Substrate/Glints2/dict_0004_0027" 8386
"/Engine/EngineMaterials/Substrate/Glints2/dict_0004_0026" 8387
"/Engine/EngineMaterials/Substrate/Glints2/dict_0003_0254" 8388
"../../../Engine/Content/EngineMaterials/Substrate/Glints2/dict_0004_0030.uasset" 8389
"../../../Engine/Content/EngineMaterials/Substrate/Glints2/dict_0004_0029.uasset" 8390
"../../../Engine/Content/EngineMaterials/Substrate/Glints2/dict_0003_0187.uasset" 8391
"../../../Engine/Content/EngineMaterials/Substrate/Glints2/dict_0004_0031.uasset" 8392
"../../../Engine/Content/EngineMaterials/Substrate/Glints2/dict_0004_0032.uasset" 8393
"../../../Engine/Content/EngineMaterials/Substrate/Glints2/dict_0004_0033.uasset" 8394
"../../../Engine/Content/EngineMaterials/Substrate/Glints2/dict_0004_0034.uasset" 8395
"/Engine/EngineMaterials/Substrate/Glints2/dict_0004_0030" 8396
"/Engine/EngineMaterials/Substrate/Glints2/dict_0004_0029" 8397
"/Engine/EngineMaterials/Substrate/Glints2/dict_0003_0187" 8398
"/Engine/EngineMaterials/Substrate/Glints2/dict_0004_0032" 8399
"/Engine/EngineMaterials/Substrate/Glints2/dict_0004_0031" 8400
"../../../Engine/Content/EngineMaterials/Substrate/Glints2/dict_0004_0038.uasset" 8401
"../../../Engine/Content/EngineMaterials/Substrate/Glints2/dict_0004_0036.uasset" 8402
"/Engine/EngineMaterials/Substrate/Glints2/dict_0004_0034" 8403
"../../../Engine/Content/EngineMaterials/Substrate/Glints2/dict_0004_0035.uasset" 8404
"/Engine/EngineMaterials/Substrate/Glints2/dict_0004_0033" 8405
"/Engine/EngineMaterials/Substrate/Glints2/dict_0004_0038" 8406
"/Engine/EngineMaterials/Substrate/Glints2/dict_0004_0036" 8407
"/Engine/EngineMaterials/Substrate/Glints2/dict_0004_0035" 8408
"../../../Engine/Content/EngineMaterials/Substrate/Glints2/dict_0004_0041.uasset" 8409
"../../../Engine/Content/EngineMaterials/Substrate/Glints2/dict_0004_0039.uasset" 8410
"../../../Engine/Content/EngineMaterials/Substrate/Glints2/dict_0004_0040.uasset" 8411
"../../../Engine/Content/EngineMaterials/Substrate/Glints2/dict_0004_0044.uasset" 8412
"../../../Engine/Content/EngineMaterials/Substrate/Glints2/dict_0004_0043.uasset" 8413
"../../../Engine/Content/EngineMaterials/Substrate/Glints2/dict_0004_0042.uasset" 8414
"/Engine/EngineMaterials/Substrate/Glints2/dict_0004_0044" 8415
"/Engine/EngineMaterials/Substrate/Glints2/dict_0004_0043" 8416
"/Engine/EngineMaterials/Substrate/Glints2/dict_0004_0041" 8417
"/Engine/EngineMaterials/Substrate/Glints2/dict_0004_0042" 8418
"/Engine/EngineMaterials/Substrate/Glints2/dict_0004_0040" 8419
"/Engine/EngineMaterials/Substrate/Glints2/dict_0004_0039" 8420
"../../../Engine/Content/EngineMaterials/Substrate/Glints2/dict_0004_0046.uasset" 8421
"../../../Engine/Content/EngineMaterials/Substrate/Glints2/dict_0004_0045.uasset" 8422
"../../../Engine/Content/EngineMaterials/Substrate/Glints2/dict_0004_0047.uasset" 8423
"../../../Engine/Content/EngineMaterials/Substrate/Glints2/dict_0004_0049.uasset" 8424
"../../../Engine/Content/EngineMaterials/Substrate/Glints2/dict_0004_0048.uasset" 8425
"../../../Engine/Content/EngineMaterials/Substrate/Glints2/dict_0004_0050.uasset" 8426
"../../../Engine/Content/EngineMaterials/Substrate/Glints2/dict_0004_0007.uasset" 8427
"/Engine/EngineMaterials/Substrate/Glints2/dict_0004_0045" 8428
"/Engine/EngineMaterials/Substrate/Glints2/dict_0004_0007" 8429
"/Engine/EngineMaterials/Substrate/Glints2/dict_0004_0050" 8430
"/Engine/EngineMaterials/Substrate/Glints2/dict_0004_0049" 8431
"/Engine/EngineMaterials/Substrate/Glints2/dict_0004_0048" 8432
"/Engine/EngineMaterials/Substrate/Glints2/dict_0004_0047" 8433
"../../../Engine/Content/EngineMaterials/Substrate/Glints2/dict_0004_0051.uasset" 8434
"../../../Engine/Content/EngineMaterials/Substrate/Glints2/dict_0004_0052.uasset" 8435
"/Engine/EngineMaterials/Substrate/Glints2/dict_0004_0046" 8436
"/Engine/EngineMaterials/Substrate/Glints2/dict_0004_0052" 8437
"/Engine/EngineMaterials/Substrate/Glints2/dict_0004_0051" 8438
"../../../Engine/Content/EngineMaterials/Substrate/Glints2/dict_0004_0053.uasset" 8439
"../../../Engine/Content/EngineMaterials/Substrate/Glints2/dict_0004_0010.uasset" 8440
"../../../Engine/Content/EngineMaterials/Substrate/Glints2/dict_0004_0057.uasset" 8441
"../../../Engine/Content/EngineMaterials/Substrate/Glints2/dict_0004_0054.uasset" 8442
"../../../Engine/Content/EngineMaterials/Substrate/Glints2/dict_0004_0055.uasset" 8443
"../../../Engine/Content/EngineMaterials/Substrate/Glints2/dict_0004_0059.uasset" 8444
"../../../Engine/Content/EngineMaterials/Substrate/Glints2/dict_0004_0058.uasset" 8445
"/Engine/EngineMaterials/Substrate/Glints2/dict_0004_0059" 8446
"../../../Engine/Content/EngineMaterials/Substrate/Glints2/dict_0004_0060.uasset" 8447
"/Engine/EngineMaterials/Substrate/Glints2/dict_0004_0057" 8448
"/Engine/EngineMaterials/Substrate/Glints2/dict_0004_0055" 8449
"/Engine/EngineMaterials/Substrate/Glints2/dict_0004_0010" 8450
"/Engine/EngineMaterials/Substrate/Glints2/dict_0004_0054" 8451
"../../../Engine/Content/EngineMaterials/Substrate/Glints2/dict_0004_0063.uasset" 8452
"../../../Engine/Content/EngineMaterials/Substrate/Glints2/dict_0004_0062.uasset" 8453
"/Engine/EngineMaterials/Substrate/Glints2/dict_0004_0053" 8454
"/Engine/EngineMaterials/Substrate/Glints2/dict_0004_0062" 8455
"/Engine/EngineMaterials/Substrate/Glints2/dict_0004_0058" 8456
"/Engine/EngineMaterials/Substrate/Glints2/dict_0004_0060" 8457
"../../../Engine/Content/EngineMaterials/Substrate/Glints2/dict_0004_0064.uasset" 8458
"/Engine/EngineMaterials/Substrate/Glints2/dict_0004_0063" 8459
"/Engine/EngineMaterials/Substrate/Glints2/dict_0004_0064" 8460
"../../../Engine/Content/EngineMaterials/Substrate/Glints2/dict_0004_0067.uasset" 8461
"../../../Engine/Content/EngineMaterials/Substrate/Glints2/dict_0004_0066.uasset" 8462
"../../../Engine/Content/EngineMaterials/Substrate/Glints2/dict_0004_0065.uasset" 8463
"../../../Engine/Content/EngineMaterials/Substrate/Glints2/dict_0004_0069.uasset" 8464
"../../../Engine/Content/EngineMaterials/Substrate/Glints2/dict_0004_0068.uasset" 8465
"/Engine/EngineMaterials/Substrate/Glints2/dict_0004_0068" 8466
"/Engine/EngineMaterials/Substrate/Glints2/dict_0004_0067" 8467
"/Engine/EngineMaterials/Substrate/Glints2/dict_0004_0066" 8468
"/Engine/EngineMaterials/Substrate/Glints2/dict_0004_0065" 8469
"/Engine/EngineMaterials/Substrate/Glints2/dict_0004_0069" 8470
"../../../Engine/Content/EngineMaterials/Substrate/Glints2/dict_0004_0070.uasset" 8471
"/Engine/EngineMaterials/Substrate/Glints2/dict_0004_0070" 8472
"../../../Engine/Content/EngineMaterials/Substrate/Glints2/dict_0004_0071.uasset" 8473
"../../../Engine/Content/EngineMaterials/Substrate/Glints2/dict_0004_0072.uasset" 8474
"../../../Engine/Content/EngineMaterials/Substrate/Glints2/dict_0004_0073.uasset" 8475
"/Engine/EngineMaterials/Substrate/Glints2/dict_0004_0073" 8476
"../../../Engine/Content/EngineMaterials/Substrate/Glints2/dict_0004_0077.uasset" 8477
"/Engine/EngineMaterials/Substrate/Glints2/dict_0004_0072" 8478
"/Engine/EngineMaterials/Substrate/Glints2/dict_0004_0071" 8479
"../../../Engine/Content/EngineMaterials/Substrate/Glints2/dict_0004_0074.uasset" 8480
"/Engine/EngineMaterials/Substrate/Glints2/dict_0004_0077" 8481
"../../../Engine/Content/EngineMaterials/Substrate/Glints2/dict_0004_0075.uasset" 8482
"/Engine/EngineMaterials/Substrate/Glints2/dict_0004_0074" 8483
"/Engine/EngineMaterials/Substrate/Glints2/dict_0004_0075" 8484
"../../../Engine/Content/EngineMaterials/Substrate/Glints2/dict_0004_0018.uasset" 8485
"/Engine/EngineMaterials/Substrate/Glints2/dict_0004_0018" 8486
"../../../Engine/Content/EngineMaterials/Substrate/Glints2/dict_0004_0076.uasset" 8487
"../../../Engine/Content/EngineMaterials/Substrate/Glints2/dict_0004_0079.uasset" 8488
"../../../Engine/Content/EngineMaterials/Substrate/Glints2/dict_0004_0078.uasset" 8489
"../../../Engine/Content/EngineMaterials/Substrate/Glints2/dict_0004_0082.uasset" 8490
"../../../Engine/Content/EngineMaterials/Substrate/Glints2/dict_0004_0080.uasset" 8491
"../../../Engine/Content/EngineMaterials/Substrate/Glints2/dict_0004_0081.uasset" 8492
"/Engine/EngineMaterials/Substrate/Glints2/dict_0004_0082" 8493
"/Engine/EngineMaterials/Substrate/Glints2/dict_0004_0081" 8494
"/Engine/EngineMaterials/Substrate/Glints2/dict_0004_0076" 8495
"/Engine/EngineMaterials/Substrate/Glints2/dict_0004_0080" 8496
"/Engine/EngineMaterials/Substrate/Glints2/dict_0004_0079" 8497
"/Engine/EngineMaterials/Substrate/Glints2/dict_0004_0078" 8498
"../../../Engine/Content/EngineMaterials/Substrate/Glints2/dict_0004_0084.uasset" 8499
"../../../Engine/Content/EngineMaterials/Substrate/Glints2/dict_0004_0085.uasset" 8500
"../../../Engine/Content/EngineMaterials/Substrate/Glints2/dict_0004_0086.uasset" 8501
"/Engine/EngineMaterials/Substrate/Glints2/dict_0004_0086" 8502
"/Engine/EngineMaterials/Substrate/Glints2/dict_0004_0085" 8503
"../../../Engine/Content/EngineMaterials/Substrate/Glints2/dict_0004_0088.uasset" 8504
"../../../Engine/Content/EngineMaterials/Substrate/Glints2/dict_0004_0087.uasset" 8505
"/Engine/EngineMaterials/Substrate/Glints2/dict_0004_0084" 8506
"../../../Engine/Content/EngineMaterials/Substrate/Glints2/dict_0004_0089.uasset" 8507
"/Engine/EngineMaterials/Substrate/Glints2/dict_0004_0087" 8508
"/Engine/EngineMaterials/Substrate/Glints2/dict_0004_0088" 8509
"/Engine/EngineMaterials/Substrate/Glints2/dict_0004_0089" 8510
"../../../Engine/Content/EngineMaterials/Substrate/Glints2/dict_0004_0091.uasset" 8511
"/Engine/EngineMaterials/Substrate/Glints2/dict_0004_0091" 8512
"../../../Engine/Content/EngineMaterials/Substrate/Glints2/dict_0004_0090.uasset" 8513
"../../../Engine/Content/EngineMaterials/Substrate/Glints2/dict_0004_0092.uasset" 8514
"../../../Engine/Content/EngineMaterials/Substrate/Glints2/dict_0004_0093.uasset" 8515
"/Engine/EngineMaterials/Substrate/Glints2/dict_0004_0093" 8516
"/Engine/EngineMaterials/Substrate/Glints2/dict_0004_0092" 8517
"../../../Engine/Content/EngineMaterials/Substrate/Glints2/dict_0004_0094.uasset" 8518
"../../../Engine/Content/EngineMaterials/Substrate/Glints2/dict_0004_0095.uasset" 8519
"/Engine/EngineMaterials/Substrate/Glints2/dict_0004_0090" 8520
"/Engine/EngineMaterials/Substrate/Glints2/dict_0004_0095" 8521
"/Engine/EngineMaterials/Substrate/Glints2/dict_0004_0094" 8522
"../../../Engine/Content/EngineMaterials/Substrate/Glints2/dict_0004_0096.uasset" 8523
"../../../Engine/Content/EngineMaterials/Substrate/Glints2/dict_0004_0097.uasset" 8524
"../../../Engine/Content/EngineMaterials/Substrate/Glints2/dict_0004_0098.uasset" 8525
"../../../Engine/Content/EngineMaterials/Substrate/Glints2/dict_0004_0099.uasset" 8526
"/Engine/EngineMaterials/Substrate/Glints2/dict_0004_0099" 8527
"/Engine/EngineMaterials/Substrate/Glints2/dict_0004_0098" 8528
"/Engine/EngineMaterials/Substrate/Glints2/dict_0004_0097" 8529
"/Engine/EngineMaterials/Substrate/Glints2/dict_0004_0096" 8530
"../../../Engine/Content/EngineMaterials/Substrate/Glints2/dict_0004_0100.uasset" 8531
"../../../Engine/Content/EngineMaterials/Substrate/Glints2/dict_0004_0102.uasset" 8532
"../../../Engine/Content/EngineMaterials/Substrate/Glints2/dict_0004_0104.uasset" 8533
"../../../Engine/Content/EngineMaterials/Substrate/Glints2/dict_0004_0101.uasset" 8534
"../../../Engine/Content/EngineMaterials/Substrate/Glints2/dict_0004_0103.uasset" 8535
"../../../Engine/Content/EngineMaterials/Substrate/Glints2/dict_0004_0105.uasset" 8536
"/Engine/EngineMaterials/Substrate/Glints2/dict_0004_0100" 8537
"/Engine/EngineMaterials/Substrate/Glints2/dict_0004_0105" 8538
"/Engine/EngineMaterials/Substrate/Glints2/dict_0004_0101" 8539
"/Engine/EngineMaterials/Substrate/Glints2/dict_0004_0104" 8540
"/Engine/EngineMaterials/Substrate/Glints2/dict_0004_0103" 8541
"/Engine/EngineMaterials/Substrate/Glints2/dict_0004_0102" 8542
"../../../Engine/Content/EngineMaterials/Substrate/Glints2/dict_0004_0106.uasset" 8543
"../../../Engine/Content/EngineMaterials/Substrate/Glints2/dict_0004_0107.uasset" 8544
"../../../Engine/Content/EngineMaterials/Substrate/Glints2/dict_0004_0109.uasset" 8545
"../../../Engine/Content/EngineMaterials/Substrate/Glints2/dict_0004_0108.uasset" 8546
"/Engine/EngineMaterials/Substrate/Glints2/dict_0004_0107" 8547
"../../../Engine/Content/EngineMaterials/Substrate/Glints2/dict_0004_0111.uasset" 8548
"/Engine/EngineMaterials/Substrate/Glints2/dict_0004_0106" 8549
"/Engine/EngineMaterials/Substrate/Glints2/dict_0004_0109" 8550
"/Engine/EngineMaterials/Substrate/Glints2/dict_0004_0108" 8551
"/Engine/EngineMaterials/Substrate/Glints2/dict_0004_0111" 8552
"../../../Engine/Content/EngineMaterials/Substrate/Glints2/dict_0004_0110.uasset" 8553
"../../../Engine/Content/EngineMaterials/Substrate/Glints2/dict_0004_0114.uasset" 8554
"../../../Engine/Content/EngineMaterials/Substrate/Glints2/dict_0004_0115.uasset" 8555
"../../../Engine/Content/EngineMaterials/Substrate/Glints2/dict_0004_0113.uasset" 8556
"../../../Engine/Content/EngineMaterials/Substrate/Glints2/dict_0004_0112.uasset" 8557
"../../../Engine/Content/EngineMaterials/Substrate/Glints2/dict_0004_0056.uasset" 8558
"/Engine/EngineMaterials/Substrate/Glints2/dict_0004_0113" 8559
"../../../Engine/Content/EngineMaterials/Substrate/Glints2/dict_0004_0117.uasset" 8560
"/Engine/EngineMaterials/Substrate/Glints2/dict_0004_0110" 8561
"../../../Engine/Content/EngineMaterials/Substrate/Glints2/dict_0004_0116.uasset" 8562
"../../../Engine/Content/EngineMaterials/Substrate/Glints2/dict_0004_0120.uasset" 8563
"../../../Engine/Content/EngineMaterials/Substrate/Glints2/dict_0004_0118.uasset" 8564
"/Engine/EngineMaterials/Substrate/Glints2/dict_0004_0114" 8565
"/Engine/EngineMaterials/Substrate/Glints2/dict_0004_0056" 8566
"/Engine/EngineMaterials/Substrate/Glints2/dict_0004_0115" 8567
"/Engine/EngineMaterials/Substrate/Glints2/dict_0004_0112" 8568
"/Engine/EngineMaterials/Substrate/Glints2/dict_0004_0117" 8569
"/Engine/EngineMaterials/Substrate/Glints2/dict_0004_0116" 8570
"/Engine/EngineMaterials/Substrate/Glints2/dict_0004_0120" 8571
"/Engine/EngineMaterials/Substrate/Glints2/dict_0004_0118" 8572
"../../../Engine/Content/EngineMaterials/Substrate/Glints2/dict_0004_0121.uasset" 8573
"../../../Engine/Content/EngineMaterials/Substrate/Glints2/dict_0004_0119.uasset" 8574
"../../../Engine/Content/EngineMaterials/Substrate/Glints2/dict_0004_0123.uasset" 8575
"../../../Engine/Content/EngineMaterials/Substrate/Glints2/dict_0004_0124.uasset" 8576
"../../../Engine/Content/EngineMaterials/Substrate/Glints2/dict_0004_0126.uasset" 8577
"../../../Engine/Content/EngineMaterials/Substrate/Glints2/dict_0003_0118.uasset" 8578
"../../../Engine/Content/EngineMaterials/Substrate/Glints2/dict_0004_0125.uasset" 8579
"/Engine/EngineMaterials/Substrate/Glints2/dict_0004_0123" 8580
"/Engine/EngineMaterials/Substrate/Glints2/dict_0004_0121" 8581
"/Engine/EngineMaterials/Substrate/Glints2/dict_0004_0126" 8582
"/Engine/EngineMaterials/Substrate/Glints2/dict_0004_0119" 8583
"/Engine/EngineMaterials/Substrate/Glints2/dict_0003_0118" 8584
"/Engine/EngineMaterials/Substrate/Glints2/dict_0004_0125" 8585
"/Engine/EngineMaterials/Substrate/Glints2/dict_0004_0124" 8586
"../../../Engine/Content/EngineMaterials/Substrate/Glints2/dict_0004_0127.uasset" 8587
"../../../Engine/Content/EngineMaterials/Substrate/Glints2/dict_0004_0128.uasset" 8588
"../../../Engine/Content/EngineMaterials/Substrate/Glints2/dict_0004_0129.uasset" 8589
"../../../Engine/Content/EngineMaterials/Substrate/Glints2/dict_0004_0130.uasset" 8590
"../../../Engine/Content/EngineMaterials/Substrate/Glints2/dict_0004_0131.uasset" 8591
"../../../Engine/Content/EngineMaterials/Substrate/Glints2/dict_0004_0133.uasset" 8592
"../../../Engine/Content/EngineMaterials/Substrate/Glints2/dict_0004_0132.uasset" 8593
"/Engine/EngineMaterials/Substrate/Glints2/dict_0004_0129" 8594
"/Engine/EngineMaterials/Substrate/Glints2/dict_0004_0133" 8595
"/Engine/EngineMaterials/Substrate/Glints2/dict_0004_0132" 8596
"../../../Engine/Content/EngineMaterials/Substrate/Glints2/dict_0004_0134.uasset" 8597
"../../../Engine/Content/EngineMaterials/Substrate/Glints2/dict_0004_0137.uasset" 8598
"/Engine/EngineMaterials/Substrate/Glints2/dict_0004_0128" 8599
"/Engine/EngineMaterials/Substrate/Glints2/dict_0004_0127" 8600
"../../../Engine/Content/EngineMaterials/Substrate/Glints2/dict_0004_0135.uasset" 8601
"/Engine/EngineMaterials/Substrate/Glints2/dict_0004_0131" 8602
"/Engine/EngineMaterials/Substrate/Glints2/dict_0004_0130" 8603
"/Engine/EngineMaterials/Substrate/Glints2/dict_0004_0137" 8604
"/Engine/EngineMaterials/Substrate/Glints2/dict_0004_0135" 8605
"/Engine/EngineMaterials/Substrate/Glints2/dict_0004_0134" 8606
"../../../Engine/Content/EngineMaterials/Substrate/Glints2/dict_0004_0136.uasset" 8607
"../../../Engine/Content/EngineMaterials/Substrate/Glints2/dict_0004_0139.uasset" 8608
"../../../Engine/Content/EngineMaterials/Substrate/Glints2/dict_0004_0138.uasset" 8609
"../../../Engine/Content/EngineMaterials/Substrate/Glints2/dict_0004_0140.uasset" 8610
"/Engine/EngineMaterials/Substrate/Glints2/dict_0004_0140" 8611
"../../../Engine/Content/EngineMaterials/Substrate/Glints2/dict_0004_0142.uasset" 8612
"../../../Engine/Content/EngineMaterials/Substrate/Glints2/dict_0004_0141.uasset" 8613
"/Engine/EngineMaterials/Substrate/Glints2/dict_0004_0139" 8614
"/Engine/EngineMaterials/Substrate/Glints2/dict_0004_0138" 8615
"/Engine/EngineMaterials/Substrate/Glints2/dict_0004_0136" 8616
"/Engine/EngineMaterials/Substrate/Glints2/dict_0004_0142" 8617
"/Engine/EngineMaterials/Substrate/Glints2/dict_0004_0141" 8618
"../../../Engine/Content/EngineMaterials/Substrate/Glints2/dict_0004_0143.uasset" 8619
"../../../Engine/Content/EngineMaterials/Substrate/Glints2/dict_0004_0144.uasset" 8620
"../../../Engine/Content/EngineMaterials/Substrate/Glints2/dict_0004_0145.uasset" 8621
"../../../Engine/Content/EngineMaterials/Substrate/Glints2/dict_0004_0146.uasset" 8622
"../../../Engine/Content/EngineMaterials/Substrate/Glints2/dict_0004_0147.uasset" 8623
"/Engine/EngineMaterials/Substrate/Glints2/dict_0004_0144" 8624
"/Engine/EngineMaterials/Substrate/Glints2/dict_0004_0143" 8625
"/Engine/EngineMaterials/Substrate/Glints2/dict_0004_0147" 8626
"/Engine/EngineMaterials/Substrate/Glints2/dict_0004_0146" 8627
"/Engine/EngineMaterials/Substrate/Glints2/dict_0004_0145" 8628
"../../../Engine/Content/EngineMaterials/Substrate/Glints2/dict_0004_0148.uasset" 8629
"/Engine/EngineMaterials/Substrate/Glints2/dict_0004_0148" 8630
"../../../Engine/Content/EngineMaterials/Substrate/Glints2/dict_0004_0149.uasset" 8631
"../../../Engine/Content/EngineMaterials/Substrate/Glints2/dict_0004_0151.uasset" 8632
"../../../Engine/Content/EngineMaterials/Substrate/Glints2/dict_0004_0152.uasset" 8633
"../../../Engine/Content/EngineMaterials/Substrate/Glints2/dict_0004_0150.uasset" 8634
"/Engine/EngineMaterials/Substrate/Glints2/dict_0004_0151" 8635
"../../../Engine/Content/EngineMaterials/Substrate/Glints2/dict_0004_0156.uasset" 8636
"../../../Engine/Content/EngineMaterials/Substrate/Glints2/dict_0004_0154.uasset" 8637
"../../../Engine/Content/EngineMaterials/Substrate/Glints2/dict_0004_0153.uasset" 8638
"/Engine/EngineMaterials/Substrate/Glints2/dict_0004_0150" 8639
"/Engine/EngineMaterials/Substrate/Glints2/dict_0004_0149" 8640
"/Engine/EngineMaterials/Substrate/Glints2/dict_0004_0152" 8641
"/Engine/EngineMaterials/Substrate/Glints2/dict_0004_0156" 8642
"/Engine/EngineMaterials/Substrate/Glints2/dict_0004_0154" 8643
"/Engine/EngineMaterials/Substrate/Glints2/dict_0004_0153" 8644
"../../../Engine/Content/EngineMaterials/Substrate/Glints2/dict_0004_0155.uasset" 8645
"/Engine/EngineMaterials/Substrate/Glints2/dict_0004_0155" 8646
"../../../Engine/Content/EngineMaterials/Substrate/Glints2/dict_0004_0157.uasset" 8647
"../../../Engine/Content/EngineMaterials/Substrate/Glints2/dict_0004_0158.uasset" 8648
"../../../Engine/Content/EngineMaterials/Substrate/Glints2/dict_0004_0162.uasset" 8649
"../../../Engine/Content/EngineMaterials/Substrate/Glints2/dict_0004_0159.uasset" 8650
"/Engine/EngineMaterials/Substrate/Glints2/dict_0004_0158" 8651
"../../../Engine/Content/EngineMaterials/Substrate/Glints2/dict_0004_0160.uasset" 8652
"/Engine/EngineMaterials/Substrate/Glints2/dict_0004_0157" 8653
"../../../Engine/Content/EngineMaterials/Substrate/Glints2/dict_0004_0163.uasset" 8654
"/Engine/EngineMaterials/Substrate/Glints2/dict_0004_0162" 8655
"/Engine/EngineMaterials/Substrate/Glints2/dict_0004_0159" 8656
"/Engine/EngineMaterials/Substrate/Glints2/dict_0004_0163" 8657
"/Engine/EngineMaterials/Substrate/Glints2/dict_0004_0160" 8658
"../../../Engine/Content/EngineMaterials/Substrate/Glints2/dict_0004_0161.uasset" 8659
"../../../Engine/Content/EngineMaterials/Substrate/Glints2/dict_0004_0164.uasset" 8660
"../../../Engine/Content/EngineMaterials/Substrate/Glints2/dict_0004_0166.uasset" 8661
"../../../Engine/Content/EngineMaterials/Substrate/Glints2/dict_0004_0165.uasset" 8662
"../../../Engine/Content/EngineMaterials/Substrate/Glints2/dict_0004_0167.uasset" 8663
"../../../Engine/Content/EngineMaterials/Substrate/Glints2/dict_0004_0169.uasset" 8664
"../../../Engine/Content/EngineMaterials/Substrate/Glints2/dict_0004_0168.uasset" 8665
"/Engine/EngineMaterials/Substrate/Glints2/dict_0004_0165" 8666
"../../../Engine/Content/EngineMaterials/Substrate/Glints2/dict_0004_0061.uasset" 8667
"../../../Engine/Content/EngineMaterials/Substrate/Glints2/dict_0004_0171.uasset" 8668
"/Engine/EngineMaterials/Substrate/Glints2/dict_0004_0164" 8669
"/Engine/EngineMaterials/Substrate/Glints2/dict_0004_0161" 8670
"/Engine/EngineMaterials/Substrate/Glints2/dict_0004_0167" 8671
"/Engine/EngineMaterials/Substrate/Glints2/dict_0004_0169" 8672
"/Engine/EngineMaterials/Substrate/Glints2/dict_0004_0166" 8673
"/Engine/EngineMaterials/Substrate/Glints2/dict_0004_0171" 8674
"/Engine/EngineMaterials/Substrate/Glints2/dict_0004_0061" 8675
"/Engine/EngineMaterials/Substrate/Glints2/dict_0004_0168" 8676
"../../../Engine/Content/EngineMaterials/Substrate/Glints2/dict_0004_0170.uasset" 8677
"../../../Engine/Content/EngineMaterials/Substrate/Glints2/dict_0004_0174.uasset" 8678
"../../../Engine/Content/EngineMaterials/Substrate/Glints2/dict_0004_0172.uasset" 8679
"../../../Engine/Content/EngineMaterials/Substrate/Glints2/dict_0004_0178.uasset" 8680
"../../../Engine/Content/EngineMaterials/Substrate/Glints2/dict_0004_0176.uasset" 8681
"/Engine/EngineMaterials/Substrate/Glints2/dict_0004_0172" 8682
"/Engine/EngineMaterials/Substrate/Glints2/dict_0004_0176" 8683
"../../../Engine/Content/EngineMaterials/Substrate/Glints2/dict_0004_0175.uasset" 8684
"/Engine/EngineMaterials/Substrate/Glints2/dict_0004_0178" 8685
"/Engine/EngineMaterials/Substrate/Glints2/dict_0004_0170" 8686
"/Engine/EngineMaterials/Substrate/Glints2/dict_0004_0174" 8687
"/Engine/EngineMaterials/Substrate/Glints2/dict_0004_0175" 8688
"../../../Engine/Content/EngineMaterials/Substrate/Glints2/dict_0004_0181.uasset" 8689
"../../../Engine/Content/EngineMaterials/Substrate/Glints2/dict_0004_0183.uasset" 8690
"../../../Engine/Content/EngineMaterials/Substrate/Glints2/dict_0004_0173.uasset" 8691
"../../../Engine/Content/EngineMaterials/Substrate/Glints2/dict_0004_0179.uasset" 8692
"../../../Engine/Content/EngineMaterials/Substrate/Glints2/dict_0004_0180.uasset" 8693
"../../../Engine/Content/EngineMaterials/Substrate/Glints2/dict_0004_0182.uasset" 8694
"/Engine/EngineMaterials/Substrate/Glints2/dict_0004_0180" 8695
"/Engine/EngineMaterials/Substrate/Glints2/dict_0004_0181" 8696
"../../../Engine/Content/EngineMaterials/Substrate/Glints2/dict_0004_0185.uasset" 8697
"/Engine/EngineMaterials/Substrate/Glints2/dict_0004_0183" 8698
"/Engine/EngineMaterials/Substrate/Glints2/dict_0004_0179" 8699
"../../../Engine/Content/EngineMaterials/Substrate/Glints2/dict_0003_0221.uasset" 8700
"/Engine/EngineMaterials/Substrate/Glints2/dict_0004_0173" 8701
"/Engine/EngineMaterials/Substrate/Glints2/dict_0004_0182" 8702
"../../../Engine/Content/EngineMaterials/Substrate/Glints2/dict_0004_0189.uasset" 8703
"../../../Engine/Content/EngineMaterials/Substrate/Glints2/dict_0004_0186.uasset" 8704
"../../../Engine/Content/EngineMaterials/Substrate/Glints2/dict_0004_0187.uasset" 8705
"../../../Engine/Content/EngineMaterials/Substrate/Glints2/dict_0004_0188.uasset" 8706
"/Engine/EngineMaterials/Substrate/Glints2/dict_0004_0185" 8707
"../../../Engine/Content/EngineMaterials/Substrate/Glints2/dict_0004_0184.uasset" 8708
"/Engine/EngineMaterials/Substrate/Glints2/dict_0003_0221" 8709
"/Engine/EngineMaterials/Substrate/Glints2/dict_0004_0186" 8710
"../../../Engine/Content/EngineMaterials/Substrate/Glints2/dict_0003_0175.uasset" 8711
"/Engine/EngineMaterials/Substrate/Glints2/dict_0004_0189" 8712
"/Engine/EngineMaterials/Substrate/Glints2/dict_0004_0184" 8713
"/Engine/EngineMaterials/Substrate/Glints2/dict_0004_0187" 8714
"/Engine/EngineMaterials/Substrate/Glints2/dict_0003_0175" 8715
"/Engine/EngineMaterials/Substrate/Glints2/dict_0004_0188" 8716
"../../../Engine/Content/EngineMaterials/Substrate/Glints2/dict_0004_0191.uasset" 8717
"../../../Engine/Content/EngineMaterials/Substrate/Glints2/dict_0004_0194.uasset" 8718
"../../../Engine/Content/EngineMaterials/Substrate/Glints2/dict_0004_0190.uasset" 8719
"../../../Engine/Content/EngineMaterials/Substrate/Glints2/dict_0004_0193.uasset" 8720
"/Engine/EngineMaterials/Substrate/Glints2/dict_0004_0193" 8721
"/Engine/EngineMaterials/Substrate/Glints2/dict_0004_0191" 8722
"/Engine/EngineMaterials/Substrate/Glints2/dict_0004_0190" 8723
"/Engine/EngineMaterials/Substrate/Glints2/dict_0004_0194" 8724
"../../../Engine/Content/EngineMaterials/Substrate/Glints2/dict_0004_0196.uasset" 8725
"../../../Engine/Content/EngineMaterials/Substrate/Glints2/dict_0004_0197.uasset" 8726
"../../../Engine/Content/EngineMaterials/Substrate/Glints2/dict_0004_0199.uasset" 8727
"../../../Engine/Content/EngineMaterials/Substrate/Glints2/dict_0004_0195.uasset" 8728
"/Engine/EngineMaterials/Substrate/Glints2/dict_0004_0196" 8729
"/Engine/EngineMaterials/Substrate/Glints2/dict_0004_0195" 8730
"../../../Engine/Content/EngineMaterials/Substrate/Glints2/dict_0004_0202.uasset" 8731
"/Engine/EngineMaterials/Substrate/Glints2/dict_0004_0199" 8732
"../../../Engine/Content/EngineMaterials/Substrate/Glints2/dict_0004_0200.uasset" 8733
"/Engine/EngineMaterials/Substrate/Glints2/dict_0004_0197" 8734
"/Engine/EngineMaterials/Substrate/Glints2/dict_0004_0200" 8735
"/Engine/EngineMaterials/Substrate/Glints2/dict_0004_0202" 8736
"../../../Engine/Content/EngineMaterials/Substrate/Glints2/dict_0004_0203.uasset" 8737
"../../../Engine/Content/EngineMaterials/Substrate/Glints2/dict_0004_0205.uasset" 8738
"../../../Engine/Content/EngineMaterials/Substrate/Glints2/dict_0004_0201.uasset" 8739
"/Engine/EngineMaterials/Substrate/Glints2/dict_0004_0201" 8740
"/Engine/EngineMaterials/Substrate/Glints2/dict_0004_0205" 8741
"../../../Engine/Content/EngineMaterials/Substrate/Glints2/dict_0004_0208.uasset" 8742
"/Engine/EngineMaterials/Substrate/Glints2/dict_0004_0203" 8743
"../../../Engine/Content/EngineMaterials/Substrate/Glints2/dict_0004_0207.uasset" 8744
"/Engine/EngineMaterials/Substrate/Glints2/dict_0004_0208" 8745
"../../../Engine/Content/EngineMaterials/Substrate/Glints2/dict_0004_0204.uasset" 8746
"/Engine/EngineMaterials/Substrate/Glints2/dict_0004_0207" 8747
"../../../Engine/Content/EngineMaterials/Substrate/Glints2/dict_0004_0209.uasset" 8748
"../../../Engine/Content/EngineMaterials/Substrate/Glints2/dict_0004_0206.uasset" 8749
"/Engine/EngineMaterials/Substrate/Glints2/dict_0004_0204" 8750
"/Engine/EngineMaterials/Substrate/Glints2/dict_0004_0206" 8751
"/Engine/EngineMaterials/Substrate/Glints2/dict_0004_0209" 8752
"../../../Engine/Content/EngineMaterials/Substrate/Glints2/dict_0004_0211.uasset" 8753
"../../../Engine/Content/EngineMaterials/Substrate/Glints2/dict_0004_0210.uasset" 8754
"../../../Engine/Content/EngineMaterials/Substrate/Glints2/dict_0004_0212.uasset" 8755
"../../../Engine/Content/EngineMaterials/Substrate/Glints2/dict_0004_0215.uasset" 8756
"/Engine/EngineMaterials/Substrate/Glints2/dict_0004_0212" 8757
"/Engine/EngineMaterials/Substrate/Glints2/dict_0004_0211" 8758
"/Engine/EngineMaterials/Substrate/Glints2/dict_0004_0210" 8759
"/Engine/EngineMaterials/Substrate/Glints2/dict_0004_0215" 8760
"../../../Engine/Content/EngineMaterials/Substrate/Glints2/dict_0004_0213.uasset" 8761
"/Engine/EngineMaterials/Substrate/Glints2/dict_0004_0213" 8762
"../../../Engine/Content/EngineMaterials/Substrate/Glints2/dict_0004_0216.uasset" 8763
"../../../Engine/Content/EngineMaterials/Substrate/Glints2/dict_0004_0219.uasset" 8764
"../../../Engine/Content/EngineMaterials/Substrate/Glints2/dict_0004_0217.uasset" 8765
"../../../Engine/Content/EngineMaterials/Substrate/Glints2/dict_0004_0220.uasset" 8766
"/Engine/EngineMaterials/Substrate/Glints2/dict_0004_0220" 8767
"/Engine/EngineMaterials/Substrate/Glints2/dict_0004_0216" 8768
"/Engine/EngineMaterials/Substrate/Glints2/dict_0004_0219" 8769
"/Engine/EngineMaterials/Substrate/Glints2/dict_0004_0217" 8770
"../../../Engine/Content/EngineMaterials/Substrate/Glints2/dict_0004_0221.uasset" 8771
"../../../Engine/Content/EngineMaterials/Substrate/Glints2/dict_0004_0224.uasset" 8772
"../../../Engine/Content/EngineMaterials/Substrate/Glints2/dict_0004_0037.uasset" 8773
"../../../Engine/Content/EngineMaterials/Substrate/Glints2/dict_0004_0222.uasset" 8774
"../../../Engine/Content/EngineMaterials/Substrate/Glints2/dict_0004_0223.uasset" 8775
"../../../Engine/Content/EngineMaterials/Substrate/Glints2/dict_0004_0225.uasset" 8776
"/Engine/EngineMaterials/Substrate/Glints2/dict_0004_0224" 8777
"/Engine/EngineMaterials/Substrate/Glints2/dict_0004_0037" 8778
"/Engine/EngineMaterials/Substrate/Glints2/dict_0004_0223" 8779
"/Engine/EngineMaterials/Substrate/Glints2/dict_0004_0225" 8780
"/Engine/EngineMaterials/Substrate/Glints2/dict_0004_0222" 8781
"/Engine/EngineMaterials/Substrate/Glints2/dict_0004_0221" 8782
"../../../Engine/Content/EngineMaterials/Substrate/Glints2/dict_0004_0229.uasset" 8783
"../../../Engine/Content/EngineMaterials/Substrate/Glints2/dict_0004_0230.uasset" 8784
"../../../Engine/Content/EngineMaterials/Substrate/Glints2/dict_0004_0226.uasset" 8785
"../../../Engine/Content/EngineMaterials/Substrate/Glints2/dict_0004_0227.uasset" 8786
"../../../Engine/Content/EngineMaterials/Substrate/Glints2/dict_0004_0231.uasset" 8787
"/Engine/EngineMaterials/Substrate/Glints2/dict_0004_0229" 8788
"../../../Engine/Content/EngineMaterials/Substrate/Glints2/dict_0004_0232.uasset" 8789
"/Engine/EngineMaterials/Substrate/Glints2/dict_0004_0230" 8790
"../../../Engine/Content/EngineMaterials/Substrate/Glints2/dict_0004_0234.uasset" 8791
"/Engine/EngineMaterials/Substrate/Glints2/dict_0004_0226" 8792
"/Engine/EngineMaterials/Substrate/Glints2/dict_0004_0227" 8793
"/Engine/EngineMaterials/Substrate/Glints2/dict_0004_0232" 8794
"/Engine/EngineMaterials/Substrate/Glints2/dict_0004_0234" 8795
"/Engine/EngineMaterials/Substrate/Glints2/dict_0004_0231" 8796
"../../../Engine/Content/EngineMaterials/Substrate/Glints2/dict_0004_0122.uasset" 8797
"../../../Engine/Content/EngineMaterials/Substrate/Glints2/dict_0004_0235.uasset" 8798
"../../../Engine/Content/EngineMaterials/Substrate/Glints2/dict_0004_0233.uasset" 8799
"../../../Engine/Content/EngineMaterials/Substrate/Glints2/dict_0004_0236.uasset" 8800
"../../../Engine/Content/EngineMaterials/Substrate/Glints2/dict_0004_0238.uasset" 8801
"../../../Engine/Content/EngineMaterials/Substrate/Glints2/dict_0004_0237.uasset" 8802
"/Engine/EngineMaterials/Substrate/Glints2/dict_0004_0237" 8803
"/Engine/EngineMaterials/Substrate/Glints2/dict_0004_0238" 8804
"/Engine/EngineMaterials/Substrate/Glints2/dict_0004_0122" 8805
"../../../Engine/Content/EngineMaterials/Substrate/Glints2/dict_0004_0239.uasset" 8806
"../../../Engine/Content/EngineMaterials/Substrate/Glints2/dict_0004_0241.uasset" 8807
"../../../Engine/Content/EngineMaterials/Substrate/Glints2/dict_0004_0240.uasset" 8808
"/Engine/EngineMaterials/Substrate/Glints2/dict_0004_0236" 8809
"/Engine/EngineMaterials/Substrate/Glints2/dict_0004_0235" 8810
"/Engine/EngineMaterials/Substrate/Glints2/dict_0004_0233" 8811
"/Engine/EngineMaterials/Substrate/Glints2/dict_0004_0241" 8812
"/Engine/EngineMaterials/Substrate/Glints2/dict_0004_0239" 8813
"/Engine/EngineMaterials/Substrate/Glints2/dict_0004_0240" 8814
"../../../Engine/Content/EngineMaterials/Substrate/Glints2/dict_0004_0242.uasset" 8815
"../../../Engine/Content/EngineMaterials/Substrate/Glints2/dict_0004_0244.uasset" 8816
"/Engine/EngineMaterials/Substrate/Glints2/dict_0004_0242" 8817
"../../../Engine/Content/EngineMaterials/Substrate/Glints2/dict_0004_0245.uasset" 8818
"/Engine/EngineMaterials/Substrate/Glints2/dict_0004_0244" 8819
"../../../Engine/Content/EngineMaterials/Substrate/Glints2/dict_0004_0243.uasset" 8820
"/Engine/EngineMaterials/Substrate/Glints2/dict_0004_0243" 8821
"/Engine/EngineMaterials/Substrate/Glints2/dict_0004_0245" 8822
"../../../Engine/Content/EngineMaterials/Substrate/Glints2/dict_0004_0247.uasset" 8823
"../../../Engine/Content/EngineMaterials/Substrate/Glints2/dict_0004_0246.uasset" 8824
"../../../Engine/Content/EngineMaterials/Substrate/Glints2/dict_0004_0248.uasset" 8825
"/Engine/EngineMaterials/Substrate/Glints2/dict_0004_0248" 8826
"/Engine/EngineMaterials/Substrate/Glints2/dict_0004_0247" 8827
"../../../Engine/Content/EngineMaterials/Substrate/Glints2/dict_0004_0249.uasset" 8828
"/Engine/EngineMaterials/Substrate/Glints2/dict_0004_0246" 8829
"/Engine/EngineMaterials/Substrate/Glints2/dict_0004_0249" 8830
"../../../Engine/Content/EngineMaterials/Substrate/Glints2/dict_0004_0250.uasset" 8831
"../../../Engine/Content/EngineMaterials/Substrate/Glints2/dict_0004_0251.uasset" 8832
"../../../Engine/Content/EngineMaterials/Substrate/Glints2/dict_0004_0254.uasset" 8833
"../../../Engine/Content/EngineMaterials/Substrate/Glints2/dict_0004_0252.uasset" 8834
"/Engine/EngineMaterials/Substrate/Glints2/dict_0004_0252" 8835
"/Engine/EngineMaterials/Substrate/Glints2/dict_0004_0251" 8836
"../../../Engine/Content/EngineMaterials/Substrate/Glints2/dict_0004_0253.uasset" 8837
"/Engine/EngineMaterials/Substrate/Glints2/dict_0004_0254" 8838
"/Engine/EngineMaterials/Substrate/Glints2/dict_0004_0250" 8839
"/Engine/EngineMaterials/Substrate/Glints2/dict_0004_0253" 8840
"../../../Engine/Content/EngineMaterials/Substrate/Glints2/dict_0005_0000.uasset" 8841
"../../../Engine/Content/EngineMaterials/Substrate/Glints2/dict_0005_0002.uasset" 8842
"../../../Engine/Content/EngineMaterials/Substrate/Glints2/dict_0005_0003.uasset" 8843
"../../../Engine/Content/EngineMaterials/Substrate/Glints2/dict_0005_0001.uasset" 8844
"/Engine/EngineMaterials/Substrate/Glints2/dict_0005_0003" 8845
"/Engine/EngineMaterials/Substrate/Glints2/dict_0005_0000" 8846
"/Engine/EngineMaterials/Substrate/Glints2/dict_0005_0002" 8847
"/Engine/EngineMaterials/Substrate/Glints2/dict_0005_0001" 8848
"../../../Engine/Content/EngineMaterials/Substrate/Glints2/dict_0005_0004.uasset" 8849
"../../../Engine/Content/EngineMaterials/Substrate/Glints2/dict_0005_0007.uasset" 8850
"../../../Engine/Content/EngineMaterials/Substrate/Glints2/dict_0005_0005.uasset" 8851
"../../../Engine/Content/EngineMaterials/Substrate/Glints2/dict_0005_0006.uasset" 8852
"/Engine/EngineMaterials/Substrate/Glints2/dict_0005_0006" 8853
"/Engine/EngineMaterials/Substrate/Glints2/dict_0005_0005" 8854
"/Engine/EngineMaterials/Substrate/Glints2/dict_0005_0004" 8855
"/Engine/EngineMaterials/Substrate/Glints2/dict_0005_0007" 8856
"../../../Engine/Content/EngineMaterials/Substrate/Glints2/dict_0005_0008.uasset" 8857
"../../../Engine/Content/EngineMaterials/Substrate/Glints2/dict_0005_0009.uasset" 8858
"../../../Engine/Content/EngineMaterials/Substrate/Glints2/dict_0005_0010.uasset" 8859
"../../../Engine/Content/EngineMaterials/Substrate/Glints2/dict_0005_0011.uasset" 8860
"/Engine/EngineMaterials/Substrate/Glints2/dict_0005_0011" 8861
"../../../Engine/Content/EngineMaterials/Substrate/Glints2/dict_0005_0012.uasset" 8862
"/Engine/EngineMaterials/Substrate/Glints2/dict_0005_0009" 8863
"/Engine/EngineMaterials/Substrate/Glints2/dict_0005_0010" 8864
"/Engine/EngineMaterials/Substrate/Glints2/dict_0005_0008" 8865
"/Engine/EngineMaterials/Substrate/Glints2/dict_0005_0012" 8866
"../../../Engine/Content/EngineMaterials/Substrate/Glints2/dict_0005_0014.uasset" 8867
"../../../Engine/Content/EngineMaterials/Substrate/Glints2/dict_0005_0013.uasset" 8868
"../../../Engine/Content/EngineMaterials/Substrate/Glints2/dict_0005_0015.uasset" 8869
"../../../Engine/Content/EngineMaterials/Substrate/Glints2/dict_0005_0016.uasset" 8870
"/Engine/EngineMaterials/Substrate/Glints2/dict_0005_0013" 8871
"/Engine/EngineMaterials/Substrate/Glints2/dict_0005_0016" 8872
"/Engine/EngineMaterials/Substrate/Glints2/dict_0005_0015" 8873
"/Engine/EngineMaterials/Substrate/Glints2/dict_0005_0014" 8874
"../../../Engine/Content/EngineMaterials/Substrate/Glints2/dict_0005_0017.uasset" 8875
"../../../Engine/Content/EngineMaterials/Substrate/Glints2/dict_0005_0019.uasset" 8876
"../../../Engine/Content/EngineMaterials/Substrate/Glints2/dict_0005_0020.uasset" 8877
"../../../Engine/Content/EngineMaterials/Substrate/Glints2/dict_0005_0018.uasset" 8878
"../../../Engine/Content/EngineMaterials/Substrate/Glints2/dict_0005_0021.uasset" 8879
"/Engine/EngineMaterials/Substrate/Glints2/dict_0005_0017" 8880
"/Engine/EngineMaterials/Substrate/Glints2/dict_0005_0021" 8881
"/Engine/EngineMaterials/Substrate/Glints2/dict_0005_0020" 8882
"/Engine/EngineMaterials/Substrate/Glints2/dict_0005_0019" 8883
"../../../Engine/Content/EngineMaterials/Substrate/Glints2/dict_0005_0023.uasset" 8884
"../../../Engine/Content/EngineMaterials/Substrate/Glints2/dict_0005_0024.uasset" 8885
"../../../Engine/Content/EngineMaterials/Substrate/Glints2/dict_0005_0022.uasset" 8886
"/Engine/EngineMaterials/Substrate/Glints2/dict_0005_0018" 8887
"/Engine/EngineMaterials/Substrate/Glints2/dict_0005_0022" 8888
"/Engine/EngineMaterials/Substrate/Glints2/dict_0005_0024" 8889
"/Engine/EngineMaterials/Substrate/Glints2/dict_0005_0023" 8890
"../../../Engine/Content/EngineMaterials/Substrate/Glints2/dict_0005_0026.uasset" 8891
"../../../Engine/Content/EngineMaterials/Substrate/Glints2/dict_0005_0025.uasset" 8892
"../../../Engine/Content/EngineMaterials/Substrate/Glints2/dict_0005_0027.uasset" 8893
"../../../Engine/Content/EngineMaterials/Substrate/Glints2/dict_0005_0029.uasset" 8894
"../../../Engine/Content/EngineMaterials/Substrate/Glints2/dict_0005_0028.uasset" 8895
"/Engine/EngineMaterials/Substrate/Glints2/dict_0005_0029" 8896
"/Engine/EngineMaterials/Substrate/Glints2/dict_0005_0028" 8897
"/Engine/EngineMaterials/Substrate/Glints2/dict_0005_0026" 8898
"/Engine/EngineMaterials/Substrate/Glints2/dict_0005_0025" 8899
"../../../Engine/Content/EngineMaterials/Substrate/Glints2/dict_0005_0030.uasset" 8900
"../../../Engine/Content/EngineMaterials/Substrate/Glints2/dict_0005_0031.uasset" 8901
"/Engine/EngineMaterials/Substrate/Glints2/dict_0005_0027" 8902
"/Engine/EngineMaterials/Substrate/Glints2/dict_0005_0030" 8903
"/Engine/EngineMaterials/Substrate/Glints2/dict_0005_0031" 8904
"../../../Engine/Content/EngineMaterials/Substrate/Glints2/dict_0005_0032.uasset" 8905
"../../../Engine/Content/EngineMaterials/Substrate/Glints2/dict_0005_0034.uasset" 8906
"../../../Engine/Content/EngineMaterials/Substrate/Glints2/dict_0005_0033.uasset" 8907
"../../../Engine/Content/EngineMaterials/Substrate/Glints2/dict_0004_0192.uasset" 8908
"../../../Engine/Content/EngineMaterials/Substrate/Glints2/dict_0005_0035.uasset" 8909
"../../../Engine/Content/EngineMaterials/Substrate/Glints2/dict_0005_0036.uasset" 8910
"/Engine/EngineMaterials/Substrate/Glints2/dict_0004_0192" 8911
"/Engine/EngineMaterials/Substrate/Glints2/dict_0005_0034" 8912
"/Engine/EngineMaterials/Substrate/Glints2/dict_0005_0033" 8913
"/Engine/EngineMaterials/Substrate/Glints2/dict_0005_0036" 8914
"/Engine/EngineMaterials/Substrate/Glints2/dict_0005_0035" 8915
"/Engine/EngineMaterials/Substrate/Glints2/dict_0005_0032" 8916
"../../../Engine/Content/EngineMaterials/Substrate/Glints2/dict_0005_0037.uasset" 8917
"../../../Engine/Content/EngineMaterials/Substrate/Glints2/dict_0005_0038.uasset" 8918
"../../../Engine/Content/EngineMaterials/Substrate/Glints2/dict_0005_0039.uasset" 8919
"../../../Engine/Content/EngineMaterials/Substrate/Glints2/dict_0004_0177.uasset" 8920
"../../../Engine/Content/EngineMaterials/Substrate/Glints2/dict_0005_0040.uasset" 8921
"../../../Engine/Content/EngineMaterials/Substrate/Glints2/dict_0005_0041.uasset" 8922
"/Engine/EngineMaterials/Substrate/Glints2/dict_0005_0039" 8923
"../../../Engine/Content/EngineMaterials/Substrate/Glints2/dict_0005_0042.uasset" 8924
"../../../Engine/Content/EngineMaterials/Substrate/Glints2/dict_0005_0043.uasset" 8925
"../../../Engine/Content/EngineMaterials/Substrate/Glints2/dict_0005_0044.uasset" 8926
"/Engine/EngineMaterials/Substrate/Glints2/dict_0004_0177" 8927
"/Engine/EngineMaterials/Substrate/Glints2/dict_0005_0038" 8928
"/Engine/EngineMaterials/Substrate/Glints2/dict_0005_0037" 8929
"../../../Engine/Content/EngineMaterials/Substrate/Glints2/dict_0005_0045.uasset" 8930
"/Engine/EngineMaterials/Substrate/Glints2/dict_0005_0041" 8931
"/Engine/EngineMaterials/Substrate/Glints2/dict_0005_0040" 8932
"/Engine/EngineMaterials/Substrate/Glints2/dict_0005_0044" 8933
"/Engine/EngineMaterials/Substrate/Glints2/dict_0005_0043" 8934
"/Engine/EngineMaterials/Substrate/Glints2/dict_0005_0042" 8935
"/Engine/EngineMaterials/Substrate/Glints2/dict_0005_0045" 8936
"../../../Engine/Content/EngineMaterials/Substrate/Glints2/dict_0005_0047.uasset" 8937
"../../../Engine/Content/EngineMaterials/Substrate/Glints2/dict_0005_0048.uasset" 8938
"../../../Engine/Content/EngineMaterials/Substrate/Glints2/dict_0005_0049.uasset" 8939
"../../../Engine/Content/EngineMaterials/Substrate/Glints2/dict_0005_0051.uasset" 8940
"../../../Engine/Content/EngineMaterials/Substrate/Glints2/dict_0005_0050.uasset" 8941
"/Engine/EngineMaterials/Substrate/Glints2/dict_0005_0047" 8942
"/Engine/EngineMaterials/Substrate/Glints2/dict_0005_0051" 8943
"/Engine/EngineMaterials/Substrate/Glints2/dict_0005_0050" 8944
"/Engine/EngineMaterials/Substrate/Glints2/dict_0005_0049" 8945
"/Engine/EngineMaterials/Substrate/Glints2/dict_0005_0048" 8946
"../../../Engine/Content/EngineMaterials/Substrate/Glints2/dict_0005_0053.uasset" 8947
"/Engine/EngineMaterials/Substrate/Glints2/dict_0005_0053" 8948
"../../../Engine/Content/EngineMaterials/Substrate/Glints2/dict_0005_0052.uasset" 8949
"../../../Engine/Content/EngineMaterials/Substrate/Glints2/dict_0005_0055.uasset" 8950
"../../../Engine/Content/EngineMaterials/Substrate/Glints2/dict_0005_0056.uasset" 8951
"../../../Engine/Content/EngineMaterials/Substrate/Glints2/dict_0005_0054.uasset" 8952
"/Engine/EngineMaterials/Substrate/Glints2/dict_0005_0054" 8953
"/Engine/EngineMaterials/Substrate/Glints2/dict_0005_0052" 8954
"../../../Engine/Content/EngineMaterials/Substrate/Glints2/dict_0005_0058.uasset" 8955
"../../../Engine/Content/EngineMaterials/Substrate/Glints2/dict_0005_0057.uasset" 8956
"/Engine/EngineMaterials/Substrate/Glints2/dict_0005_0056" 8957
"/Engine/EngineMaterials/Substrate/Glints2/dict_0005_0055" 8958
"../../../Engine/Content/EngineMaterials/Substrate/Glints2/dict_0004_0083.uasset" 8959
"/Engine/EngineMaterials/Substrate/Glints2/dict_0005_0058" 8960
"/Engine/EngineMaterials/Substrate/Glints2/dict_0005_0057" 8961
"/Engine/EngineMaterials/Substrate/Glints2/dict_0004_0083" 8962
"../../../Engine/Content/EngineMaterials/Substrate/Glints2/dict_0005_0059.uasset" 8963
"../../../Engine/Content/EngineMaterials/Substrate/Glints2/dict_0005_0062.uasset" 8964
"../../../Engine/Content/EngineMaterials/Substrate/Glints2/dict_0005_0061.uasset" 8965
"../../../Engine/Content/EngineMaterials/Substrate/Glints2/dict_0005_0060.uasset" 8966
"/Engine/EngineMaterials/Substrate/Glints2/dict_0005_0060" 8967
"../../../Engine/Content/EngineMaterials/Substrate/Glints2/dict_0005_0064.uasset" 8968
"../../../Engine/Content/EngineMaterials/Substrate/Glints2/dict_0005_0063.uasset" 8969
"/Engine/EngineMaterials/Substrate/Glints2/dict_0005_0059" 8970
"/Engine/EngineMaterials/Substrate/Glints2/dict_0005_0062" 8971
"/Engine/EngineMaterials/Substrate/Glints2/dict_0005_0061" 8972
"/Engine/EngineMaterials/Substrate/Glints2/dict_0005_0064" 8973
"/Engine/EngineMaterials/Substrate/Glints2/dict_0005_0063" 8974
"../../../Engine/Content/EngineMaterials/Substrate/Glints2/dict_0005_0066.uasset" 8975
"../../../Engine/Content/EngineMaterials/Substrate/Glints2/dict_0005_0067.uasset" 8976
"../../../Engine/Content/EngineMaterials/Substrate/Glints2/dict_0005_0069.uasset" 8977
"../../../Engine/Content/EngineMaterials/Substrate/Glints2/dict_0005_0068.uasset" 8978
"../../../Engine/Content/EngineMaterials/Substrate/Glints2/dict_0005_0071.uasset" 8979
"../../../Engine/Content/EngineMaterials/Substrate/Glints2/dict_0005_0070.uasset" 8980
"/Engine/EngineMaterials/Substrate/Glints2/dict_0005_0066" 8981
"/Engine/EngineMaterials/Substrate/Glints2/dict_0005_0069" 8982
"/Engine/EngineMaterials/Substrate/Glints2/dict_0005_0068" 8983
"/Engine/EngineMaterials/Substrate/Glints2/dict_0005_0067" 8984
"/Engine/EngineMaterials/Substrate/Glints2/dict_0005_0071" 8985
"../../../Engine/Content/EngineMaterials/Substrate/Glints2/dict_0005_0073.uasset" 8986
"/Engine/EngineMaterials/Substrate/Glints2/dict_0005_0070" 8987
"/Engine/EngineMaterials/Substrate/Glints2/dict_0005_0073" 8988
"../../../Engine/Content/EngineMaterials/Substrate/Glints2/dict_0005_0072.uasset" 8989
"../../../Engine/Content/EngineMaterials/Substrate/Glints2/dict_0005_0074.uasset" 8990
"../../../Engine/Content/EngineMaterials/Substrate/Glints2/dict_0005_0076.uasset" 8991
"../../../Engine/Content/EngineMaterials/Substrate/Glints2/dict_0005_0075.uasset" 8992
"/Engine/EngineMaterials/Substrate/Glints2/dict_0005_0075" 8993
"../../../Engine/Content/EngineMaterials/Substrate/Glints2/dict_0004_0214.uasset" 8994
"../../../Engine/Content/EngineMaterials/Substrate/Glints2/dict_0005_0077.uasset" 8995
"../../../Engine/Content/EngineMaterials/Substrate/Glints2/dict_0005_0078.uasset" 8996
"/Engine/EngineMaterials/Substrate/Glints2/dict_0005_0074" 8997
"/Engine/EngineMaterials/Substrate/Glints2/dict_0005_0072" 8998
"../../../Engine/Content/EngineMaterials/Substrate/Glints2/dict_0005_0081.uasset" 8999
"../../../Engine/Content/EngineMaterials/Substrate/Glints2/dict_0005_0080.uasset" 9000
"/Engine/EngineMaterials/Substrate/Glints2/dict_0005_0076" 9001
"../../../Engine/Content/EngineMaterials/Substrate/Glints2/dict_0005_0079.uasset" 9002
"/Engine/EngineMaterials/Substrate/Glints2/dict_0005_0080" 9003
"/Engine/EngineMaterials/Substrate/Glints2/dict_0005_0079" 9004
"/Engine/EngineMaterials/Substrate/Glints2/dict_0004_0214" 9005
"../../../Engine/Content/EngineMaterials/Substrate/Glints2/dict_0005_0082.uasset" 9006
"/Engine/EngineMaterials/Substrate/Glints2/dict_0005_0081" 9007
"/Engine/EngineMaterials/Substrate/Glints2/dict_0005_0078" 9008
"/Engine/EngineMaterials/Substrate/Glints2/dict_0005_0077" 9009
"/Engine/EngineMaterials/Substrate/Glints2/dict_0005_0082" 9010
"../../../Engine/Content/EngineMaterials/Substrate/Glints2/dict_0005_0083.uasset" 9011
"../../../Engine/Content/EngineMaterials/Substrate/Glints2/dict_0005_0087.uasset" 9012
"../../../Engine/Content/EngineMaterials/Substrate/Glints2/dict_0005_0085.uasset" 9013
"../../../Engine/Content/EngineMaterials/Substrate/Glints2/dict_0005_0084.uasset" 9014
"/Engine/EngineMaterials/Substrate/Glints2/dict_0005_0083" 9015
"../../../Engine/Content/EngineMaterials/Substrate/Glints2/dict_0005_0086.uasset" 9016
"/Engine/EngineMaterials/Substrate/Glints2/dict_0005_0087" 9017
"/Engine/EngineMaterials/Substrate/Glints2/dict_0005_0085" 9018
"/Engine/EngineMaterials/Substrate/Glints2/dict_0005_0084" 9019
"../../../Engine/Content/EngineMaterials/Substrate/Glints2/dict_0005_0089.uasset" 9020
"../../../Engine/Content/EngineMaterials/Substrate/Glints2/dict_0005_0088.uasset" 9021
"/Engine/EngineMaterials/Substrate/Glints2/dict_0005_0086" 9022
"/Engine/EngineMaterials/Substrate/Glints2/dict_0005_0089" 9023
"/Engine/EngineMaterials/Substrate/Glints2/dict_0005_0088" 9024
"../../../Engine/Content/EngineMaterials/Substrate/Glints2/dict_0005_0090.uasset" 9025
"../../../Engine/Content/EngineMaterials/Substrate/Glints2/dict_0005_0091.uasset" 9026
"../../../Engine/Content/EngineMaterials/Substrate/Glints2/dict_0004_0218.uasset" 9027
"../../../Engine/Content/EngineMaterials/Substrate/Glints2/dict_0005_0092.uasset" 9028
"../../../Engine/Content/EngineMaterials/Substrate/Glints2/dict_0005_0093.uasset" 9029
"../../../Engine/Content/EngineMaterials/Substrate/Glints2/dict_0005_0094.uasset" 9030
"../../../Engine/Content/EngineMaterials/Substrate/Glints2/dict_0005_0095.uasset" 9031
"../../../Engine/Content/EngineMaterials/Substrate/Glints2/dict_0005_0096.uasset" 9032
"/Engine/EngineMaterials/Substrate/Glints2/dict_0005_0094" 9033
"/Engine/EngineMaterials/Substrate/Glints2/dict_0005_0095" 9034
"../../../Engine/Content/EngineMaterials/Substrate/Glints2/dict_0005_0097.uasset" 9035
"../../../Engine/Content/EngineMaterials/Substrate/Glints2/dict_0005_0098.uasset" 9036
"../../../Engine/Content/EngineMaterials/Substrate/Glints2/dict_0004_0228.uasset" 9037
"/Engine/EngineMaterials/Substrate/Glints2/dict_0005_0096" 9038
"/Engine/EngineMaterials/Substrate/Glints2/dict_0005_0093" 9039
"/Engine/EngineMaterials/Substrate/Glints2/dict_0005_0092" 9040
"/Engine/EngineMaterials/Substrate/Glints2/dict_0004_0218" 9041
"/Engine/EngineMaterials/Substrate/Glints2/dict_0005_0091" 9042
"../../../Engine/Content/EngineMaterials/Substrate/Glints2/dict_0005_0100.uasset" 9043
"/Engine/EngineMaterials/Substrate/Glints2/dict_0005_0090" 9044
"/Engine/EngineMaterials/Substrate/Glints2/dict_0005_0100" 9045
"/Engine/EngineMaterials/Substrate/Glints2/dict_0005_0098" 9046
"/Engine/EngineMaterials/Substrate/Glints2/dict_0004_0228" 9047
"/Engine/EngineMaterials/Substrate/Glints2/dict_0005_0097" 9048
"../../../Engine/Content/EngineMaterials/Substrate/Glints2/dict_0005_0101.uasset" 9049
"../../../Engine/Content/EngineMaterials/Substrate/Glints2/dict_0005_0102.uasset" 9050
"../../../Engine/Content/EngineMaterials/Substrate/Glints2/dict_0005_0104.uasset" 9051
"/Engine/EngineMaterials/Substrate/Glints2/dict_0005_0104" 9052
"/Engine/EngineMaterials/Substrate/Glints2/dict_0005_0102" 9053
"../../../Engine/Content/EngineMaterials/Substrate/Glints2/dict_0005_0106.uasset" 9054
"../../../Engine/Content/EngineMaterials/Substrate/Glints2/dict_0005_0103.uasset" 9055
"/Engine/EngineMaterials/Substrate/Glints2/dict_0005_0101" 9056
"/Engine/EngineMaterials/Substrate/Glints2/dict_0005_0106" 9057
"/Engine/EngineMaterials/Substrate/Glints2/dict_0005_0103" 9058
"../../../Engine/Content/EngineMaterials/Substrate/Glints2/dict_0005_0105.uasset" 9059
"/Engine/EngineMaterials/Substrate/Glints2/dict_0005_0105" 9060
"../../../Engine/Content/EngineMaterials/Substrate/Glints2/dict_0005_0108.uasset" 9061
"../../../Engine/Content/EngineMaterials/Substrate/Glints2/dict_0005_0111.uasset" 9062
"../../../Engine/Content/EngineMaterials/Substrate/Glints2/dict_0005_0109.uasset" 9063
"../../../Engine/Content/EngineMaterials/Substrate/Glints2/dict_0005_0110.uasset" 9064
"/Engine/EngineMaterials/Substrate/Glints2/dict_0005_0109" 9065
"/Engine/EngineMaterials/Substrate/Glints2/dict_0005_0108" 9066
"/Engine/EngineMaterials/Substrate/Glints2/dict_0005_0111" 9067
"/Engine/EngineMaterials/Substrate/Glints2/dict_0005_0110" 9068
"../../../Engine/Content/EngineMaterials/Substrate/Glints2/dict_0005_0112.uasset" 9069
"../../../Engine/Content/EngineMaterials/Substrate/Glints2/dict_0005_0115.uasset" 9070
"/Engine/EngineMaterials/Substrate/Glints2/dict_0005_0112" 9071
"../../../Engine/Content/EngineMaterials/Substrate/Glints2/dict_0005_0116.uasset" 9072
"../../../Engine/Content/EngineMaterials/Substrate/Glints2/dict_0005_0113.uasset" 9073
"../../../Engine/Content/EngineMaterials/Substrate/Glints2/dict_0005_0114.uasset" 9074
"/Engine/EngineMaterials/Substrate/Glints2/dict_0005_0115" 9075
"/Engine/EngineMaterials/Substrate/Glints2/dict_0005_0114" 9076
"/Engine/EngineMaterials/Substrate/Glints2/dict_0005_0113" 9077
"/Engine/EngineMaterials/Substrate/Glints2/dict_0005_0116" 9078
"../../../Engine/Content/EngineMaterials/Substrate/Glints2/dict_0005_0117.uasset" 9079
"../../../Engine/Content/EngineMaterials/Substrate/Glints2/dict_0005_0118.uasset" 9080
"../../../Engine/Content/EngineMaterials/Substrate/Glints2/dict_0005_0119.uasset" 9081
"../../../Engine/Content/EngineMaterials/Substrate/Glints2/dict_0005_0122.uasset" 9082
"../../../Engine/Content/EngineMaterials/Substrate/Glints2/dict_0005_0121.uasset" 9083
"../../../Engine/Content/EngineMaterials/Substrate/Glints2/dict_0005_0120.uasset" 9084
"/Engine/EngineMaterials/Substrate/Glints2/dict_0005_0122" 9085
"../../../Engine/Content/EngineMaterials/Substrate/Glints2/dict_0005_0123.uasset" 9086
"/Engine/EngineMaterials/Substrate/Glints2/dict_0005_0121" 9087
"/Engine/EngineMaterials/Substrate/Glints2/dict_0005_0120" 9088
"/Engine/EngineMaterials/Substrate/Glints2/dict_0005_0119" 9089
"/Engine/EngineMaterials/Substrate/Glints2/dict_0005_0118" 9090
"/Engine/EngineMaterials/Substrate/Glints2/dict_0005_0117" 9091
"/Engine/EngineMaterials/Substrate/Glints2/dict_0005_0123" 9092
"../../../Engine/Content/EngineMaterials/Substrate/Glints2/dict_0005_0128.uasset" 9093
"../../../Engine/Content/EngineMaterials/Substrate/Glints2/dict_0005_0127.uasset" 9094
"../../../Engine/Content/EngineMaterials/Substrate/Glints2/dict_0005_0130.uasset" 9095
"../../../Engine/Content/EngineMaterials/Substrate/Glints2/dict_0005_0129.uasset" 9096
"/Engine/EngineMaterials/Substrate/Glints2/dict_0005_0129" 9097
"../../../Engine/Content/EngineMaterials/Substrate/Glints2/dict_0005_0126.uasset" 9098
"/Engine/EngineMaterials/Substrate/Glints2/dict_0005_0130" 9099
"/Engine/EngineMaterials/Substrate/Glints2/dict_0005_0128" 9100
"/Engine/EngineMaterials/Substrate/Glints2/dict_0005_0127" 9101
"/Engine/EngineMaterials/Substrate/Glints2/dict_0005_0126" 9102
"../../../Engine/Content/EngineMaterials/Substrate/Glints2/dict_0005_0132.uasset" 9103
"../../../Engine/Content/EngineMaterials/Substrate/Glints2/dict_0005_0131.uasset" 9104
"../../../Engine/Content/EngineMaterials/Substrate/Glints2/dict_0005_0133.uasset" 9105
"../../../Engine/Content/EngineMaterials/Substrate/Glints2/dict_0005_0134.uasset" 9106
"/Engine/EngineMaterials/Substrate/Glints2/dict_0005_0131" 9107
"/Engine/EngineMaterials/Substrate/Glints2/dict_0005_0132" 9108
"/Engine/EngineMaterials/Substrate/Glints2/dict_0005_0134" 9109
"/Engine/EngineMaterials/Substrate/Glints2/dict_0005_0133" 9110
"../../../Engine/Content/EngineMaterials/Substrate/Glints2/dict_0005_0135.uasset" 9111
"../../../Engine/Content/EngineMaterials/Substrate/Glints2/dict_0005_0137.uasset" 9112
"../../../Engine/Content/EngineMaterials/Substrate/Glints2/dict_0005_0136.uasset" 9113
"../../../Engine/Content/EngineMaterials/Substrate/Glints2/dict_0005_0139.uasset" 9114
"/Engine/EngineMaterials/Substrate/Glints2/dict_0005_0136" 9115
"../../../Engine/Content/EngineMaterials/Substrate/Glints2/dict_0005_0138.uasset" 9116
"/Engine/EngineMaterials/Substrate/Glints2/dict_0005_0135" 9117
"/Engine/EngineMaterials/Substrate/Glints2/dict_0005_0139" 9118
"/Engine/EngineMaterials/Substrate/Glints2/dict_0005_0137" 9119
"/Engine/EngineMaterials/Substrate/Glints2/dict_0005_0138" 9120
"../../../Engine/Content/EngineMaterials/Substrate/Glints2/dict_0005_0140.uasset" 9121
"../../../Engine/Content/EngineMaterials/Substrate/Glints2/dict_0005_0141.uasset" 9122
"../../../Engine/Content/EngineMaterials/Substrate/Glints2/dict_0005_0142.uasset" 9123
"../../../Engine/Content/EngineMaterials/Substrate/Glints2/dict_0004_0198.uasset" 9124
"../../../Engine/Content/EngineMaterials/Substrate/Glints2/dict_0005_0143.uasset" 9125
"/Engine/EngineMaterials/Substrate/Glints2/dict_0005_0141" 9126
"/Engine/EngineMaterials/Substrate/Glints2/dict_0005_0140" 9127
"/Engine/EngineMaterials/Substrate/Glints2/dict_0005_0142" 9128
"/Engine/EngineMaterials/Substrate/Glints2/dict_0004_0198" 9129
"/Engine/EngineMaterials/Substrate/Glints2/dict_0005_0143" 9130
"../../../Engine/Content/EngineMaterials/Substrate/Glints2/dict_0005_0145.uasset" 9131
"../../../Engine/Content/EngineMaterials/Substrate/Glints2/dict_0005_0144.uasset" 9132
"/Engine/EngineMaterials/Substrate/Glints2/dict_0005_0145" 9133
"/Engine/EngineMaterials/Substrate/Glints2/dict_0005_0144" 9134
"../../../Engine/Content/EngineMaterials/Substrate/Glints2/dict_0005_0146.uasset" 9135
"../../../Engine/Content/EngineMaterials/Substrate/Glints2/dict_0005_0147.uasset" 9136
"../../../Engine/Content/EngineMaterials/Substrate/Glints2/dict_0005_0149.uasset" 9137
"../../../Engine/Content/EngineMaterials/Substrate/Glints2/dict_0005_0151.uasset" 9138
"../../../Engine/Content/EngineMaterials/Substrate/Glints2/dict_0005_0150.uasset" 9139
"/Engine/EngineMaterials/Substrate/Glints2/dict_0005_0147" 9140
"/Engine/EngineMaterials/Substrate/Glints2/dict_0005_0146" 9141
"../../../Engine/Content/EngineMaterials/Substrate/Glints2/dict_0005_0152.uasset" 9142
"/Engine/EngineMaterials/Substrate/Glints2/dict_0005_0151" 9143
"/Engine/EngineMaterials/Substrate/Glints2/dict_0005_0150" 9144
"/Engine/EngineMaterials/Substrate/Glints2/dict_0005_0149" 9145
"/Engine/EngineMaterials/Substrate/Glints2/dict_0005_0152" 9146
"../../../Engine/Content/EngineMaterials/Substrate/Glints2/dict_0005_0154.uasset" 9147
"../../../Engine/Content/EngineMaterials/Substrate/Glints2/dict_0005_0153.uasset" 9148
"../../../Engine/Content/EngineMaterials/Substrate/Glints2/dict_0005_0046.uasset" 9149
"../../../Engine/Content/EngineMaterials/Substrate/Glints2/dict_0005_0155.uasset" 9150
"../../../Engine/Content/EngineMaterials/Substrate/Glints2/dict_0005_0156.uasset" 9151
"../../../Engine/Content/EngineMaterials/Substrate/Glints2/dict_0004_0255.uasset" 9152
"/Engine/EngineMaterials/Substrate/Glints2/dict_0005_0153" 9153
"../../../Engine/Content/EngineMaterials/Substrate/Glints2/dict_0005_0157.uasset" 9154
"/Engine/EngineMaterials/Substrate/Glints2/dict_0005_0156" 9155
"/Engine/EngineMaterials/Substrate/Glints2/dict_0004_0255" 9156
"/Engine/EngineMaterials/Substrate/Glints2/dict_0005_0046" 9157
"/Engine/EngineMaterials/Substrate/Glints2/dict_0005_0155" 9158
"/Engine/EngineMaterials/Substrate/Glints2/dict_0005_0154" 9159
"/Engine/EngineMaterials/Substrate/Glints2/dict_0005_0157" 9160
"../../../Engine/Content/EngineMaterials/Substrate/Glints2/dict_0005_0158.uasset" 9161
"/Engine/EngineMaterials/Substrate/Glints2/dict_0005_0158" 9162
"../../../Engine/Content/EngineMaterials/Substrate/Glints2/dict_0005_0159.uasset" 9163
"/Engine/EngineMaterials/Substrate/Glints2/dict_0005_0159" 9164
"../../../Engine/Content/EngineMaterials/Substrate/Glints2/dict_0005_0162.uasset" 9165
"../../../Engine/Content/EngineMaterials/Substrate/Glints2/dict_0005_0161.uasset" 9166
"../../../Engine/Content/EngineMaterials/Substrate/Glints2/dict_0005_0164.uasset" 9167
"../../../Engine/Content/EngineMaterials/Substrate/Glints2/dict_0005_0165.uasset" 9168
"/Engine/EngineMaterials/Substrate/Glints2/dict_0005_0161" 9169
"/Engine/EngineMaterials/Substrate/Glints2/dict_0005_0164" 9170
"/Engine/EngineMaterials/Substrate/Glints2/dict_0005_0162" 9171
"/Engine/EngineMaterials/Substrate/Glints2/dict_0005_0165" 9172
"../../../Engine/Content/EngineMaterials/Substrate/Glints2/dict_0005_0167.uasset" 9173
"/Engine/EngineMaterials/Substrate/Glints2/dict_0005_0167" 9174
"../../../Engine/Content/EngineMaterials/Substrate/Glints2/dict_0005_0168.uasset" 9175
"../../../Engine/Content/EngineMaterials/Substrate/Glints2/dict_0005_0166.uasset" 9176
"../../../Engine/Content/EngineMaterials/Substrate/Glints2/dict_0005_0169.uasset" 9177
"../../../Engine/Content/EngineMaterials/Substrate/Glints2/dict_0005_0099.uasset" 9178
"../../../Engine/Content/EngineMaterials/Substrate/Glints2/dict_0005_0170.uasset" 9179
"/Engine/EngineMaterials/Substrate/Glints2/dict_0005_0166" 9180
"/Engine/EngineMaterials/Substrate/Glints2/dict_0005_0099" 9181
"../../../Engine/Content/EngineMaterials/Substrate/Glints2/dict_0005_0172.uasset" 9182
"/Engine/EngineMaterials/Substrate/Glints2/dict_0005_0169" 9183
"../../../Engine/Content/EngineMaterials/Substrate/Glints2/dict_0005_0173.uasset" 9184
"../../../Engine/Content/EngineMaterials/Substrate/Glints2/dict_0005_0171.uasset" 9185
"/Engine/EngineMaterials/Substrate/Glints2/dict_0005_0168" 9186
"/Engine/EngineMaterials/Substrate/Glints2/dict_0005_0170" 9187
"/Engine/EngineMaterials/Substrate/Glints2/dict_0005_0173" 9188
"/Engine/EngineMaterials/Substrate/Glints2/dict_0005_0172" 9189
"/Engine/EngineMaterials/Substrate/Glints2/dict_0005_0171" 9190
"../../../Engine/Content/EngineMaterials/Substrate/Glints2/dict_0005_0174.uasset" 9191
"../../../Engine/Content/EngineMaterials/Substrate/Glints2/dict_0005_0176.uasset" 9192
"../../../Engine/Content/EngineMaterials/Substrate/Glints2/dict_0005_0179.uasset" 9193
"../../../Engine/Content/EngineMaterials/Substrate/Glints2/dict_0005_0177.uasset" 9194
"../../../Engine/Content/EngineMaterials/Substrate/Glints2/dict_0005_0178.uasset" 9195
"/Engine/EngineMaterials/Substrate/Glints2/dict_0005_0174" 9196
"../../../Engine/Content/EngineMaterials/Substrate/Glints2/dict_0005_0125.uasset" 9197
"/Engine/EngineMaterials/Substrate/Glints2/dict_0005_0179" 9198
"/Engine/EngineMaterials/Substrate/Glints2/dict_0005_0178" 9199
"/Engine/EngineMaterials/Substrate/Glints2/dict_0005_0177" 9200
"/Engine/EngineMaterials/Substrate/Glints2/dict_0005_0176" 9201
"/Engine/EngineMaterials/Substrate/Glints2/dict_0005_0125" 9202
"../../../Engine/Content/EngineMaterials/Substrate/Glints2/dict_0005_0180.uasset" 9203
"../../../Engine/Content/EngineMaterials/Substrate/Glints2/dict_0005_0181.uasset" 9204
"../../../Engine/Content/EngineMaterials/Substrate/Glints2/dict_0005_0183.uasset" 9205
"../../../Engine/Content/EngineMaterials/Substrate/Glints2/dict_0005_0184.uasset" 9206
"../../../Engine/Content/EngineMaterials/Substrate/Glints2/dict_0005_0182.uasset" 9207
"../../../Engine/Content/EngineMaterials/Substrate/Glints2/dict_0005_0065.uasset" 9208
"/Engine/EngineMaterials/Substrate/Glints2/dict_0005_0182" 9209
"/Engine/EngineMaterials/Substrate/Glints2/dict_0005_0181" 9210
"/Engine/EngineMaterials/Substrate/Glints2/dict_0005_0065" 9211
"/Engine/EngineMaterials/Substrate/Glints2/dict_0005_0180" 9212
"/Engine/EngineMaterials/Substrate/Glints2/dict_0005_0184" 9213
"/Engine/EngineMaterials/Substrate/Glints2/dict_0005_0183" 9214
"../../../Engine/Content/EngineMaterials/Substrate/Glints2/dict_0005_0186.uasset" 9215
"../../../Engine/Content/EngineMaterials/Substrate/Glints2/dict_0005_0187.uasset" 9216
"../../../Engine/Content/EngineMaterials/Substrate/Glints2/dict_0005_0188.uasset" 9217
"../../../Engine/Content/EngineMaterials/Substrate/Glints2/dict_0005_0190.uasset" 9218
"../../../Engine/Content/EngineMaterials/Substrate/Glints2/dict_0005_0189.uasset" 9219
"/Engine/EngineMaterials/Substrate/Glints2/dict_0005_0187" 9220
"../../../Engine/Content/EngineMaterials/Substrate/Glints2/dict_0005_0192.uasset" 9221
"../../../Engine/Content/EngineMaterials/Substrate/Glints2/dict_0005_0193.uasset" 9222
"../../../Engine/Content/EngineMaterials/Substrate/Glints2/dict_0005_0194.uasset" 9223
"/Engine/EngineMaterials/Substrate/Glints2/dict_0005_0188" 9224
"/Engine/EngineMaterials/Substrate/Glints2/dict_0005_0189" 9225
"/Engine/EngineMaterials/Substrate/Glints2/dict_0005_0186" 9226
"/Engine/EngineMaterials/Substrate/Glints2/dict_0005_0190" 9227
"/Engine/EngineMaterials/Substrate/Glints2/dict_0005_0194" 9228
"/Engine/EngineMaterials/Substrate/Glints2/dict_0005_0193" 9229
"/Engine/EngineMaterials/Substrate/Glints2/dict_0005_0192" 9230
"../../../Engine/Content/EngineMaterials/Substrate/Glints2/dict_0005_0195.uasset" 9231
"../../../Engine/Content/EngineMaterials/Substrate/Glints2/dict_0005_0148.uasset" 9232
"../../../Engine/Content/EngineMaterials/Substrate/Glints2/dict_0005_0196.uasset" 9233
"../../../Engine/Content/EngineMaterials/Substrate/Glints2/dict_0005_0198.uasset" 9234
"../../../Engine/Content/EngineMaterials/Substrate/Glints2/dict_0005_0197.uasset" 9235
"../../../Engine/Content/EngineMaterials/Substrate/Glints2/dict_0005_0199.uasset" 9236
"/Engine/EngineMaterials/Substrate/Glints2/dict_0005_0197" 9237
"/Engine/EngineMaterials/Substrate/Glints2/dict_0005_0196" 9238
"/Engine/EngineMaterials/Substrate/Glints2/dict_0005_0199" 9239
"/Engine/EngineMaterials/Substrate/Glints2/dict_0005_0195" 9240
"../../../Engine/Content/EngineMaterials/Substrate/Glints2/dict_0005_0201.uasset" 9241
"../../../Engine/Content/EngineMaterials/Substrate/Glints2/dict_0005_0200.uasset" 9242
"/Engine/EngineMaterials/Substrate/Glints2/dict_0005_0148" 9243
"/Engine/EngineMaterials/Substrate/Glints2/dict_0005_0198" 9244
"/Engine/EngineMaterials/Substrate/Glints2/dict_0005_0201" 9245
"../../../Engine/Content/EngineMaterials/Substrate/Glints2/dict_0005_0202.uasset" 9246
"/Engine/EngineMaterials/Substrate/Glints2/dict_0005_0200" 9247
"/Engine/EngineMaterials/Substrate/Glints2/dict_0005_0202" 9248
"../../../Engine/Content/EngineMaterials/Substrate/Glints2/dict_0005_0203.uasset" 9249
"../../../Engine/Content/EngineMaterials/Substrate/Glints2/dict_0005_0204.uasset" 9250
"../../../Engine/Content/EngineMaterials/Substrate/Glints2/dict_0005_0205.uasset" 9251
"../../../Engine/Content/EngineMaterials/Substrate/Glints2/dict_0005_0206.uasset" 9252
"../../../Engine/Content/EngineMaterials/Substrate/Glints2/dict_0005_0207.uasset" 9253
"/Engine/EngineMaterials/Substrate/Glints2/dict_0005_0207" 9254
"/Engine/EngineMaterials/Substrate/Glints2/dict_0005_0206" 9255
"/Engine/EngineMaterials/Substrate/Glints2/dict_0005_0203" 9256
"/Engine/EngineMaterials/Substrate/Glints2/dict_0005_0205" 9257
"/Engine/EngineMaterials/Substrate/Glints2/dict_0005_0204" 9258
"../../../Engine/Content/EngineMaterials/Substrate/Glints2/dict_0005_0209.uasset" 9259
"../../../Engine/Content/EngineMaterials/Substrate/Glints2/dict_0005_0210.uasset" 9260
"../../../Engine/Content/EngineMaterials/Substrate/Glints2/dict_0005_0211.uasset" 9261
"../../../Engine/Content/EngineMaterials/Substrate/Glints2/dict_0005_0208.uasset" 9262
"../../../Engine/Content/EngineMaterials/Substrate/Glints2/dict_0005_0160.uasset" 9263
"../../../Engine/Content/EngineMaterials/Substrate/Glints2/dict_0005_0213.uasset" 9264
"/Engine/EngineMaterials/Substrate/Glints2/dict_0005_0209" 9265
"/Engine/EngineMaterials/Substrate/Glints2/dict_0005_0208" 9266
"/Engine/EngineMaterials/Substrate/Glints2/dict_0005_0160" 9267
"../../../Engine/Content/EngineMaterials/Substrate/Glints2/dict_0005_0217.uasset" 9268
"/Engine/EngineMaterials/Substrate/Glints2/dict_0005_0213" 9269
"/Engine/EngineMaterials/Substrate/Glints2/dict_0005_0211" 9270
"../../../Engine/Content/EngineMaterials/Substrate/Glints2/dict_0005_0212.uasset" 9271
"/Engine/EngineMaterials/Substrate/Glints2/dict_0005_0210" 9272
"/Engine/EngineMaterials/Substrate/Glints2/dict_0005_0217" 9273
"/Engine/EngineMaterials/Substrate/Glints2/dict_0005_0212" 9274
"../../../Engine/Content/EngineMaterials/Substrate/Glints2/dict_0005_0216.uasset" 9275
"../../../Engine/Content/EngineMaterials/Substrate/Glints2/dict_0005_0215.uasset" 9276
"../../../Engine/Content/EngineMaterials/Substrate/Glints2/dict_0005_0214.uasset" 9277
"../../../Engine/Content/EngineMaterials/Substrate/Glints2/dict_0005_0175.uasset" 9278
"../../../Engine/Content/EngineMaterials/Substrate/Glints2/dict_0005_0219.uasset" 9279
"../../../Engine/Content/EngineMaterials/Substrate/Glints2/dict_0005_0220.uasset" 9280
"/Engine/EngineMaterials/Substrate/Glints2/dict_0005_0214" 9281
"../../../Engine/Content/EngineMaterials/Substrate/Glints2/dict_0005_0223.uasset" 9282
"/Engine/EngineMaterials/Substrate/Glints2/dict_0005_0216" 9283
"/Engine/EngineMaterials/Substrate/Glints2/dict_0005_0215" 9284
"/Engine/EngineMaterials/Substrate/Glints2/dict_0005_0175" 9285
"../../../Engine/Content/EngineMaterials/Substrate/Glints2/dict_0005_0224.uasset" 9286
"/Engine/EngineMaterials/Substrate/Glints2/dict_0005_0220" 9287
"../../../Engine/Content/EngineMaterials/Substrate/Glints2/dict_0005_0222.uasset" 9288
"../../../Engine/Content/EngineMaterials/Substrate/Glints2/dict_0005_0221.uasset" 9289
"/Engine/EngineMaterials/Substrate/Glints2/dict_0005_0219" 9290
"/Engine/EngineMaterials/Substrate/Glints2/dict_0005_0223" 9291
"/Engine/EngineMaterials/Substrate/Glints2/dict_0005_0224" 9292
"/Engine/EngineMaterials/Substrate/Glints2/dict_0005_0222" 9293
"/Engine/EngineMaterials/Substrate/Glints2/dict_0005_0221" 9294
"../../../Engine/Content/EngineMaterials/Substrate/Glints2/dict_0005_0226.uasset" 9295
"../../../Engine/Content/EngineMaterials/Substrate/Glints2/dict_0005_0227.uasset" 9296
"../../../Engine/Content/EngineMaterials/Substrate/Glints2/dict_0005_0228.uasset" 9297
"../../../Engine/Content/EngineMaterials/Substrate/Glints2/dict_0005_0230.uasset" 9298
"/Engine/EngineMaterials/Substrate/Glints2/dict_0005_0226" 9299
"../../../Engine/Content/EngineMaterials/Substrate/Glints2/dict_0005_0229.uasset" 9300
"/Engine/EngineMaterials/Substrate/Glints2/dict_0005_0230" 9301
"/Engine/EngineMaterials/Substrate/Glints2/dict_0005_0228" 9302
"/Engine/EngineMaterials/Substrate/Glints2/dict_0005_0227" 9303
"/Engine/EngineMaterials/Substrate/Glints2/dict_0005_0229" 9304
"../../../Engine/Content/EngineMaterials/Substrate/Glints2/dict_0005_0232.uasset" 9305
"../../../Engine/Content/EngineMaterials/Substrate/Glints2/dict_0005_0233.uasset" 9306
"../../../Engine/Content/EngineMaterials/Substrate/Glints2/dict_0005_0235.uasset" 9307
"../../../Engine/Content/EngineMaterials/Substrate/Glints2/dict_0005_0234.uasset" 9308
"../../../Engine/Content/EngineMaterials/Substrate/Glints2/dict_0005_0236.uasset" 9309
"/Engine/EngineMaterials/Substrate/Glints2/dict_0005_0236" 9310
"/Engine/EngineMaterials/Substrate/Glints2/dict_0005_0235" 9311
"/Engine/EngineMaterials/Substrate/Glints2/dict_0005_0234" 9312
"/Engine/EngineMaterials/Substrate/Glints2/dict_0005_0233" 9313
"../../../Engine/Content/EngineMaterials/Substrate/Glints2/dict_0005_0237.uasset" 9314
"/Engine/EngineMaterials/Substrate/Glints2/dict_0005_0232" 9315
"../../../Engine/Content/EngineMaterials/Substrate/Glints2/dict_0005_0238.uasset" 9316
"/Engine/EngineMaterials/Substrate/Glints2/dict_0005_0237" 9317
"../../../Engine/Content/EngineMaterials/Substrate/Glints2/dict_0005_0239.uasset" 9318
"/Engine/EngineMaterials/Substrate/Glints2/dict_0005_0238" 9319
"/Engine/EngineMaterials/Substrate/Glints2/dict_0005_0239" 9320
"../../../Engine/Content/EngineMaterials/Substrate/Glints2/dict_0005_0240.uasset" 9321
"../../../Engine/Content/EngineMaterials/Substrate/Glints2/dict_0005_0241.uasset" 9322
"../../../Engine/Content/EngineMaterials/Substrate/Glints2/dict_0005_0185.uasset" 9323
"../../../Engine/Content/EngineMaterials/Substrate/Glints2/dict_0005_0242.uasset" 9324
"../../../Engine/Content/EngineMaterials/Substrate/Glints2/dict_0005_0243.uasset" 9325
"../../../Engine/Content/EngineMaterials/Substrate/Glints2/dict_0005_0244.uasset" 9326
"/Engine/EngineMaterials/Substrate/Glints2/dict_0005_0244" 9327
"../../../Engine/Content/EngineMaterials/Substrate/Glints2/dict_0005_0231.uasset" 9328
"/Engine/EngineMaterials/Substrate/Glints2/dict_0005_0243" 9329
"/Engine/EngineMaterials/Substrate/Glints2/dict_0005_0242" 9330
"/Engine/EngineMaterials/Substrate/Glints2/dict_0005_0185" 9331
"../../../Engine/Content/EngineMaterials/Substrate/Glints2/dict_0005_0245.uasset" 9332
"/Engine/EngineMaterials/Substrate/Glints2/dict_0005_0241" 9333
"/Engine/EngineMaterials/Substrate/Glints2/dict_0005_0240" 9334
"/Engine/EngineMaterials/Substrate/Glints2/dict_0005_0245" 9335
"/Engine/EngineMaterials/Substrate/Glints2/dict_0005_0231" 9336
"../../../Engine/Content/EngineMaterials/Substrate/Glints2/dict_0005_0246.uasset" 9337
"../../../Engine/Content/EngineMaterials/Substrate/Glints2/dict_0005_0248.uasset" 9338
"../../../Engine/Content/EngineMaterials/Substrate/Glints2/dict_0005_0249.uasset" 9339
"../../../Engine/Content/EngineMaterials/Substrate/Glints2/dict_0005_0250.uasset" 9340
"/Engine/EngineMaterials/Substrate/Glints2/dict_0005_0249" 9341
"../../../Engine/Content/EngineMaterials/Substrate/Glints2/dict_0005_0252.uasset" 9342
"/Engine/EngineMaterials/Substrate/Glints2/dict_0005_0248" 9343
"../../../Engine/Content/EngineMaterials/Substrate/Glints2/dict_0005_0253.uasset" 9344
"/Engine/EngineMaterials/Substrate/Glints2/dict_0005_0246" 9345
"/Engine/EngineMaterials/Substrate/Glints2/dict_0005_0250" 9346
"/Engine/EngineMaterials/Substrate/Glints2/dict_0005_0253" 9347
"../../../Engine/Content/EngineMaterials/Substrate/Glints2/dict_0005_0124.uasset" 9348
"/Engine/EngineMaterials/Substrate/Glints2/dict_0005_0252" 9349
"../../../Engine/Content/EngineMaterials/Substrate/Glints2/dict_0006_0000.uasset" 9350
"../../../Engine/Content/EngineMaterials/Substrate/Glints2/dict_0005_0254.uasset" 9351
"../../../Engine/Content/EngineMaterials/Substrate/Glints2/dict_0005_0255.uasset" 9352
"../../../Engine/Content/EngineMaterials/Substrate/Glints2/dict_0006_0002.uasset" 9353
"../../../Engine/Content/EngineMaterials/Substrate/Glints2/dict_0006_0001.uasset" 9354
"/Engine/EngineMaterials/Substrate/Glints2/dict_0006_0002" 9355
"/Engine/EngineMaterials/Substrate/Glints2/dict_0006_0001" 9356
"/Engine/EngineMaterials/Substrate/Glints2/dict_0005_0254" 9357
"../../../Engine/Content/EngineMaterials/Substrate/Glints2/dict_0006_0004.uasset" 9358
"../../../Engine/Content/EngineMaterials/Substrate/Glints2/dict_0006_0005.uasset" 9359
"/Engine/EngineMaterials/Substrate/Glints2/dict_0005_0124" 9360
"/Engine/EngineMaterials/Substrate/Glints2/dict_0006_0000" 9361
"/Engine/EngineMaterials/Substrate/Glints2/dict_0005_0255" 9362
"/Engine/EngineMaterials/Substrate/Glints2/dict_0006_0005" 9363
"/Engine/EngineMaterials/Substrate/Glints2/dict_0006_0004" 9364
"../../../Engine/Content/EngineMaterials/Substrate/Glints2/dict_0006_0006.uasset" 9365
"../../../Engine/Content/EngineMaterials/Substrate/Glints2/dict_0006_0008.uasset" 9366
"../../../Engine/Content/EngineMaterials/Substrate/Glints2/dict_0006_0007.uasset" 9367
"../../../Engine/Content/EngineMaterials/Substrate/Glints2/dict_0006_0009.uasset" 9368
"../../../Engine/Content/EngineMaterials/Substrate/Glints2/dict_0006_0010.uasset" 9369
"/Engine/EngineMaterials/Substrate/Glints2/dict_0006_0006" 9370
"/Engine/EngineMaterials/Substrate/Glints2/dict_0006_0010" 9371
"/Engine/EngineMaterials/Substrate/Glints2/dict_0006_0009" 9372
"../../../Engine/Content/EngineMaterials/Substrate/Glints2/dict_0005_0218.uasset" 9373
"/Engine/EngineMaterials/Substrate/Glints2/dict_0006_0008" 9374
"../../../Engine/Content/EngineMaterials/Substrate/Glints2/dict_0006_0011.uasset" 9375
"/Engine/EngineMaterials/Substrate/Glints2/dict_0006_0007" 9376
"/Engine/EngineMaterials/Substrate/Glints2/dict_0006_0011" 9377
"/Engine/EngineMaterials/Substrate/Glints2/dict_0005_0218" 9378
"../../../Engine/Content/EngineMaterials/Substrate/Glints2/dict_0006_0013.uasset" 9379
"../../../Engine/Content/EngineMaterials/Substrate/Glints2/dict_0006_0012.uasset" 9380
"../../../Engine/Content/EngineMaterials/Substrate/Glints2/dict_0006_0015.uasset" 9381
"../../../Engine/Content/EngineMaterials/Substrate/Glints2/dict_0006_0014.uasset" 9382
"../../../Engine/Content/EngineMaterials/Substrate/Glints2/dict_0006_0017.uasset" 9383
"/Engine/EngineMaterials/Substrate/Glints2/dict_0006_0014" 9384
"/Engine/EngineMaterials/Substrate/Glints2/dict_0006_0013" 9385
"/Engine/EngineMaterials/Substrate/Glints2/dict_0006_0012" 9386
"/Engine/EngineMaterials/Substrate/Glints2/dict_0006_0017" 9387
"/Engine/EngineMaterials/Substrate/Glints2/dict_0006_0015" 9388
"../../../Engine/Content/EngineMaterials/Substrate/Glints2/dict_0006_0018.uasset" 9389
"../../../Engine/Content/EngineMaterials/Substrate/Glints2/dict_0006_0019.uasset" 9390
"../../../Engine/Content/EngineMaterials/Substrate/Glints2/dict_0006_0021.uasset" 9391
"../../../Engine/Content/EngineMaterials/Substrate/Glints2/dict_0006_0020.uasset" 9392
"../../../Engine/Content/EngineMaterials/Substrate/Glints2/dict_0006_0022.uasset" 9393
"../../../Engine/Content/EngineMaterials/Substrate/Glints2/dict_0004_0003.uasset" 9394
"/Engine/EngineMaterials/Substrate/Glints2/dict_0006_0020" 9395
"../../../Engine/Content/EngineMaterials/Substrate/Glints2/dict_0006_0024.uasset" 9396
"/Engine/EngineMaterials/Substrate/Glints2/dict_0006_0018" 9397
"../../../Engine/Content/EngineMaterials/Substrate/Glints2/dict_0006_0023.uasset" 9398
"/Engine/EngineMaterials/Substrate/Glints2/dict_0006_0019" 9399
"/Engine/EngineMaterials/Substrate/Glints2/dict_0006_0022" 9400
"/Engine/EngineMaterials/Substrate/Glints2/dict_0004_0003" 9401
"/Engine/EngineMaterials/Substrate/Glints2/dict_0006_0021" 9402
"/Engine/EngineMaterials/Substrate/Glints2/dict_0006_0024" 9403
"/Engine/EngineMaterials/Substrate/Glints2/dict_0006_0023" 9404
"../../../Engine/Content/EngineMaterials/Substrate/Glints2/dict_0006_0025.uasset" 9405
"../../../Engine/Content/EngineMaterials/Substrate/Glints2/dict_0006_0026.uasset" 9406
"../../../Engine/Content/EngineMaterials/Substrate/Glints2/dict_0006_0027.uasset" 9407
"../../../Engine/Content/EngineMaterials/Substrate/Glints2/dict_0006_0028.uasset" 9408
"../../../Engine/Content/EngineMaterials/Substrate/Glints2/dict_0006_0003.uasset" 9409
"/Engine/EngineMaterials/Substrate/Glints2/dict_0006_0028" 9410
"/Engine/EngineMaterials/Substrate/Glints2/dict_0006_0003" 9411
"/Engine/EngineMaterials/Substrate/Glints2/dict_0006_0026" 9412
"../../../Engine/Content/EngineMaterials/Substrate/Glints2/dict_0006_0029.uasset" 9413
"../../../Engine/Content/EngineMaterials/Substrate/Glints2/dict_0005_0107.uasset" 9414
"../../../Engine/Content/EngineMaterials/Substrate/Glints2/dict_0006_0031.uasset" 9415
"../../../Engine/Content/EngineMaterials/Substrate/Glints2/dict_0006_0030.uasset" 9416
"/Engine/EngineMaterials/Substrate/Glints2/dict_0006_0025" 9417
"/Engine/EngineMaterials/Substrate/Glints2/dict_0006_0027" 9418
"/Engine/EngineMaterials/Substrate/Glints2/dict_0005_0107" 9419
"/Engine/EngineMaterials/Substrate/Glints2/dict_0006_0031" 9420
"/Engine/EngineMaterials/Substrate/Glints2/dict_0006_0030" 9421
"/Engine/EngineMaterials/Substrate/Glints2/dict_0006_0029" 9422
"../../../Engine/Content/EngineMaterials/Substrate/Glints2/dict_0006_0032.uasset" 9423
"/Engine/EngineMaterials/Substrate/Glints2/dict_0006_0032" 9424
"../../../Engine/Content/EngineMaterials/Substrate/Glints2/dict_0006_0033.uasset" 9425
"../../../Engine/Content/EngineMaterials/Substrate/Glints2/dict_0006_0034.uasset" 9426
"../../../Engine/Content/EngineMaterials/Substrate/Glints2/dict_0006_0039.uasset" 9427
"../../../Engine/Content/EngineMaterials/Substrate/Glints2/dict_0006_0038.uasset" 9428
"/Engine/EngineMaterials/Substrate/Glints2/dict_0006_0033" 9429
"/Engine/EngineMaterials/Substrate/Glints2/dict_0006_0039" 9430
"/Engine/EngineMaterials/Substrate/Glints2/dict_0006_0038" 9431
"/Engine/EngineMaterials/Substrate/Glints2/dict_0006_0034" 9432
"../../../Engine/Content/EngineMaterials/Substrate/Glints2/dict_0006_0036.uasset" 9433
"../../../Engine/Content/EngineMaterials/Substrate/Glints2/dict_0006_0037.uasset" 9434
"../../../Engine/Content/EngineMaterials/Substrate/Glints2/dict_0006_0040.uasset" 9435
"/Engine/EngineMaterials/Substrate/Glints2/dict_0006_0040" 9436
"/Engine/EngineMaterials/Substrate/Glints2/dict_0006_0037" 9437
"/Engine/EngineMaterials/Substrate/Glints2/dict_0006_0036" 9438
"../../../Engine/Content/EngineMaterials/Substrate/Glints2/dict_0006_0044.uasset" 9439
"../../../Engine/Content/EngineMaterials/Substrate/Glints2/dict_0006_0043.uasset" 9440
"../../../Engine/Content/EngineMaterials/Substrate/Glints2/dict_0006_0047.uasset" 9441
"/Engine/EngineMaterials/Substrate/Glints2/dict_0006_0044" 9442
"/Engine/EngineMaterials/Substrate/Glints2/dict_0006_0047" 9443
"../../../Engine/Content/EngineMaterials/Substrate/Glints2/dict_0006_0048.uasset" 9444
"/Engine/EngineMaterials/Substrate/Glints2/dict_0006_0043" 9445
"../../../Engine/Content/EngineMaterials/Substrate/Glints2/dict_0006_0049.uasset" 9446
"/Engine/EngineMaterials/Substrate/Glints2/dict_0006_0048" 9447
"/Engine/EngineMaterials/Substrate/Glints2/dict_0006_0049" 9448
"../../../Engine/Content/EngineMaterials/Substrate/Glints2/dict_0006_0051.uasset" 9449
"../../../Engine/Content/EngineMaterials/Substrate/Glints2/dict_0006_0050.uasset" 9450
"../../../Engine/Content/EngineMaterials/Substrate/Glints2/dict_0006_0052.uasset" 9451
"/Engine/EngineMaterials/Substrate/Glints2/dict_0006_0052" 9452
"/Engine/EngineMaterials/Substrate/Glints2/dict_0006_0051" 9453
"/Engine/EngineMaterials/Substrate/Glints2/dict_0006_0050" 9454
"../../../Engine/Content/EngineMaterials/Substrate/Glints2/dict_0005_0163.uasset" 9455
"../../../Engine/Content/EngineMaterials/Substrate/Glints2/dict_0005_0247.uasset" 9456
"../../../Engine/Content/EngineMaterials/Substrate/Glints2/dict_0006_0055.uasset" 9457
"../../../Engine/Content/EngineMaterials/Substrate/Glints2/dict_0006_0054.uasset" 9458
"../../../Engine/Content/EngineMaterials/Substrate/Glints2/dict_0006_0053.uasset" 9459
"../../../Engine/Content/EngineMaterials/Substrate/Glints2/dict_0005_0191.uasset" 9460
"/Engine/EngineMaterials/Substrate/Glints2/dict_0006_0053" 9461
"/Engine/EngineMaterials/Substrate/Glints2/dict_0005_0191" 9462
"/Engine/EngineMaterials/Substrate/Glints2/dict_0005_0247" 9463
"/Engine/EngineMaterials/Substrate/Glints2/dict_0006_0055" 9464
"/Engine/EngineMaterials/Substrate/Glints2/dict_0005_0163" 9465
"/Engine/EngineMaterials/Substrate/Glints2/dict_0006_0054" 9466
"../../../Engine/Content/EngineMaterials/Substrate/Glints2/dict_0006_0060.uasset" 9467
"../../../Engine/Content/EngineMaterials/Substrate/Glints2/dict_0006_0058.uasset" 9468
"../../../Engine/Content/EngineMaterials/Substrate/Glints2/dict_0006_0059.uasset" 9469
"../../../Engine/Content/EngineMaterials/Substrate/Glints2/dict_0006_0057.uasset" 9470
"../../../Engine/Content/EngineMaterials/Substrate/Glints2/dict_0005_0225.uasset" 9471
"/Engine/EngineMaterials/Substrate/Glints2/dict_0006_0057" 9472
"/Engine/EngineMaterials/Substrate/Glints2/dict_0006_0060" 9473
"/Engine/EngineMaterials/Substrate/Glints2/dict_0006_0058" 9474
"/Engine/EngineMaterials/Substrate/Glints2/dict_0005_0225" 9475
"/Engine/EngineMaterials/Substrate/Glints2/dict_0006_0059" 9476
"../../../Engine/Content/EngineMaterials/Substrate/Glints2/dict_0006_0062.uasset" 9477
"../../../Engine/Content/EngineMaterials/Substrate/Glints2/dict_0006_0063.uasset" 9478
"../../../Engine/Content/EngineMaterials/Substrate/Glints2/dict_0006_0064.uasset" 9479
"../../../Engine/Content/EngineMaterials/Substrate/Glints2/dict_0006_0041.uasset" 9480
"../../../Engine/Content/EngineMaterials/Substrate/Glints2/dict_0006_0035.uasset" 9481
"../../../Engine/Content/EngineMaterials/Substrate/Glints2/dict_0006_0042.uasset" 9482
"/Engine/EngineMaterials/Substrate/Glints2/dict_0006_0062" 9483
"../../../Engine/Content/EngineMaterials/Substrate/Glints2/dict_0006_0070.uasset" 9484
"../../../Engine/Content/EngineMaterials/Substrate/Glints2/dict_0006_0067.uasset" 9485
"../../../Engine/Content/EngineMaterials/Substrate/Glints2/dict_0006_0068.uasset" 9486
"/Engine/EngineMaterials/Substrate/Glints2/dict_0006_0035" 9487
"../../../Engine/Content/EngineMaterials/Substrate/Glints2/dict_0006_0069.uasset" 9488
"/Engine/EngineMaterials/Substrate/Glints2/dict_0006_0064" 9489
"/Engine/EngineMaterials/Substrate/Glints2/dict_0006_0042" 9490
"/Engine/EngineMaterials/Substrate/Glints2/dict_0006_0041" 9491
"/Engine/EngineMaterials/Substrate/Glints2/dict_0006_0063" 9492
"/Engine/EngineMaterials/Substrate/Glints2/dict_0006_0068" 9493
"/Engine/EngineMaterials/Substrate/Glints2/dict_0006_0070" 9494
"/Engine/EngineMaterials/Substrate/Glints2/dict_0006_0069" 9495
"/Engine/EngineMaterials/Substrate/Glints2/dict_0006_0067" 9496
"../../../Engine/Content/EngineMaterials/Substrate/Glints2/dict_0006_0075.uasset" 9497
"../../../Engine/Content/EngineMaterials/Substrate/Glints2/dict_0006_0076.uasset" 9498
"../../../Engine/Content/EngineMaterials/Substrate/Glints2/dict_0006_0073.uasset" 9499
"../../../Engine/Content/EngineMaterials/Substrate/Glints2/dict_0006_0016.uasset" 9500
"../../../Engine/Content/EngineMaterials/Substrate/Glints2/dict_0006_0074.uasset" 9501
"/Engine/EngineMaterials/Substrate/Glints2/dict_0006_0073" 9502
"/Engine/EngineMaterials/Substrate/Glints2/dict_0006_0016" 9503
"/Engine/EngineMaterials/Substrate/Glints2/dict_0006_0076" 9504
"/Engine/EngineMaterials/Substrate/Glints2/dict_0006_0075" 9505
"/Engine/EngineMaterials/Substrate/Glints2/dict_0006_0074" 9506
"../../../Engine/Content/EngineMaterials/Substrate/Glints2/dict_0006_0081.uasset" 9507
"../../../Engine/Content/EngineMaterials/Substrate/Glints2/dict_0006_0077.uasset" 9508
"../../../Engine/Content/EngineMaterials/Substrate/Glints2/dict_0005_0251.uasset" 9509
"../../../Engine/Content/EngineMaterials/Substrate/Glints2/dict_0006_0079.uasset" 9510
"../../../Engine/Content/EngineMaterials/Substrate/Glints2/dict_0006_0078.uasset" 9511
"/Engine/EngineMaterials/Substrate/Glints2/dict_0006_0079" 9512
"/Engine/EngineMaterials/Substrate/Glints2/dict_0006_0078" 9513
"/Engine/EngineMaterials/Substrate/Glints2/dict_0006_0081" 9514
"/Engine/EngineMaterials/Substrate/Glints2/dict_0006_0077" 9515
"/Engine/EngineMaterials/Substrate/Glints2/dict_0005_0251" 9516
"../../../Engine/Content/EngineMaterials/Substrate/Glints2/dict_0006_0083.uasset" 9517
"../../../Engine/Content/EngineMaterials/Substrate/Glints2/dict_0006_0082.uasset" 9518
"../../../Engine/Content/EngineMaterials/Substrate/Glints2/dict_0006_0085.uasset" 9519
"../../../Engine/Content/EngineMaterials/Substrate/Glints2/dict_0006_0086.uasset" 9520
"/Engine/EngineMaterials/Substrate/Glints2/dict_0006_0083" 9521
"/Engine/EngineMaterials/Substrate/Glints2/dict_0006_0082" 9522
"/Engine/EngineMaterials/Substrate/Glints2/dict_0006_0086" 9523
"/Engine/EngineMaterials/Substrate/Glints2/dict_0006_0085" 9524
"../../../Engine/Content/EngineMaterials/Substrate/Glints2/dict_0006_0088.uasset" 9525
"../../../Engine/Content/EngineMaterials/Substrate/Glints2/dict_0006_0087.uasset" 9526
"../../../Engine/Content/EngineMaterials/Substrate/Glints2/dict_0006_0046.uasset" 9527
"../../../Engine/Content/EngineMaterials/Substrate/Glints2/dict_0006_0090.uasset" 9528
"../../../Engine/Content/EngineMaterials/Substrate/Glints2/dict_0006_0089.uasset" 9529
"/Engine/EngineMaterials/Substrate/Glints2/dict_0006_0046" 9530
"/Engine/EngineMaterials/Substrate/Glints2/dict_0006_0090" 9531
"../../../Engine/Content/EngineMaterials/Substrate/Glints2/dict_0006_0092.uasset" 9532
"../../../Engine/Content/EngineMaterials/Substrate/Glints2/dict_0006_0091.uasset" 9533
"../../../Engine/Content/EngineMaterials/Substrate/Glints2/dict_0006_0071.uasset" 9534
"../../../Engine/Content/EngineMaterials/Substrate/Glints2/dict_0006_0045.uasset" 9535
"/Engine/EngineMaterials/Substrate/Glints2/dict_0006_0089" 9536
"../../../Engine/Content/EngineMaterials/Substrate/Glints2/dict_0006_0095.uasset" 9537
"/Engine/EngineMaterials/Substrate/Glints2/dict_0006_0088" 9538
"/Engine/EngineMaterials/Substrate/Glints2/dict_0006_0087" 9539
"/Engine/EngineMaterials/Substrate/Glints2/dict_0006_0045" 9540
"/Engine/EngineMaterials/Substrate/Glints2/dict_0006_0071" 9541
"/Engine/EngineMaterials/Substrate/Glints2/dict_0006_0092" 9542
"/Engine/EngineMaterials/Substrate/Glints2/dict_0006_0091" 9543
"../../../Engine/Content/EngineMaterials/Substrate/Glints2/dict_0006_0094.uasset" 9544
"/Engine/EngineMaterials/Substrate/Glints2/dict_0006_0095" 9545
"/Engine/EngineMaterials/Substrate/Glints2/dict_0006_0094" 9546
"../../../Engine/Content/EngineMaterials/Substrate/Glints2/dict_0006_0096.uasset" 9547
"../../../Engine/Content/EngineMaterials/Substrate/Glints2/dict_0006_0098.uasset" 9548
"../../../Engine/Content/EngineMaterials/Substrate/Glints2/dict_0006_0097.uasset" 9549
"../../../Engine/Content/EngineMaterials/Substrate/Glints2/dict_0006_0100.uasset" 9550
"/Engine/EngineMaterials/Substrate/Glints2/dict_0006_0098" 9551
"/Engine/EngineMaterials/Substrate/Glints2/dict_0006_0097" 9552
"/Engine/EngineMaterials/Substrate/Glints2/dict_0006_0096" 9553
"/Engine/EngineMaterials/Substrate/Glints2/dict_0006_0100" 9554
"../../../Engine/Content/EngineMaterials/Substrate/Glints2/dict_0006_0101.uasset" 9555
"../../../Engine/Content/EngineMaterials/Substrate/Glints2/dict_0006_0103.uasset" 9556
"../../../Engine/Content/EngineMaterials/Substrate/Glints2/dict_0006_0102.uasset" 9557
"../../../Engine/Content/EngineMaterials/Substrate/Glints2/dict_0006_0104.uasset" 9558
"/Engine/EngineMaterials/Substrate/Glints2/dict_0006_0104" 9559
"../../../Engine/Content/EngineMaterials/Substrate/Glints2/dict_0006_0105.uasset" 9560
"/Engine/EngineMaterials/Substrate/Glints2/dict_0006_0103" 9561
"/Engine/EngineMaterials/Substrate/Glints2/dict_0006_0102" 9562
"/Engine/EngineMaterials/Substrate/Glints2/dict_0006_0101" 9563
"../../../Engine/Content/EngineMaterials/Substrate/Glints2/dict_0006_0106.uasset" 9564
"/Engine/EngineMaterials/Substrate/Glints2/dict_0006_0106" 9565
"/Engine/EngineMaterials/Substrate/Glints2/dict_0006_0105" 9566
"../../../Engine/Content/EngineMaterials/Substrate/Glints2/dict_0006_0107.uasset" 9567
"../../../Engine/Content/EngineMaterials/Substrate/Glints2/dict_0006_0109.uasset" 9568
"../../../Engine/Content/EngineMaterials/Substrate/Glints2/dict_0006_0108.uasset" 9569
"/Engine/EngineMaterials/Substrate/Glints2/dict_0006_0108" 9570
"/Engine/EngineMaterials/Substrate/Glints2/dict_0006_0107" 9571
"/Engine/EngineMaterials/Substrate/Glints2/dict_0006_0109" 9572
"../../../Engine/Content/EngineMaterials/Substrate/Glints2/dict_0006_0110.uasset" 9573
"../../../Engine/Content/EngineMaterials/Substrate/Glints2/dict_0006_0114.uasset" 9574
"../../../Engine/Content/EngineMaterials/Substrate/Glints2/dict_0006_0113.uasset" 9575
"../../../Engine/Content/EngineMaterials/Substrate/Glints2/dict_0006_0111.uasset" 9576
"../../../Engine/Content/EngineMaterials/Substrate/Glints2/dict_0006_0112.uasset" 9577
"/Engine/EngineMaterials/Substrate/Glints2/dict_0006_0113" 9578
"../../../Engine/Content/EngineMaterials/Substrate/Glints2/dict_0006_0080.uasset" 9579
"/Engine/EngineMaterials/Substrate/Glints2/dict_0006_0112" 9580
"/Engine/EngineMaterials/Substrate/Glints2/dict_0006_0111" 9581
"/Engine/EngineMaterials/Substrate/Glints2/dict_0006_0110" 9582
"/Engine/EngineMaterials/Substrate/Glints2/dict_0006_0114" 9583
"/Engine/EngineMaterials/Substrate/Glints2/dict_0006_0080" 9584
"../../../Engine/Content/EngineMaterials/Substrate/Glints2/dict_0006_0117.uasset" 9585
"../../../Engine/Content/EngineMaterials/Substrate/Glints2/dict_0006_0115.uasset" 9586
"../../../Engine/Content/EngineMaterials/Substrate/Glints2/dict_0006_0118.uasset" 9587
"../../../Engine/Content/EngineMaterials/Substrate/Glints2/dict_0006_0119.uasset" 9588
"../../../Engine/Content/EngineMaterials/Substrate/Glints2/dict_0006_0116.uasset" 9589
"/Engine/EngineMaterials/Substrate/Glints2/dict_0006_0118" 9590
"/Engine/EngineMaterials/Substrate/Glints2/dict_0006_0119" 9591
"/Engine/EngineMaterials/Substrate/Glints2/dict_0006_0117" 9592
"/Engine/EngineMaterials/Substrate/Glints2/dict_0006_0116" 9593
"/Engine/EngineMaterials/Substrate/Glints2/dict_0006_0115" 9594
"../../../Engine/Content/EngineMaterials/Substrate/Glints2/dict_0006_0124.uasset" 9595
"../../../Engine/Content/EngineMaterials/Substrate/Glints2/dict_0006_0121.uasset" 9596
"../../../Engine/Content/EngineMaterials/Substrate/Glints2/dict_0006_0122.uasset" 9597
"../../../Engine/Content/EngineMaterials/Substrate/Glints2/dict_0006_0125.uasset" 9598
"../../../Engine/Content/EngineMaterials/Substrate/Glints2/dict_0006_0123.uasset" 9599
"/Engine/EngineMaterials/Substrate/Glints2/dict_0006_0125" 9600
"/Engine/EngineMaterials/Substrate/Glints2/dict_0006_0124" 9601
"../../../Engine/Content/EngineMaterials/Substrate/Glints2/dict_0006_0127.uasset" 9602
"../../../Engine/Content/EngineMaterials/Substrate/Glints2/dict_0006_0061.uasset" 9603
"../../../Engine/Content/EngineMaterials/Substrate/Glints2/dict_0006_0126.uasset" 9604
"../../../Engine/Content/EngineMaterials/Substrate/Glints2/dict_0006_0128.uasset" 9605
"/Engine/EngineMaterials/Substrate/Glints2/dict_0006_0123" 9606
"/Engine/EngineMaterials/Substrate/Glints2/dict_0006_0122" 9607
"/Engine/EngineMaterials/Substrate/Glints2/dict_0006_0121" 9608
"/Engine/EngineMaterials/Substrate/Glints2/dict_0006_0127" 9609
"/Engine/EngineMaterials/Substrate/Glints2/dict_0006_0061" 9610
"/Engine/EngineMaterials/Substrate/Glints2/dict_0006_0126" 9611
"/Engine/EngineMaterials/Substrate/Glints2/dict_0006_0128" 9612
"../../../Engine/Content/EngineMaterials/Substrate/Glints2/dict_0006_0129.uasset" 9613
"../../../Engine/Content/EngineMaterials/Substrate/Glints2/dict_0006_0130.uasset" 9614
"../../../Engine/Content/EngineMaterials/Substrate/Glints2/dict_0006_0133.uasset" 9615
"../../../Engine/Content/EngineMaterials/Substrate/Glints2/dict_0006_0134.uasset" 9616
"../../../Engine/Content/EngineMaterials/Substrate/Glints2/dict_0006_0084.uasset" 9617
"../../../Engine/Content/EngineMaterials/Substrate/Glints2/dict_0006_0131.uasset" 9618
"/Engine/EngineMaterials/Substrate/Glints2/dict_0006_0084" 9619
"/Engine/EngineMaterials/Substrate/Glints2/dict_0006_0131" 9620
"/Engine/EngineMaterials/Substrate/Glints2/dict_0006_0134" 9621
"/Engine/EngineMaterials/Substrate/Glints2/dict_0006_0130" 9622
"/Engine/EngineMaterials/Substrate/Glints2/dict_0006_0129" 9623
"/Engine/EngineMaterials/Substrate/Glints2/dict_0006_0133" 9624
"../../../Engine/Content/EngineMaterials/Substrate/Glints2/dict_0006_0135.uasset" 9625
"/Engine/EngineMaterials/Substrate/Glints2/dict_0006_0135" 9626
"../../../Engine/Content/EngineMaterials/Substrate/Glints2/dict_0006_0137.uasset" 9627
"../../../Engine/Content/EngineMaterials/Substrate/Glints2/dict_0006_0136.uasset" 9628
"../../../Engine/Content/EngineMaterials/Substrate/Glints2/dict_0006_0138.uasset" 9629
"../../../Engine/Content/EngineMaterials/Substrate/Glints2/dict_0006_0140.uasset" 9630
"/Engine/EngineMaterials/Substrate/Glints2/dict_0006_0137" 9631
"../../../Engine/Content/EngineMaterials/Substrate/Glints2/dict_0006_0141.uasset" 9632
"/Engine/EngineMaterials/Substrate/Glints2/dict_0006_0136" 9633
"/Engine/EngineMaterials/Substrate/Glints2/dict_0006_0140" 9634
"/Engine/EngineMaterials/Substrate/Glints2/dict_0006_0138" 9635
"/Engine/EngineMaterials/Substrate/Glints2/dict_0006_0141" 9636
"../../../Engine/Content/EngineMaterials/Substrate/Glints2/dict_0006_0143.uasset" 9637
"../../../Engine/Content/EngineMaterials/Substrate/Glints2/dict_0006_0142.uasset" 9638
"../../../Engine/Content/EngineMaterials/Substrate/Glints2/dict_0006_0066.uasset" 9639
"../../../Engine/Content/EngineMaterials/Substrate/Glints2/dict_0006_0144.uasset" 9640
"../../../Engine/Content/EngineMaterials/Substrate/Glints2/dict_0006_0145.uasset" 9641
"../../../Engine/Content/EngineMaterials/Substrate/Glints2/dict_0006_0146.uasset" 9642
"/Engine/EngineMaterials/Substrate/Glints2/dict_0006_0143" 9643
"/Engine/EngineMaterials/Substrate/Glints2/dict_0006_0142" 9644
"/Engine/EngineMaterials/Substrate/Glints2/dict_0006_0066" 9645
"/Engine/EngineMaterials/Substrate/Glints2/dict_0006_0145" 9646
"/Engine/EngineMaterials/Substrate/Glints2/dict_0006_0144" 9647
"/Engine/EngineMaterials/Substrate/Glints2/dict_0006_0146" 9648
"../../../Engine/Content/EngineMaterials/Substrate/Glints2/dict_0006_0148.uasset" 9649
"../../../Engine/Content/EngineMaterials/Substrate/Glints2/dict_0006_0149.uasset" 9650
"../../../Engine/Content/EngineMaterials/Substrate/Glints2/dict_0006_0147.uasset" 9651
"../../../Engine/Content/EngineMaterials/Substrate/Glints2/dict_0006_0150.uasset" 9652
"/Engine/EngineMaterials/Substrate/Glints2/dict_0006_0150" 9653
"../../../Engine/Content/EngineMaterials/Substrate/Glints2/dict_0006_0151.uasset" 9654
"/Engine/EngineMaterials/Substrate/Glints2/dict_0006_0148" 9655
"/Engine/EngineMaterials/Substrate/Glints2/dict_0006_0147" 9656
"/Engine/EngineMaterials/Substrate/Glints2/dict_0006_0149" 9657
"/Engine/EngineMaterials/Substrate/Glints2/dict_0006_0151" 9658
"../../../Engine/Content/EngineMaterials/Substrate/Glints2/dict_0006_0152.uasset" 9659
"../../../Engine/Content/EngineMaterials/Substrate/Glints2/dict_0006_0154.uasset" 9660
"../../../Engine/Content/EngineMaterials/Substrate/Glints2/dict_0006_0153.uasset" 9661
"../../../Engine/Content/EngineMaterials/Substrate/Glints2/dict_0006_0155.uasset" 9662
"../../../Engine/Content/EngineMaterials/Substrate/Glints2/dict_0006_0156.uasset" 9663
"/Engine/EngineMaterials/Substrate/Glints2/dict_0006_0152" 9664
"/Engine/EngineMaterials/Substrate/Glints2/dict_0006_0156" 9665
"/Engine/EngineMaterials/Substrate/Glints2/dict_0006_0155" 9666
"/Engine/EngineMaterials/Substrate/Glints2/dict_0006_0154" 9667
"/Engine/EngineMaterials/Substrate/Glints2/dict_0006_0153" 9668
"../../../Engine/Content/EngineMaterials/Substrate/Glints2/dict_0006_0157.uasset" 9669
"/Engine/EngineMaterials/Substrate/Glints2/dict_0006_0157" 9670
"../../../Engine/Content/EngineMaterials/Substrate/Glints2/dict_0006_0158.uasset" 9671
"/Engine/EngineMaterials/Substrate/Glints2/dict_0006_0158" 9672
"../../../Engine/Content/EngineMaterials/Substrate/Glints2/dict_0006_0159.uasset" 9673
"/Engine/EngineMaterials/Substrate/Glints2/dict_0006_0159" 9674
"../../../Engine/Content/EngineMaterials/Substrate/Glints2/dict_0006_0120.uasset" 9675
"../../../Engine/Content/EngineMaterials/Substrate/Glints2/dict_0006_0161.uasset" 9676
"../../../Engine/Content/EngineMaterials/Substrate/Glints2/dict_0006_0056.uasset" 9677
"../../../Engine/Content/EngineMaterials/Substrate/Glints2/dict_0006_0160.uasset" 9678
"../../../Engine/Content/EngineMaterials/Substrate/Glints2/dict_0006_0162.uasset" 9679
"../../../Engine/Content/EngineMaterials/Substrate/Glints2/dict_0006_0165.uasset" 9680
"../../../Engine/Content/EngineMaterials/Substrate/Glints2/dict_0006_0163.uasset" 9681
"/Engine/EngineMaterials/Substrate/Glints2/dict_0006_0163" 9682
"/Engine/EngineMaterials/Substrate/Glints2/dict_0006_0162" 9683
"/Engine/EngineMaterials/Substrate/Glints2/dict_0006_0161" 9684
"/Engine/EngineMaterials/Substrate/Glints2/dict_0006_0056" 9685
"../../../Engine/Content/EngineMaterials/Substrate/Glints2/dict_0006_0167.uasset" 9686
"/Engine/EngineMaterials/Substrate/Glints2/dict_0006_0165" 9687
"/Engine/EngineMaterials/Substrate/Glints2/dict_0006_0120" 9688
"/Engine/EngineMaterials/Substrate/Glints2/dict_0006_0160" 9689
"../../../Engine/Content/EngineMaterials/Substrate/Glints2/dict_0006_0169.uasset" 9690
"/Engine/EngineMaterials/Substrate/Glints2/dict_0006_0169" 9691
"/Engine/EngineMaterials/Substrate/Glints2/dict_0006_0167" 9692
"../../../Engine/Content/EngineMaterials/Substrate/Glints2/dict_0006_0170.uasset" 9693
"../../../Engine/Content/EngineMaterials/Substrate/Glints2/dict_0006_0171.uasset" 9694
"../../../Engine/Content/EngineMaterials/Substrate/Glints2/dict_0006_0172.uasset" 9695
"../../../Engine/Content/EngineMaterials/Substrate/Glints2/dict_0006_0168.uasset" 9696
"../../../Engine/Content/EngineMaterials/Substrate/Glints2/dict_0006_0166.uasset" 9697
"../../../Engine/Content/EngineMaterials/Substrate/Glints2/dict_0006_0173.uasset" 9698
"../../../Engine/Content/EngineMaterials/Substrate/Glints2/dict_0006_0174.uasset" 9699
"/Engine/EngineMaterials/Substrate/Glints2/dict_0006_0168" 9700
"/Engine/EngineMaterials/Substrate/Glints2/dict_0006_0174" 9701
"/Engine/EngineMaterials/Substrate/Glints2/dict_0006_0173" 9702
"/Engine/EngineMaterials/Substrate/Glints2/dict_0006_0172" 9703
"../../../Engine/Content/EngineMaterials/Substrate/Glints2/dict_0006_0175.uasset" 9704
"../../../Engine/Content/EngineMaterials/Substrate/Glints2/dict_0006_0176.uasset" 9705
"/Engine/EngineMaterials/Substrate/Glints2/dict_0006_0170" 9706
"../../../Engine/Content/EngineMaterials/Substrate/Glints2/dict_0006_0177.uasset" 9707
"/Engine/EngineMaterials/Substrate/Glints2/dict_0006_0166" 9708
"/Engine/EngineMaterials/Substrate/Glints2/dict_0006_0171" 9709
"/Engine/EngineMaterials/Substrate/Glints2/dict_0006_0175" 9710
"/Engine/EngineMaterials/Substrate/Glints2/dict_0006_0177" 9711
"/Engine/EngineMaterials/Substrate/Glints2/dict_0006_0176" 9712
"../../../Engine/Content/EngineMaterials/Substrate/Glints2/dict_0006_0180.uasset" 9713
"../../../Engine/Content/EngineMaterials/Substrate/Glints2/dict_0006_0181.uasset" 9714
"../../../Engine/Content/EngineMaterials/Substrate/Glints2/dict_0006_0184.uasset" 9715
"../../../Engine/Content/EngineMaterials/Substrate/Glints2/dict_0006_0182.uasset" 9716
"../../../Engine/Content/EngineMaterials/Substrate/Glints2/dict_0006_0183.uasset" 9717
"/Engine/EngineMaterials/Substrate/Glints2/dict_0006_0180" 9718
"/Engine/EngineMaterials/Substrate/Glints2/dict_0006_0182" 9719
"/Engine/EngineMaterials/Substrate/Glints2/dict_0006_0183" 9720
"/Engine/EngineMaterials/Substrate/Glints2/dict_0006_0181" 9721
"/Engine/EngineMaterials/Substrate/Glints2/dict_0006_0184" 9722
"../../../Engine/Content/EngineMaterials/Substrate/Glints2/dict_0006_0185.uasset" 9723
"../../../Engine/Content/EngineMaterials/Substrate/Glints2/dict_0006_0186.uasset" 9724
"../../../Engine/Content/EngineMaterials/Substrate/Glints2/dict_0006_0187.uasset" 9725
"../../../Engine/Content/EngineMaterials/Substrate/Glints2/dict_0006_0188.uasset" 9726
"../../../Engine/Content/EngineMaterials/Substrate/Glints2/dict_0006_0072.uasset" 9727
"/Engine/EngineMaterials/Substrate/Glints2/dict_0006_0072" 9728
"/Engine/EngineMaterials/Substrate/Glints2/dict_0006_0188" 9729
"../../../Engine/Content/EngineMaterials/Substrate/Glints2/dict_0006_0189.uasset" 9730
"/Engine/EngineMaterials/Substrate/Glints2/dict_0006_0187" 9731
"/Engine/EngineMaterials/Substrate/Glints2/dict_0006_0186" 9732
"/Engine/EngineMaterials/Substrate/Glints2/dict_0006_0185" 9733
"/Engine/EngineMaterials/Substrate/Glints2/dict_0006_0189" 9734
"../../../Engine/Content/EngineMaterials/Substrate/Glints2/dict_0006_0190.uasset" 9735
"../../../Engine/Content/EngineMaterials/Substrate/Glints2/dict_0006_0191.uasset" 9736
"../../../Engine/Content/EngineMaterials/Substrate/Glints2/dict_0006_0192.uasset" 9737
"../../../Engine/Content/EngineMaterials/Substrate/Glints2/dict_0006_0193.uasset" 9738
"/Engine/EngineMaterials/Substrate/Glints2/dict_0006_0190" 9739
"../../../Engine/Content/EngineMaterials/Substrate/Glints2/dict_0006_0195.uasset" 9740
"/Engine/EngineMaterials/Substrate/Glints2/dict_0006_0192" 9741
"/Engine/EngineMaterials/Substrate/Glints2/dict_0006_0191" 9742
"/Engine/EngineMaterials/Substrate/Glints2/dict_0006_0193" 9743
"/Engine/EngineMaterials/Substrate/Glints2/dict_0006_0195" 9744
"../../../Engine/Content/EngineMaterials/Substrate/Glints2/dict_0006_0197.uasset" 9745
"../../../Engine/Content/EngineMaterials/Substrate/Glints2/dict_0006_0196.uasset" 9746
"/Engine/EngineMaterials/Substrate/Glints2/dict_0006_0197" 9747
"/Engine/EngineMaterials/Substrate/Glints2/dict_0006_0196" 9748
"../../../Engine/Content/EngineMaterials/Substrate/Glints2/dict_0006_0132.uasset" 9749
"../../../Engine/Content/EngineMaterials/Substrate/Glints2/dict_0006_0198.uasset" 9750
"../../../Engine/Content/EngineMaterials/Substrate/Glints2/dict_0006_0139.uasset" 9751
"../../../Engine/Content/EngineMaterials/Substrate/Glints2/dict_0006_0200.uasset" 9752
"../../../Engine/Content/EngineMaterials/Substrate/Glints2/dict_0006_0065.uasset" 9753
"../../../Engine/Content/EngineMaterials/Substrate/Glints2/dict_0006_0201.uasset" 9754
"../../../Engine/Content/EngineMaterials/Substrate/Glints2/dict_0006_0202.uasset" 9755
"/Engine/EngineMaterials/Substrate/Glints2/dict_0006_0065" 9756
"/Engine/EngineMaterials/Substrate/Glints2/dict_0006_0202" 9757
"/Engine/EngineMaterials/Substrate/Glints2/dict_0006_0132" 9758
"/Engine/EngineMaterials/Substrate/Glints2/dict_0006_0198" 9759
"/Engine/EngineMaterials/Substrate/Glints2/dict_0006_0139" 9760
"/Engine/EngineMaterials/Substrate/Glints2/dict_0006_0201" 9761
"/Engine/EngineMaterials/Substrate/Glints2/dict_0006_0200" 9762
"../../../Engine/Content/EngineMaterials/Substrate/Glints2/dict_0006_0204.uasset" 9763
"../../../Engine/Content/EngineMaterials/Substrate/Glints2/dict_0006_0206.uasset" 9764
"../../../Engine/Content/EngineMaterials/Substrate/Glints2/dict_0006_0209.uasset" 9765
"../../../Engine/Content/EngineMaterials/Substrate/Glints2/dict_0006_0208.uasset" 9766
"/Engine/EngineMaterials/Substrate/Glints2/dict_0006_0206" 9767
"/Engine/EngineMaterials/Substrate/Glints2/dict_0006_0204" 9768
"/Engine/EngineMaterials/Substrate/Glints2/dict_0006_0209" 9769
"/Engine/EngineMaterials/Substrate/Glints2/dict_0006_0208" 9770
"../../../Engine/Content/EngineMaterials/Substrate/Glints2/dict_0006_0210.uasset" 9771
"../../../Engine/Content/EngineMaterials/Substrate/Glints2/dict_0006_0211.uasset" 9772
"../../../Engine/Content/EngineMaterials/Substrate/Glints2/dict_0006_0213.uasset" 9773
"../../../Engine/Content/EngineMaterials/Substrate/Glints2/dict_0006_0212.uasset" 9774
"/Engine/EngineMaterials/Substrate/Glints2/dict_0006_0212" 9775
"/Engine/EngineMaterials/Substrate/Glints2/dict_0006_0213" 9776
"/Engine/EngineMaterials/Substrate/Glints2/dict_0006_0211" 9777
"/Engine/EngineMaterials/Substrate/Glints2/dict_0006_0210" 9778
"../../../Engine/Content/EngineMaterials/Substrate/Glints2/dict_0006_0216.uasset" 9779
"../../../Engine/Content/EngineMaterials/Substrate/Glints2/dict_0006_0214.uasset" 9780
"../../../Engine/Content/EngineMaterials/Substrate/Glints2/dict_0006_0215.uasset" 9781
"../../../Engine/Content/EngineMaterials/Substrate/Glints2/dict_0006_0217.uasset" 9782
"../../../Engine/Content/EngineMaterials/Substrate/Glints2/dict_0006_0093.uasset" 9783
"/Engine/EngineMaterials/Substrate/Glints2/dict_0006_0217" 9784
"/Engine/EngineMaterials/Substrate/Glints2/dict_0006_0216" 9785
"/Engine/EngineMaterials/Substrate/Glints2/dict_0006_0093" 9786
"/Engine/EngineMaterials/Substrate/Glints2/dict_0006_0215" 9787
"/Engine/EngineMaterials/Substrate/Glints2/dict_0006_0214" 9788
"../../../Engine/Content/EngineMaterials/Substrate/Glints2/dict_0006_0218.uasset" 9789
"../../../Engine/Content/EngineMaterials/Substrate/Glints2/dict_0006_0219.uasset" 9790
"../../../Engine/Content/EngineMaterials/Substrate/Glints2/dict_0006_0221.uasset" 9791
"../../../Engine/Content/EngineMaterials/Substrate/Glints2/dict_0006_0220.uasset" 9792
"/Engine/EngineMaterials/Substrate/Glints2/dict_0006_0220" 9793
"/Engine/EngineMaterials/Substrate/Glints2/dict_0006_0219" 9794
"/Engine/EngineMaterials/Substrate/Glints2/dict_0006_0218" 9795
"../../../Engine/Content/EngineMaterials/Substrate/Glints2/dict_0006_0164.uasset" 9796
"/Engine/EngineMaterials/Substrate/Glints2/dict_0006_0221" 9797
"/Engine/EngineMaterials/Substrate/Glints2/dict_0006_0164" 9798
"../../../Engine/Content/EngineMaterials/Substrate/Glints2/dict_0006_0179.uasset" 9799
"../../../Engine/Content/EngineMaterials/Substrate/Glints2/dict_0006_0225.uasset" 9800
"../../../Engine/Content/EngineMaterials/Substrate/Glints2/dict_0006_0224.uasset" 9801
"../../../Engine/Content/EngineMaterials/Substrate/Glints2/dict_0006_0226.uasset" 9802
"../../../Engine/Content/EngineMaterials/Substrate/Glints2/dict_0006_0223.uasset" 9803
"../../../Engine/Content/EngineMaterials/Substrate/Glints2/dict_0006_0099.uasset" 9804
"/Engine/EngineMaterials/Substrate/Glints2/dict_0006_0099" 9805
"/Engine/EngineMaterials/Substrate/Glints2/dict_0006_0226" 9806
"/Engine/EngineMaterials/Substrate/Glints2/dict_0006_0225" 9807
"/Engine/EngineMaterials/Substrate/Glints2/dict_0006_0224" 9808
"/Engine/EngineMaterials/Substrate/Glints2/dict_0006_0223" 9809
"../../../Engine/Content/EngineMaterials/Substrate/Glints2/dict_0006_0229.uasset" 9810
"../../../Engine/Content/EngineMaterials/Substrate/Glints2/dict_0006_0199.uasset" 9811
"/Engine/EngineMaterials/Substrate/Glints2/dict_0006_0179" 9812
"../../../Engine/Content/EngineMaterials/Substrate/Glints2/dict_0006_0230.uasset" 9813
"../../../Engine/Content/EngineMaterials/Substrate/Glints2/dict_0006_0231.uasset" 9814
"../../../Engine/Content/EngineMaterials/Substrate/Glints2/dict_0006_0232.uasset" 9815
"/Engine/EngineMaterials/Substrate/Glints2/dict_0006_0199" 9816
"/Engine/EngineMaterials/Substrate/Glints2/dict_0006_0231" 9817
"/Engine/EngineMaterials/Substrate/Glints2/dict_0006_0230" 9818
"/Engine/EngineMaterials/Substrate/Glints2/dict_0006_0232" 9819
"/Engine/EngineMaterials/Substrate/Glints2/dict_0006_0229" 9820
"../../../Engine/Content/EngineMaterials/Substrate/Glints2/dict_0006_0203.uasset" 9821
"../../../Engine/Content/EngineMaterials/Substrate/Glints2/dict_0006_0235.uasset" 9822
"../../../Engine/Content/EngineMaterials/Substrate/Glints2/dict_0006_0237.uasset" 9823
"../../../Engine/Content/EngineMaterials/Substrate/Glints2/dict_0006_0238.uasset" 9824
"../../../Engine/Content/EngineMaterials/Substrate/Glints2/dict_0006_0236.uasset" 9825
"/Engine/EngineMaterials/Substrate/Glints2/dict_0006_0235" 9826
"/Engine/EngineMaterials/Substrate/Glints2/dict_0006_0238" 9827
"/Engine/EngineMaterials/Substrate/Glints2/dict_0006_0237" 9828
"/Engine/EngineMaterials/Substrate/Glints2/dict_0006_0236" 9829
"/Engine/EngineMaterials/Substrate/Glints2/dict_0006_0203" 9830
"../../../Engine/Content/EngineMaterials/Substrate/Glints2/dict_0006_0242.uasset" 9831
"../../../Engine/Content/EngineMaterials/Substrate/Glints2/dict_0006_0240.uasset" 9832
"../../../Engine/Content/EngineMaterials/Substrate/Glints2/dict_0006_0241.uasset" 9833
"../../../Engine/Content/EngineMaterials/Substrate/Glints2/dict_0006_0178.uasset" 9834
"../../../Engine/Content/EngineMaterials/Substrate/Glints2/dict_0006_0243.uasset" 9835
"/Engine/EngineMaterials/Substrate/Glints2/dict_0006_0240" 9836
"/Engine/EngineMaterials/Substrate/Glints2/dict_0006_0243" 9837
"/Engine/EngineMaterials/Substrate/Glints2/dict_0006_0242" 9838
"../../../Engine/Content/EngineMaterials/Substrate/Glints2/dict_0006_0244.uasset" 9839
"/Engine/EngineMaterials/Substrate/Glints2/dict_0006_0178" 9840
"/Engine/EngineMaterials/Substrate/Glints2/dict_0006_0241" 9841
"../../../Engine/Content/EngineMaterials/Substrate/Glints2/dict_0006_0246.uasset" 9842
"/Engine/EngineMaterials/Substrate/Glints2/dict_0006_0244" 9843
"../../../Engine/Content/EngineMaterials/Substrate/Glints2/dict_0006_0245.uasset" 9844
"/Engine/EngineMaterials/Substrate/Glints2/dict_0006_0246" 9845
"/Engine/EngineMaterials/Substrate/Glints2/dict_0006_0245" 9846
"../../../Engine/Content/EngineMaterials/Substrate/Glints2/dict_0006_0234.uasset" 9847
"../../../Engine/Content/EngineMaterials/Substrate/Glints2/dict_0006_0248.uasset" 9848
"../../../Engine/Content/EngineMaterials/Substrate/Glints2/dict_0006_0250.uasset" 9849
"../../../Engine/Content/EngineMaterials/Substrate/Glints2/dict_0006_0249.uasset" 9850
"/Engine/EngineMaterials/Substrate/Glints2/dict_0006_0234" 9851
"../../../Engine/Content/EngineMaterials/Substrate/Glints2/dict_0006_0251.uasset" 9852
"/Engine/EngineMaterials/Substrate/Glints2/dict_0006_0250" 9853
"/Engine/EngineMaterials/Substrate/Glints2/dict_0006_0249" 9854
"/Engine/EngineMaterials/Substrate/Glints2/dict_0006_0248" 9855
"/Engine/EngineMaterials/Substrate/Glints2/dict_0006_0251" 9856
"../../../Engine/Content/EngineMaterials/Substrate/Glints2/dict_0006_0253.uasset" 9857
"../../../Engine/Content/EngineMaterials/Substrate/Glints2/dict_0006_0228.uasset" 9858
"../../../Engine/Content/EngineMaterials/Substrate/Glints2/dict_0006_0254.uasset" 9859
"../../../Engine/Content/EngineMaterials/Substrate/Glints2/dict_0006_0255.uasset" 9860
"../../../Engine/Content/EngineMaterials/Substrate/Glints2/dict_0007_0000.uasset" 9861
"/Engine/EngineMaterials/Substrate/Glints2/dict_0007_0000" 9862
"/Engine/EngineMaterials/Substrate/Glints2/dict_0006_0255" 9863
"/Engine/EngineMaterials/Substrate/Glints2/dict_0006_0254" 9864
"/Engine/EngineMaterials/Substrate/Glints2/dict_0006_0253" 9865
"/Engine/EngineMaterials/Substrate/Glints2/dict_0006_0228" 9866
"../../../Engine/Content/EngineMaterials/Substrate/Glints2/dict_0007_0001.uasset" 9867
"../../../Engine/Content/EngineMaterials/Substrate/Glints2/dict_0007_0004.uasset" 9868
"../../../Engine/Content/EngineMaterials/Substrate/Glints2/dict_0007_0003.uasset" 9869
"../../../Engine/Content/EngineMaterials/Substrate/Glints2/dict_0007_0005.uasset" 9870
"../../../Engine/Content/EngineMaterials/Substrate/Glints2/dict_0006_0227.uasset" 9871
"../../../Engine/Content/EngineMaterials/Substrate/Glints2/dict_0006_0194.uasset" 9872
"/Engine/EngineMaterials/Substrate/Glints2/dict_0006_0227" 9873
"/Engine/EngineMaterials/Substrate/Glints2/dict_0007_0005" 9874
"/Engine/EngineMaterials/Substrate/Glints2/dict_0007_0004" 9875
"/Engine/EngineMaterials/Substrate/Glints2/dict_0007_0003" 9876
"/Engine/EngineMaterials/Substrate/Glints2/dict_0007_0001" 9877
"/Engine/EngineMaterials/Substrate/Glints2/dict_0006_0194" 9878
"../../../Engine/Content/EngineMaterials/Substrate/Glints2/dict_0006_0247.uasset" 9879
"../../../Engine/Content/EngineMaterials/Substrate/Glints2/dict_0006_0222.uasset" 9880
"/Engine/EngineMaterials/Substrate/Glints2/dict_0006_0247" 9881
"../../../Engine/Content/EngineMaterials/Substrate/Glints2/dict_0006_0252.uasset" 9882
"../../../Engine/Content/EngineMaterials/Substrate/Glints2/dict_0007_0007.uasset" 9883
"/Engine/EngineMaterials/Substrate/Glints2/dict_0006_0222" 9884
"/Engine/EngineMaterials/Substrate/Glints2/dict_0006_0252" 9885
"/Engine/EngineMaterials/Substrate/Glints2/dict_0007_0007" 9886
"../../../Engine/Content/EngineMaterials/Substrate/Glints2/dict_0007_0009.uasset" 9887
"../../../Engine/Content/EngineMaterials/Substrate/Glints2/dict_0007_0008.uasset" 9888
"../../../Engine/Content/EngineMaterials/Substrate/Glints2/dict_0007_0014.uasset" 9889
"../../../Engine/Content/EngineMaterials/Substrate/Glints2/dict_0006_0233.uasset" 9890
"/Engine/EngineMaterials/Substrate/Glints2/dict_0007_0014" 9891
"/Engine/EngineMaterials/Substrate/Glints2/dict_0006_0233" 9892
"/Engine/EngineMaterials/Substrate/Glints2/dict_0007_0009" 9893
"../../../Engine/Content/EngineMaterials/Substrate/Glints2/dict_0007_0015.uasset" 9894
"../../../Engine/Content/EngineMaterials/Substrate/Glints2/dict_0007_0002.uasset" 9895
"/Engine/EngineMaterials/Substrate/Glints2/dict_0007_0008" 9896
"/Engine/EngineMaterials/Substrate/Glints2/dict_0007_0015" 9897
"/Engine/EngineMaterials/Substrate/Glints2/dict_0007_0002" 9898
"../../../Engine/Content/EngineMaterials/Substrate/Glints2/dict_0007_0013.uasset" 9899
"../../../Engine/Content/EngineMaterials/Substrate/Glints2/dict_0007_0018.uasset" 9900
"../../../Engine/Content/EngineMaterials/Substrate/Glints2/dict_0007_0020.uasset" 9901
"../../../Engine/Content/EngineMaterials/Substrate/Glints2/dict_0007_0019.uasset" 9902
"/Engine/EngineMaterials/Substrate/Glints2/dict_0007_0018" 9903
"/Engine/EngineMaterials/Substrate/Glints2/dict_0007_0013" 9904
"/Engine/EngineMaterials/Substrate/Glints2/dict_0007_0019" 9905
"../../../Engine/Content/EngineMaterials/Substrate/Glints2/dict_0006_0239.uasset" 9906
"../../../Engine/Content/EngineMaterials/Substrate/Glints2/dict_0007_0023.uasset" 9907
"../../../Engine/Content/EngineMaterials/Substrate/Glints2/dict_0007_0022.uasset" 9908
"/Engine/EngineMaterials/Substrate/Glints2/dict_0006_0239" 9909
"/Engine/EngineMaterials/Substrate/Glints2/dict_0007_0023" 9910
"/Engine/EngineMaterials/Substrate/Glints2/dict_0007_0022" 9911
"../../../Engine/Content/EngineMaterials/Substrate/Glints2/dict_0007_0026.uasset" 9912
"../../../Engine/Content/EngineMaterials/Substrate/Glints2/dict_0007_0012.uasset" 9913
"../../../Engine/Content/EngineMaterials/Substrate/Glints2/dict_0007_0011.uasset" 9914
"../../../Engine/Content/EngineMaterials/Substrate/Glints2/dict_0007_0025.uasset" 9915
"/Engine/EngineMaterials/Substrate/Glints2/dict_0007_0026" 9916
"/Engine/EngineMaterials/Substrate/Glints2/dict_0007_0012" 9917
"/Engine/EngineMaterials/Substrate/Glints2/dict_0007_0025" 9918
"/Engine/EngineMaterials/Substrate/Glints2/dict_0007_0011" 9919
"../../../Engine/Content/EngineMaterials/Substrate/Glints2/dict_0007_0030.uasset" 9920
"../../../Engine/Content/EngineMaterials/Substrate/Glints2/dict_0007_0028.uasset" 9921
"/Engine/EngineMaterials/Substrate/Glints2/dict_0007_0028" 9922
"/Engine/EngineMaterials/Substrate/Glints2/dict_0007_0030" 9923
"../../../Engine/Content/EngineMaterials/Substrate/Glints2/dict_0007_0029.uasset" 9924
"../../../Engine/Content/EngineMaterials/Substrate/Glints2/dict_0007_0010.uasset" 9925
"../../../Engine/Content/EngineMaterials/Substrate/Glints2/dict_0007_0032.uasset" 9926
"../../../Engine/Content/EngineMaterials/Substrate/Glints2/dict_0007_0033.uasset" 9927
"/Engine/EngineMaterials/Substrate/Glints2/dict_0007_0010" 9928
"../../../Engine/Content/EngineMaterials/Substrate/Glints2/dict_0007_0034.uasset" 9929
"/Engine/EngineMaterials/Substrate/Glints2/dict_0007_0020" 9930
"/Engine/EngineMaterials/Substrate/Glints2/dict_0007_0029" 9931
"/Engine/EngineMaterials/Substrate/Glints2/dict_0007_0033" 9932
"/Engine/EngineMaterials/Substrate/Glints2/dict_0007_0032" 9933
"/Engine/EngineMaterials/Substrate/Glints2/dict_0007_0034" 9934
"../../../Engine/Content/EngineMaterials/Substrate/Glints2/dict_0006_0207.uasset" 9935
"../../../Engine/Content/EngineMaterials/Substrate/Glints2/dict_0007_0017.uasset" 9936
"../../../Engine/Content/EngineMaterials/Substrate/Glints2/dict_0007_0039.uasset" 9937
"../../../Engine/Content/EngineMaterials/Substrate/Glints2/dict_0007_0038.uasset" 9938
"../../../Engine/Content/EngineMaterials/Substrate/Glints2/dict_0007_0037.uasset" 9939
"../../../Engine/Content/EngineMaterials/Substrate/Glints2/dict_0007_0021.uasset" 9940
"/Engine/EngineMaterials/Substrate/Glints2/dict_0006_0207" 9941
"/Engine/EngineMaterials/Substrate/Glints2/dict_0007_0017" 9942
"/Engine/EngineMaterials/Substrate/Glints2/dict_0007_0039" 9943
"/Engine/EngineMaterials/Substrate/Glints2/dict_0007_0037" 9944
"/Engine/EngineMaterials/Substrate/Glints2/dict_0007_0021" 9945
"/Engine/EngineMaterials/Substrate/Glints2/dict_0007_0038" 9946
"../../../Engine/Content/EngineMaterials/Substrate/Glints2/dict_0007_0042.uasset" 9947
"../../../Engine/Content/EngineMaterials/Substrate/Glints2/dict_0007_0043.uasset" 9948
"../../../Engine/Content/EngineMaterials/Substrate/Glints2/dict_0007_0027.uasset" 9949
"../../../Engine/Content/EngineMaterials/Substrate/Glints2/dict_0007_0044.uasset" 9950
"../../../Engine/Content/EngineMaterials/Substrate/Glints2/dict_0007_0016.uasset" 9951
"../../../Engine/Content/EngineMaterials/Substrate/Glints2/dict_0007_0031.uasset" 9952
"/Engine/EngineMaterials/Substrate/Glints2/dict_0007_0042" 9953
"/Engine/EngineMaterials/Substrate/Glints2/dict_0007_0027" 9954
"/Engine/EngineMaterials/Substrate/Glints2/dict_0007_0016" 9955
"/Engine/EngineMaterials/Substrate/Glints2/dict_0007_0044" 9956
"../../../Engine/Content/EngineMaterials/Substrate/Glints2/dict_0007_0035.uasset" 9957
"/Engine/EngineMaterials/Substrate/Glints2/dict_0007_0043" 9958
"/Engine/EngineMaterials/Substrate/Glints2/dict_0007_0031" 9959
"/Engine/EngineMaterials/Substrate/Glints2/dict_0007_0035" 9960
"../../../Engine/Content/EngineMaterials/Substrate/Glints2/dict_0006_0205.uasset" 9961
"../../../Engine/Content/EngineMaterials/Substrate/Glints2/dict_0007_0041.uasset" 9962
"../../../Engine/Content/EngineMaterials/Substrate/Glints2/dict_0007_0024.uasset" 9963
"../../../Engine/Content/EngineMaterials/Substrate/Glints2/dict_0007_0045.uasset" 9964
"/Engine/EngineMaterials/Substrate/Glints2/dict_0007_0045" 9965
"/Engine/EngineMaterials/Substrate/Glints2/dict_0007_0041" 9966
"/Engine/EngineMaterials/Substrate/Glints2/dict_0006_0205" 9967
"../../../Engine/Content/EngineMaterials/Substrate/Glints2/dict_0007_0036.uasset" 9968
"/Engine/EngineMaterials/Substrate/Glints2/dict_0007_0024" 9969
"../../../Engine/Content/EngineMaterials/Substrate/Glints2/dict_0007_0040.uasset" 9970
"/Engine/EngineMaterials/Substrate/Glints2/dict_0007_0036" 9971
"/Engine/EngineMaterials/Substrate/Glints2/dict_0007_0040" 9972
"../../../Engine/Content/EngineMaterials/Substrate/Glints2/dict_0007_0006.uasset" 9973
"/Engine/EngineMaterials/Substrate/Glints2/dict_0007_0006" 9974
"../../../Engine/Content/EngineMaterials/Substrate/Glints2/dict_0007_0048.uasset" 9975
"../../../Engine/Content/EngineMaterials/Substrate/Glints2/dict_0007_0049.uasset" 9976
"/Engine/EngineMaterials/Substrate/Glints2/dict_0007_0049" 9977
"/Engine/EngineMaterials/Substrate/Glints2/dict_0007_0048" 9978
"../../../Engine/Content/EngineMaterials/Substrate/Glints2/dict_0007_0055.uasset" 9979
"../../../Engine/Content/EngineMaterials/Substrate/Glints2/dict_0007_0056.uasset" 9980
"../../../Engine/Content/EngineMaterials/Substrate/Glints2/dict_0007_0058.uasset" 9981
"../../../Engine/Content/EngineMaterials/Substrate/Glints2/dict_0007_0057.uasset" 9982
"/Engine/EngineMaterials/Substrate/Glints2/dict_0007_0056" 9983
"../../../Engine/Content/EngineMaterials/Substrate/Glints2/dict_0007_0060.uasset" 9984
"../../../Engine/Content/EngineMaterials/Substrate/Glints2/dict_0007_0062.uasset" 9985
"/Engine/EngineMaterials/Substrate/Glints2/dict_0007_0055" 9986
"../../../Engine/Content/EngineMaterials/Substrate/Glints2/dict_0007_0051.uasset" 9987
"/Engine/EngineMaterials/Substrate/Glints2/dict_0007_0057" 9988
"/Engine/EngineMaterials/Substrate/Glints2/dict_0007_0058" 9989
"../../../Engine/Content/EngineMaterials/Substrate/Glints2/dict_0007_0063.uasset" 9990
"../../../Engine/Content/EngineMaterials/Substrate/Glints2/dict_0007_0061.uasset" 9991
"/Engine/EngineMaterials/Substrate/Glints2/dict_0007_0063" 9992
"/Engine/EngineMaterials/Substrate/Glints2/dict_0007_0051" 9993
"/Engine/EngineMaterials/Substrate/Glints2/dict_0007_0062" 9994
"/Engine/EngineMaterials/Substrate/Glints2/dict_0007_0061" 9995
"/Engine/EngineMaterials/Substrate/Glints2/dict_0007_0060" 9996
"../../../Engine/Content/EngineMaterials/Substrate/Glints2/dict_0007_0066.uasset" 9997
"../../../Engine/Content/EngineMaterials/Substrate/Glints2/dict_0007_0067.uasset" 9998
"../../../Engine/Content/EngineMaterials/Substrate/Glints2/dict_0007_0069.uasset" 9999
"../../../Engine/Content/EngineMaterials/Substrate/Glints2/dict_0007_0070.uasset" 10000
"/Engine/EngineMaterials/Substrate/Glints2/dict_0007_0069" 10001
"/Engine/EngineMaterials/Substrate/Glints2/dict_0007_0067" 10002
"../../../Engine/Content/EngineMaterials/Substrate/Glints2/dict_0007_0071.uasset" 10003
"/Engine/EngineMaterials/Substrate/Glints2/dict_0007_0066" 10004
"../../../Engine/Content/EngineMaterials/Substrate/Glints2/dict_0007_0072.uasset" 10005
"/Engine/EngineMaterials/Substrate/Glints2/dict_0007_0070" 10006
"../../../Engine/Content/EngineMaterials/Substrate/Glints2/dict_0007_0068.uasset" 10007
"/Engine/EngineMaterials/Substrate/Glints2/dict_0007_0072" 10008
"/Engine/EngineMaterials/Substrate/Glints2/dict_0007_0071" 10009
"/Engine/EngineMaterials/Substrate/Glints2/dict_0007_0068" 10010
"../../../Engine/Content/EngineMaterials/Substrate/Glints2/dict_0007_0073.uasset" 10011
"../../../Engine/Content/EngineMaterials/Substrate/Glints2/dict_0007_0074.uasset" 10012
"../../../Engine/Content/EngineMaterials/Substrate/Glints2/dict_0007_0076.uasset" 10013
"../../../Engine/Content/EngineMaterials/Substrate/Glints2/dict_0007_0078.uasset" 10014
"/Engine/EngineMaterials/Substrate/Glints2/dict_0007_0074" 10015
"../../../Engine/Content/EngineMaterials/Substrate/Glints2/dict_0007_0075.uasset" 10016
"/Engine/EngineMaterials/Substrate/Glints2/dict_0007_0073" 10017
"/Engine/EngineMaterials/Substrate/Glints2/dict_0007_0076" 10018
"../../../Engine/Content/EngineMaterials/Substrate/Glints2/dict_0007_0079.uasset" 10019
"/Engine/EngineMaterials/Substrate/Glints2/dict_0007_0078" 10020
"/Engine/EngineMaterials/Substrate/Glints2/dict_0007_0075" 10021
"/Engine/EngineMaterials/Substrate/Glints2/dict_0007_0079" 10022
"../../../Engine/Content/EngineMaterials/Substrate/Glints2/dict_0007_0080.uasset" 10023
"../../../Engine/Content/EngineMaterials/Substrate/Glints2/dict_0007_0081.uasset" 10024
"../../../Engine/Content/EngineMaterials/Substrate/Glints2/dict_0007_0082.uasset" 10025
"../../../Engine/Content/EngineMaterials/Substrate/Glints2/dict_0007_0083.uasset" 10026
"/Engine/EngineMaterials/Substrate/Glints2/dict_0007_0083" 10027
"/Engine/EngineMaterials/Substrate/Glints2/dict_0007_0082" 10028
"/Engine/EngineMaterials/Substrate/Glints2/dict_0007_0081" 10029
"/Engine/EngineMaterials/Substrate/Glints2/dict_0007_0080" 10030
"../../../Engine/Content/EngineMaterials/Substrate/Glints2/dict_0007_0084.uasset" 10031
"../../../Engine/Content/EngineMaterials/Substrate/Glints2/dict_0007_0085.uasset" 10032
"../../../Engine/Content/EngineMaterials/Substrate/Glints2/dict_0007_0046.uasset" 10033
"../../../Engine/Content/EngineMaterials/Substrate/Glints2/dict_0007_0086.uasset" 10034
"../../../Engine/Content/EngineMaterials/Substrate/Glints2/dict_0007_0087.uasset" 10035
"../../../Engine/Content/EngineMaterials/Substrate/Glints2/dict_0007_0077.uasset" 10036
"/Engine/EngineMaterials/Substrate/Glints2/dict_0007_0087" 10037
"/Engine/EngineMaterials/Substrate/Glints2/dict_0007_0086" 10038
"/Engine/EngineMaterials/Substrate/Glints2/dict_0007_0085" 10039
"../../../Engine/Content/EngineMaterials/Substrate/Glints2/dict_0007_0088.uasset" 10040
"/Engine/EngineMaterials/Substrate/Glints2/dict_0007_0084" 10041
"/Engine/EngineMaterials/Substrate/Glints2/dict_0007_0046" 10042
"/Engine/EngineMaterials/Substrate/Glints2/dict_0007_0077" 10043
"/Engine/EngineMaterials/Substrate/Glints2/dict_0007_0088" 10044
"../../../Engine/Content/EngineMaterials/Substrate/Glints2/dict_0007_0047.uasset" 10045
"../../../Engine/Content/EngineMaterials/Substrate/Glints2/dict_0007_0092.uasset" 10046
"../../../Engine/Content/EngineMaterials/Substrate/Glints2/dict_0007_0091.uasset" 10047
"../../../Engine/Content/EngineMaterials/Substrate/Glints2/dict_0007_0094.uasset" 10048
"/Engine/EngineMaterials/Substrate/Glints2/dict_0007_0092" 10049
"/Engine/EngineMaterials/Substrate/Glints2/dict_0007_0091" 10050
"/Engine/EngineMaterials/Substrate/Glints2/dict_0007_0094" 10051
"/Engine/EngineMaterials/Substrate/Glints2/dict_0007_0047" 10052
"../../../Engine/Content/EngineMaterials/Substrate/Glints2/dict_0007_0097.uasset" 10053
"../../../Engine/Content/EngineMaterials/Substrate/Glints2/dict_0007_0096.uasset" 10054
"../../../Engine/Content/EngineMaterials/Substrate/Glints2/dict_0007_0098.uasset" 10055
"../../../Engine/Content/EngineMaterials/Substrate/Glints2/dict_0007_0054.uasset" 10056
"/Engine/EngineMaterials/Substrate/Glints2/dict_0007_0098" 10057
"/Engine/EngineMaterials/Substrate/Glints2/dict_0007_0097" 10058
"/Engine/EngineMaterials/Substrate/Glints2/dict_0007_0096" 10059
"/Engine/EngineMaterials/Substrate/Glints2/dict_0007_0054" 10060
"../../../Engine/Content/EngineMaterials/Substrate/Glints2/dict_0007_0099.uasset" 10061
"../../../Engine/Content/EngineMaterials/Substrate/Glints2/dict_0007_0100.uasset" 10062
"../../../Engine/Content/EngineMaterials/Substrate/Glints2/dict_0007_0101.uasset" 10063
"../../../Engine/Content/EngineMaterials/Substrate/Glints2/dict_0007_0102.uasset" 10064
"../../../Engine/Content/EngineMaterials/Substrate/Glints2/dict_0007_0103.uasset" 10065
"/Engine/EngineMaterials/Substrate/Glints2/dict_0007_0101" 10066
"../../../Engine/Content/EngineMaterials/Substrate/Glints2/dict_0007_0104.uasset" 10067
"/Engine/EngineMaterials/Substrate/Glints2/dict_0007_0100" 10068
"/Engine/EngineMaterials/Substrate/Glints2/dict_0007_0099" 10069
"/Engine/EngineMaterials/Substrate/Glints2/dict_0007_0102" 10070
"/Engine/EngineMaterials/Substrate/Glints2/dict_0007_0104" 10071
"/Engine/EngineMaterials/Substrate/Glints2/dict_0007_0103" 10072
"../../../Engine/Content/EngineMaterials/Substrate/Glints2/dict_0007_0105.uasset" 10073
"../../../Engine/Content/EngineMaterials/Substrate/Glints2/dict_0007_0052.uasset" 10074
"/Engine/EngineMaterials/Substrate/Glints2/dict_0007_0105" 10075
"../../../Engine/Content/EngineMaterials/Substrate/Glints2/dict_0007_0059.uasset" 10076
"/Engine/EngineMaterials/Substrate/Glints2/dict_0007_0059" 10077
"/Engine/EngineMaterials/Substrate/Glints2/dict_0007_0052" 10078
"../../../Engine/Content/EngineMaterials/Substrate/Glints2/dict_0007_0108.uasset" 10079
"../../../Engine/Content/EngineMaterials/Substrate/Glints2/dict_0007_0107.uasset" 10080
"../../../Engine/Content/EngineMaterials/Substrate/Glints2/dict_0007_0109.uasset" 10081
"/Engine/EngineMaterials/Substrate/Glints2/dict_0007_0109" 10082
"/Engine/EngineMaterials/Substrate/Glints2/dict_0007_0108" 10083
"/Engine/EngineMaterials/Substrate/Glints2/dict_0007_0107" 10084
"../../../Engine/Content/EngineMaterials/Substrate/Glints2/dict_0007_0113.uasset" 10085
"../../../Engine/Content/EngineMaterials/Substrate/Glints2/dict_0007_0112.uasset" 10086
"../../../Engine/Content/EngineMaterials/Substrate/Glints2/dict_0007_0114.uasset" 10087
"../../../Engine/Content/EngineMaterials/Substrate/Glints2/dict_0007_0065.uasset" 10088
"/Engine/EngineMaterials/Substrate/Glints2/dict_0007_0112" 10089
"../../../Engine/Content/EngineMaterials/Substrate/Glints2/dict_0007_0090.uasset" 10090
"/Engine/EngineMaterials/Substrate/Glints2/dict_0007_0065" 10091
"../../../Engine/Content/EngineMaterials/Substrate/Glints2/dict_0007_0050.uasset" 10092
"/Engine/EngineMaterials/Substrate/Glints2/dict_0007_0114" 10093
"/Engine/EngineMaterials/Substrate/Glints2/dict_0007_0113" 10094
"/Engine/EngineMaterials/Substrate/Glints2/dict_0007_0090" 10095
"../../../Engine/Content/EngineMaterials/Substrate/Glints2/dict_0007_0095.uasset" 10096
"/Engine/EngineMaterials/Substrate/Glints2/dict_0007_0050" 10097
"/Engine/EngineMaterials/Substrate/Glints2/dict_0007_0095" 10098
"../../../Engine/Content/EngineMaterials/Substrate/Glints2/dict_0007_0115.uasset" 10099
"../../../Engine/Content/EngineMaterials/Substrate/Glints2/dict_0007_0116.uasset" 10100
"../../../Engine/Content/EngineMaterials/Substrate/Glints2/dict_0007_0117.uasset" 10101
"../../../Engine/Content/EngineMaterials/Substrate/Glints2/dict_0007_0118.uasset" 10102
"/Engine/EngineMaterials/Substrate/Glints2/dict_0007_0116" 10103
"../../../Engine/Content/EngineMaterials/Substrate/Glints2/dict_0007_0122.uasset" 10104
"../../../Engine/Content/EngineMaterials/Substrate/Glints2/dict_0007_0123.uasset" 10105
"/Engine/EngineMaterials/Substrate/Glints2/dict_0007_0115" 10106
"../../../Engine/Content/EngineMaterials/Substrate/Glints2/dict_0007_0106.uasset" 10107
"/Engine/EngineMaterials/Substrate/Glints2/dict_0007_0118" 10108
"/Engine/EngineMaterials/Substrate/Glints2/dict_0007_0117" 10109
"../../../Engine/Content/EngineMaterials/Substrate/Glints2/dict_0007_0124.uasset" 10110
"/Engine/EngineMaterials/Substrate/Glints2/dict_0007_0123" 10111
"/Engine/EngineMaterials/Substrate/Glints2/dict_0007_0122" 10112
"/Engine/EngineMaterials/Substrate/Glints2/dict_0007_0106" 10113
"/Engine/EngineMaterials/Substrate/Glints2/dict_0007_0124" 10114
"../../../Engine/Content/EngineMaterials/Substrate/Glints2/dict_0007_0126.uasset" 10115
"../../../Engine/Content/EngineMaterials/Substrate/Glints2/dict_0007_0127.uasset" 10116
"../../../Engine/Content/EngineMaterials/Substrate/Glints2/dict_0007_0053.uasset" 10117
"../../../Engine/Content/EngineMaterials/Substrate/Glints2/dict_0007_0110.uasset" 10118
"../../../Engine/Content/EngineMaterials/Substrate/Glints2/dict_0007_0129.uasset" 10119
"../../../Engine/Content/EngineMaterials/Substrate/Glints2/dict_0007_0064.uasset" 10120
"/Engine/EngineMaterials/Substrate/Glints2/dict_0007_0127" 10121
"/Engine/EngineMaterials/Substrate/Glints2/dict_0007_0110" 10122
"/Engine/EngineMaterials/Substrate/Glints2/dict_0007_0129" 10123
"/Engine/EngineMaterials/Substrate/Glints2/dict_0007_0064" 10124
"/Engine/EngineMaterials/Substrate/Glints2/dict_0007_0126" 10125
"/Engine/EngineMaterials/Substrate/Glints2/dict_0007_0053" 10126
"../../../Engine/Content/EngineMaterials/Substrate/Glints2/dict_0007_0131.uasset" 10127
"../../../Engine/Content/EngineMaterials/Substrate/Glints2/dict_0007_0130.uasset" 10128
"../../../Engine/Content/EngineMaterials/Substrate/Glints2/dict_0007_0093.uasset" 10129
"../../../Engine/Content/EngineMaterials/Substrate/Glints2/dict_0007_0134.uasset" 10130
"../../../Engine/Content/EngineMaterials/Substrate/Glints2/dict_0007_0089.uasset" 10131
"/Engine/EngineMaterials/Substrate/Glints2/dict_0007_0134" 10132
"/Engine/EngineMaterials/Substrate/Glints2/dict_0007_0131" 10133
"../../../Engine/Content/EngineMaterials/Substrate/Glints2/dict_0007_0137.uasset" 10134
"/Engine/EngineMaterials/Substrate/Glints2/dict_0007_0130" 10135
"../../../Engine/Content/EngineMaterials/Substrate/Glints2/dict_0007_0138.uasset" 10136
"/Engine/EngineMaterials/Substrate/Glints2/dict_0007_0089" 10137
"/Engine/EngineMaterials/Substrate/Glints2/dict_0007_0093" 10138
"/Engine/EngineMaterials/Substrate/Glints2/dict_0007_0138" 10139
"/Engine/EngineMaterials/Substrate/Glints2/dict_0007_0137" 10140
"../../../Engine/Content/EngineMaterials/Substrate/Glints2/dict_0007_0136.uasset" 10141
"../../../Engine/Content/EngineMaterials/Substrate/Glints2/dict_0007_0140.uasset" 10142
"../../../Engine/Content/EngineMaterials/Substrate/Glints2/dict_0007_0139.uasset" 10143
"../../../Engine/Content/EngineMaterials/Substrate/Glints2/dict_0007_0142.uasset" 10144
"../../../Engine/Content/EngineMaterials/Substrate/Glints2/dict_0007_0141.uasset" 10145
"/Engine/EngineMaterials/Substrate/Glints2/dict_0007_0136" 10146
"/Engine/EngineMaterials/Substrate/Glints2/dict_0007_0139" 10147
"/Engine/EngineMaterials/Substrate/Glints2/dict_0007_0142" 10148
"/Engine/EngineMaterials/Substrate/Glints2/dict_0007_0141" 10149
"/Engine/EngineMaterials/Substrate/Glints2/dict_0007_0140" 10150
"../../../Engine/Content/EngineMaterials/Substrate/Glints2/dict_0007_0143.uasset" 10151
"../../../Engine/Content/EngineMaterials/Substrate/Glints2/dict_0007_0135.uasset" 10152
"../../../Engine/Content/EngineMaterials/Substrate/Glints2/dict_0007_0144.uasset" 10153
"../../../Engine/Content/EngineMaterials/Substrate/Glints2/dict_0007_0125.uasset" 10154
"../../../Engine/Content/EngineMaterials/Substrate/Glints2/dict_0007_0145.uasset" 10155
"../../../Engine/Content/EngineMaterials/Substrate/Glints2/dict_0007_0147.uasset" 10156
"/Engine/EngineMaterials/Substrate/Glints2/dict_0007_0143" 10157
"/Engine/EngineMaterials/Substrate/Glints2/dict_0007_0135" 10158
"/Engine/EngineMaterials/Substrate/Glints2/dict_0007_0147" 10159
"/Engine/EngineMaterials/Substrate/Glints2/dict_0007_0125" 10160
"/Engine/EngineMaterials/Substrate/Glints2/dict_0007_0145" 10161
"/Engine/EngineMaterials/Substrate/Glints2/dict_0007_0144" 10162
"../../../Engine/Content/EngineMaterials/Substrate/Glints2/dict_0007_0146.uasset" 10163
"../../../Engine/Content/EngineMaterials/Substrate/Glints2/dict_0007_0148.uasset" 10164
"../../../Engine/Content/EngineMaterials/Substrate/Glints2/dict_0007_0152.uasset" 10165
"../../../Engine/Content/EngineMaterials/Substrate/Glints2/dict_0007_0149.uasset" 10166
"../../../Engine/Content/EngineMaterials/Substrate/Glints2/dict_0007_0150.uasset" 10167
"/Engine/EngineMaterials/Substrate/Glints2/dict_0007_0152" 10168
"../../../Engine/Content/EngineMaterials/Substrate/Glints2/dict_0007_0153.uasset" 10169
"/Engine/EngineMaterials/Substrate/Glints2/dict_0007_0146" 10170
"../../../Engine/Content/EngineMaterials/Substrate/Glints2/dict_0007_0156.uasset" 10171
"/Engine/EngineMaterials/Substrate/Glints2/dict_0007_0150" 10172
"/Engine/EngineMaterials/Substrate/Glints2/dict_0007_0149" 10173
"/Engine/EngineMaterials/Substrate/Glints2/dict_0007_0148" 10174
"/Engine/EngineMaterials/Substrate/Glints2/dict_0007_0153" 10175
"/Engine/EngineMaterials/Substrate/Glints2/dict_0007_0156" 10176
"../../../Engine/Content/EngineMaterials/Substrate/Glints2/dict_0007_0155.uasset" 10177
"../../../Engine/Content/EngineMaterials/Substrate/Glints2/dict_0007_0157.uasset" 10178
"../../../Engine/Content/EngineMaterials/Substrate/Glints2/dict_0007_0158.uasset" 10179
"/Engine/EngineMaterials/Substrate/Glints2/dict_0007_0158" 10180
"../../../Engine/Content/EngineMaterials/Substrate/Glints2/dict_0007_0160.uasset" 10181
"../../../Engine/Content/EngineMaterials/Substrate/Glints2/dict_0007_0159.uasset" 10182
"/Engine/EngineMaterials/Substrate/Glints2/dict_0007_0157" 10183
"/Engine/EngineMaterials/Substrate/Glints2/dict_0007_0155" 10184
"/Engine/EngineMaterials/Substrate/Glints2/dict_0007_0160" 10185
"/Engine/EngineMaterials/Substrate/Glints2/dict_0007_0159" 10186
"../../../Engine/Content/EngineMaterials/Substrate/Glints2/dict_0007_0128.uasset" 10187
"../../../Engine/Content/EngineMaterials/Substrate/Glints2/dict_0007_0121.uasset" 10188
"/Engine/EngineMaterials/Substrate/Glints2/dict_0007_0128" 10189
"../../../Engine/Content/EngineMaterials/Substrate/Glints2/dict_0007_0119.uasset" 10190
"/Engine/EngineMaterials/Substrate/Glints2/dict_0007_0121" 10191
"/Engine/EngineMaterials/Substrate/Glints2/dict_0007_0119" 10192
"../../../Engine/Content/EngineMaterials/Substrate/Glints2/dict_0007_0132.uasset" 10193
"../../../Engine/Content/EngineMaterials/Substrate/Glints2/dict_0007_0120.uasset" 10194
"/Engine/EngineMaterials/Substrate/Glints2/dict_0007_0120" 10195
"../../../Engine/Content/EngineMaterials/Substrate/Glints2/dict_0007_0111.uasset" 10196
"/Engine/EngineMaterials/Substrate/Glints2/dict_0007_0132" 10197
"../../../Engine/Content/EngineMaterials/Substrate/Glints2/dict_0007_0133.uasset" 10198
"/Engine/EngineMaterials/Substrate/Glints2/dict_0007_0111" 10199
"/Engine/EngineMaterials/Substrate/Glints2/dict_0007_0133" 10200
"../../../Engine/Content/EngineMaterials/Substrate/Glints2/dict_0007_0151.uasset" 10201
"../../../Engine/Content/EngineMaterials/Substrate/Glints2/dict_0007_0154.uasset" 10202
"/Engine/EngineMaterials/Substrate/Glints2/dict_0007_0151" 10203
"/Engine/EngineMaterials/Substrate/Glints2/dict_0007_0154" 10204
"../../../Engine/Content/EngineMaterials/Substrate/Glints2/dict_0007_0164.uasset" 10205
"../../../Engine/Content/EngineMaterials/Substrate/Glints2/dict_0007_0161.uasset" 10206
"../../../Engine/Content/EngineMaterials/Substrate/Glints2/dict_0007_0167.uasset" 10207
"../../../Engine/Content/EngineMaterials/Substrate/Glints2/dict_0007_0166.uasset" 10208
"/Engine/EngineMaterials/Substrate/Glints2/dict_0007_0164" 10209
"/Engine/EngineMaterials/Substrate/Glints2/dict_0007_0161" 10210
"/Engine/EngineMaterials/Substrate/Glints2/dict_0007_0167" 10211
"/Engine/EngineMaterials/Substrate/Glints2/dict_0007_0166" 10212
"../../../Engine/Content/EngineMaterials/Substrate/Glints2/dict_0007_0174.uasset" 10213
"../../../Engine/Content/EngineMaterials/Substrate/Glints2/dict_0007_0162.uasset" 10214
"../../../Engine/Content/EngineMaterials/Substrate/Glints2/dict_0007_0177.uasset" 10215
"../../../Engine/Content/EngineMaterials/Substrate/Glints2/dict_0007_0176.uasset" 10216
"../../../Engine/Content/EngineMaterials/Substrate/Glints2/dict_0007_0165.uasset" 10217
"/Engine/EngineMaterials/Substrate/Glints2/dict_0007_0165" 10218
"/Engine/EngineMaterials/Substrate/Glints2/dict_0007_0176" 10219
"/Engine/EngineMaterials/Substrate/Glints2/dict_0007_0162" 10220
"/Engine/EngineMaterials/Substrate/Glints2/dict_0007_0174" 10221
"/Engine/EngineMaterials/Substrate/Glints2/dict_0007_0177" 10222
"../../../Engine/Content/EngineMaterials/Substrate/Glints2/dict_0007_0178.uasset" 10223
"../../../Engine/Content/EngineMaterials/Substrate/Glints2/dict_0007_0170.uasset" 10224
"../../../Engine/Content/EngineMaterials/Substrate/Glints2/dict_0007_0180.uasset" 10225
"../../../Engine/Content/EngineMaterials/Substrate/Glints2/dict_0007_0181.uasset" 10226
"../../../Engine/Content/EngineMaterials/Substrate/Glints2/dict_0007_0169.uasset" 10227
"/Engine/EngineMaterials/Substrate/Glints2/dict_0007_0178" 10228
"/Engine/EngineMaterials/Substrate/Glints2/dict_0007_0170" 10229
"/Engine/EngineMaterials/Substrate/Glints2/dict_0007_0181" 10230
"../../../Engine/Content/EngineMaterials/Substrate/Glints2/dict_0007_0184.uasset" 10231
"/Engine/EngineMaterials/Substrate/Glints2/dict_0007_0180" 10232
"/Engine/EngineMaterials/Substrate/Glints2/dict_0007_0169" 10233
"/Engine/EngineMaterials/Substrate/Glints2/dict_0007_0184" 10234
"../../../Engine/Content/EngineMaterials/Substrate/Glints2/dict_0007_0186.uasset" 10235
"../../../Engine/Content/EngineMaterials/Substrate/Glints2/dict_0007_0187.uasset" 10236
"../../../Engine/Content/EngineMaterials/Substrate/Glints2/dict_0007_0188.uasset" 10237
"/Engine/EngineMaterials/Substrate/Glints2/dict_0007_0188" 10238
"../../../Engine/Content/EngineMaterials/Substrate/Glints2/dict_0007_0189.uasset" 10239
"/Engine/EngineMaterials/Substrate/Glints2/dict_0007_0186" 10240
"/Engine/EngineMaterials/Substrate/Glints2/dict_0007_0187" 10241
"/Engine/EngineMaterials/Substrate/Glints2/dict_0007_0189" 10242
"../../../Engine/Content/EngineMaterials/Substrate/Glints2/dict_0007_0191.uasset" 10243
"../../../Engine/Content/EngineMaterials/Substrate/Glints2/dict_0007_0190.uasset" 10244
"/Engine/EngineMaterials/Substrate/Glints2/dict_0007_0191" 10245
"/Engine/EngineMaterials/Substrate/Glints2/dict_0007_0190" 10246
"../../../Engine/Content/EngineMaterials/Substrate/Glints2/dict_0007_0183.uasset" 10247
"/Engine/EngineMaterials/Substrate/Glints2/dict_0007_0183" 10248
"../../../Engine/Content/EngineMaterials/Substrate/Glints2/dict_0007_0193.uasset" 10249
"../../../Engine/Content/EngineMaterials/Substrate/Glints2/dict_0007_0194.uasset" 10250
"../../../Engine/Content/EngineMaterials/Substrate/Glints2/dict_0007_0195.uasset" 10251
"../../../Engine/Content/EngineMaterials/Substrate/Glints2/dict_0007_0171.uasset" 10252
"/Engine/EngineMaterials/Substrate/Glints2/dict_0007_0171" 10253
"/Engine/EngineMaterials/Substrate/Glints2/dict_0007_0195" 10254
"/Engine/EngineMaterials/Substrate/Glints2/dict_0007_0194" 10255
"/Engine/EngineMaterials/Substrate/Glints2/dict_0007_0193" 10256
"../../../Engine/Content/EngineMaterials/Substrate/Glints2/dict_0007_0198.uasset" 10257
"../../../Engine/Content/EngineMaterials/Substrate/Glints2/dict_0007_0197.uasset" 10258
"../../../Engine/Content/EngineMaterials/Substrate/Glints2/dict_0007_0199.uasset" 10259
"../../../Engine/Content/EngineMaterials/Substrate/Glints2/dict_0007_0172.uasset" 10260
"../../../Engine/Content/EngineMaterials/Substrate/Glints2/dict_0007_0163.uasset" 10261
"../../../Engine/Content/EngineMaterials/Substrate/Glints2/dict_0007_0168.uasset" 10262
"/Engine/EngineMaterials/Substrate/Glints2/dict_0007_0163" 10263
"/Engine/EngineMaterials/Substrate/Glints2/dict_0007_0199" 10264
"/Engine/EngineMaterials/Substrate/Glints2/dict_0007_0198" 10265
"/Engine/EngineMaterials/Substrate/Glints2/dict_0007_0197" 10266
"/Engine/EngineMaterials/Substrate/Glints2/dict_0007_0172" 10267
"../../../Engine/Content/EngineMaterials/Substrate/Glints2/dict_0007_0203.uasset" 10268
"../../../Engine/Content/EngineMaterials/Substrate/Glints2/dict_0007_0204.uasset" 10269
"../../../Engine/Content/EngineMaterials/Substrate/Glints2/dict_0007_0175.uasset" 10270
"/Engine/EngineMaterials/Substrate/Glints2/dict_0007_0204" 10271
"../../../Engine/Content/EngineMaterials/Substrate/Glints2/dict_0007_0201.uasset" 10272
"/Engine/EngineMaterials/Substrate/Glints2/dict_0007_0203" 10273
"/Engine/EngineMaterials/Substrate/Glints2/dict_0007_0175" 10274
"/Engine/EngineMaterials/Substrate/Glints2/dict_0007_0168" 10275
"/Engine/EngineMaterials/Substrate/Glints2/dict_0007_0201" 10276
"../../../Engine/Content/EngineMaterials/Substrate/Glints2/dict_0007_0202.uasset" 10277
"/Engine/EngineMaterials/Substrate/Glints2/dict_0007_0202" 10278
"../../../Engine/Content/EngineMaterials/Substrate/Glints2/dict_0007_0210.uasset" 10279
"../../../Engine/Content/EngineMaterials/Substrate/Glints2/dict_0007_0209.uasset" 10280
"/Engine/EngineMaterials/Substrate/Glints2/dict_0007_0210" 10281
"../../../Engine/Content/EngineMaterials/Substrate/Glints2/dict_0007_0179.uasset" 10282
"/Engine/EngineMaterials/Substrate/Glints2/dict_0007_0209" 10283
"../../../Engine/Content/EngineMaterials/Substrate/Glints2/dict_0007_0208.uasset" 10284
"/Engine/EngineMaterials/Substrate/Glints2/dict_0007_0208" 10285
"../../../Engine/Content/EngineMaterials/Substrate/Glints2/dict_0007_0211.uasset" 10286
"/Engine/EngineMaterials/Substrate/Glints2/dict_0007_0179" 10287
"/Engine/EngineMaterials/Substrate/Glints2/dict_0007_0211" 10288
"../../../Engine/Content/EngineMaterials/Substrate/Glints2/dict_0007_0207.uasset" 10289
"../../../Engine/Content/EngineMaterials/Substrate/Glints2/dict_0007_0212.uasset" 10290
"../../../Engine/Content/EngineMaterials/Substrate/Glints2/dict_0007_0213.uasset" 10291
"../../../Engine/Content/EngineMaterials/Substrate/Glints2/dict_0007_0215.uasset" 10292
"/Engine/EngineMaterials/Substrate/Glints2/dict_0007_0213" 10293
"../../../Engine/Content/EngineMaterials/Substrate/Glints2/dict_0007_0216.uasset" 10294
"/Engine/EngineMaterials/Substrate/Glints2/dict_0007_0215" 10295
"/Engine/EngineMaterials/Substrate/Glints2/dict_0007_0207" 10296
"../../../Engine/Content/EngineMaterials/Substrate/Glints2/dict_0007_0217.uasset" 10297
"/Engine/EngineMaterials/Substrate/Glints2/dict_0007_0212" 10298
"/Engine/EngineMaterials/Substrate/Glints2/dict_0007_0217" 10299
"/Engine/EngineMaterials/Substrate/Glints2/dict_0007_0216" 10300
"../../../Engine/Content/EngineMaterials/Substrate/Glints2/dict_0007_0219.uasset" 10301
"../../../Engine/Content/EngineMaterials/Substrate/Glints2/dict_0007_0218.uasset" 10302
"../../../Engine/Content/EngineMaterials/Substrate/Glints2/dict_0007_0220.uasset" 10303
"/Engine/EngineMaterials/Substrate/Glints2/dict_0007_0218" 10304
"../../../Engine/Content/EngineMaterials/Substrate/Glints2/dict_0007_0222.uasset" 10305
"/Engine/EngineMaterials/Substrate/Glints2/dict_0007_0220" 10306
"/Engine/EngineMaterials/Substrate/Glints2/dict_0007_0219" 10307
"../../../Engine/Content/EngineMaterials/Substrate/Glints2/dict_0007_0221.uasset" 10308
"/Engine/EngineMaterials/Substrate/Glints2/dict_0007_0222" 10309
"../../../Engine/Content/EngineMaterials/Substrate/Glints2/dict_0007_0224.uasset" 10310
"../../../Engine/Content/EngineMaterials/Substrate/Glints2/dict_0007_0225.uasset" 10311
"/Engine/EngineMaterials/Substrate/Glints2/dict_0007_0221" 10312
"/Engine/EngineMaterials/Substrate/Glints2/dict_0007_0225" 10313
"/Engine/EngineMaterials/Substrate/Glints2/dict_0007_0224" 10314
"../../../Engine/Content/EngineMaterials/Substrate/Glints2/dict_0007_0182.uasset" 10315
"../../../Engine/Content/EngineMaterials/Substrate/Glints2/dict_0007_0223.uasset" 10316
"../../../Engine/Content/EngineMaterials/Substrate/Glints2/dict_0007_0226.uasset" 10317
"../../../Engine/Content/EngineMaterials/Substrate/Glints2/dict_0007_0228.uasset" 10318
"../../../Engine/Content/EngineMaterials/Substrate/Glints2/dict_0007_0229.uasset" 10319
"/Engine/EngineMaterials/Substrate/Glints2/dict_0007_0228" 10320
"../../../Engine/Content/EngineMaterials/Substrate/Glints2/dict_0007_0227.uasset" 10321
"/Engine/EngineMaterials/Substrate/Glints2/dict_0007_0223" 10322
"/Engine/EngineMaterials/Substrate/Glints2/dict_0007_0226" 10323
"/Engine/EngineMaterials/Substrate/Glints2/dict_0007_0229" 10324
"/Engine/EngineMaterials/Substrate/Glints2/dict_0007_0182" 10325
"../../../Engine/Content/EngineMaterials/Substrate/Glints2/dict_0007_0231.uasset" 10326
"/Engine/EngineMaterials/Substrate/Glints2/dict_0007_0231" 10327
"/Engine/EngineMaterials/Substrate/Glints2/dict_0007_0227" 10328
"../../../Engine/Content/EngineMaterials/Substrate/Glints2/dict_0007_0232.uasset" 10329
"../../../Engine/Content/EngineMaterials/Substrate/Glints2/dict_0007_0185.uasset" 10330
"../../../Engine/Content/EngineMaterials/Substrate/Glints2/dict_0007_0233.uasset" 10331
"../../../Engine/Content/EngineMaterials/Substrate/Glints2/dict_0007_0234.uasset" 10332
"../../../Engine/Content/EngineMaterials/Substrate/Glints2/dict_0007_0192.uasset" 10333
"../../../Engine/Content/EngineMaterials/Substrate/Glints2/dict_0007_0235.uasset" 10334
"../../../Engine/Content/EngineMaterials/Substrate/Glints2/dict_0007_0236.uasset" 10335
"/Engine/EngineMaterials/Substrate/Glints2/dict_0007_0234" 10336
"/Engine/EngineMaterials/Substrate/Glints2/dict_0007_0233" 10337
"/Engine/EngineMaterials/Substrate/Glints2/dict_0007_0192" 10338
"../../../Engine/Content/EngineMaterials/Substrate/Glints2/dict_0007_0237.uasset" 10339
"/Engine/EngineMaterials/Substrate/Glints2/dict_0007_0232" 10340
"../../../Engine/Content/EngineMaterials/Substrate/Glints2/dict_0007_0239.uasset" 10341
"/Engine/EngineMaterials/Substrate/Glints2/dict_0007_0185" 10342
"/Engine/EngineMaterials/Substrate/Glints2/dict_0007_0236" 10343
"/Engine/EngineMaterials/Substrate/Glints2/dict_0007_0235" 10344
"/Engine/EngineMaterials/Substrate/Glints2/dict_0007_0239" 10345
"/Engine/EngineMaterials/Substrate/Glints2/dict_0007_0237" 10346
"../../../Engine/Content/EngineMaterials/Substrate/Glints2/dict_0007_0242.uasset" 10347
"../../../Engine/Content/EngineMaterials/Substrate/Glints2/dict_0007_0240.uasset" 10348
"../../../Engine/Content/EngineMaterials/Substrate/Glints2/dict_0007_0243.uasset" 10349
"../../../Engine/Content/EngineMaterials/Substrate/Glints2/dict_0007_0244.uasset" 10350
"../../../Engine/Content/EngineMaterials/Substrate/Glints2/dict_0007_0245.uasset" 10351
"/Engine/EngineMaterials/Substrate/Glints2/dict_0007_0243" 10352
"/Engine/EngineMaterials/Substrate/Glints2/dict_0007_0245" 10353
"/Engine/EngineMaterials/Substrate/Glints2/dict_0007_0244" 10354
"/Engine/EngineMaterials/Substrate/Glints2/dict_0007_0242" 10355
"/Engine/EngineMaterials/Substrate/Glints2/dict_0007_0240" 10356
"../../../Engine/Content/EngineMaterials/Substrate/Glints2/dict_0007_0247.uasset" 10357
"../../../Engine/Content/EngineMaterials/Substrate/Glints2/dict_0007_0246.uasset" 10358
"/Engine/EngineMaterials/Substrate/Glints2/dict_0007_0247" 10359
"/Engine/EngineMaterials/Substrate/Glints2/dict_0007_0246" 10360
"../../../Engine/Content/EngineMaterials/Substrate/Glints2/dict_0007_0249.uasset" 10361
"../../../Engine/Content/EngineMaterials/Substrate/Glints2/dict_0007_0250.uasset" 10362
"../../../Engine/Content/EngineMaterials/Substrate/Glints2/dict_0007_0248.uasset" 10363
"/Engine/EngineMaterials/Substrate/Glints2/dict_0007_0250" 10364
"../../../Engine/Content/EngineMaterials/Substrate/Glints2/dict_0007_0251.uasset" 10365
"/Engine/EngineMaterials/Substrate/Glints2/dict_0007_0249" 10366
"../../../Engine/Content/EngineMaterials/Substrate/Glints2/dict_0007_0252.uasset" 10367
"/Engine/EngineMaterials/Substrate/Glints2/dict_0007_0248" 10368
"/Engine/EngineMaterials/Substrate/Glints2/dict_0007_0252" 10369
"/Engine/EngineMaterials/Substrate/Glints2/dict_0007_0251" 10370
"../../../Engine/Content/EngineMaterials/Substrate/Glints2/dict_0007_0253.uasset" 10371
"../../../Engine/Content/EngineMaterials/Substrate/Glints2/dict_0007_0254.uasset" 10372
"../../../Engine/Content/EngineMaterials/Substrate/Glints2/dict_0007_0255.uasset" 10373
"../../../Engine/Content/EngineMaterials/Substrate/Glints2/dict_0007_0214.uasset" 10374
"/Engine/EngineMaterials/Substrate/Glints2/dict_0007_0254" 10375
"../../../Engine/Content/EngineMaterials/Substrate/Volume/SubstrateSimpleVolumeLUT2D.uasset" 10376
"../../../Engine/Content/EngineMaterials/Substrate/Volume/SubstrateSimpleVolumeEnvLUT3D.uasset" 10377
"../../../Engine/Content/EngineMaterials/Substrate/Glints2/AGlintTex2dArray2.uasset" 10378
"../../../Engine/Content/EngineMaterials/Substrate/Volume/SubstrateSimpleVolumeLUT3D.uasset" 10379
"/Engine/EngineMaterials/Substrate/Glints2/dict_0007_0214" 10380
"/Engine/EngineMaterials/Substrate/Glints2/dict_0007_0253" 10381
"/Engine/EngineMaterials/Substrate/Glints2/dict_0007_0255" 10382
"/Engine/EngineMaterials/Substrate/Volume/SubstrateSimpleVolumeLUT3D" 10383
"../../../Engine/Content/EngineMaterials/Substrate/Volume/SubstrateSimpleVolumeEnvLUT2D.uasset" 10384
"../../../Engine/Content/EngineMaterials/PPM_DefaultCalibrationColor.uasset" 10385
"../../../Engine/Content/EngineMaterials/PPM_DefaultCalibrationGrayscale.uasset" 10386
"../../../Engine/Content/Functions/MaterialLayerFunctions/MatLayerBlend_OverrideOpacity.uasset" 10387
"../../../Engine/Content/EngineMaterials/DefaultCalibrationGrayscale.uasset" 10388
"/Engine/EngineMaterials/Substrate/Volume/SubstrateSimpleVolumeEnvLUT3D" 10389
"/Engine/EngineFonts/Faces/DroidSansMono" 10390
"/Engine/Functions/MaterialLayerFunctions/MatLayerBlend_OverrideOpacity" 10391
"/Engine/EngineMaterials/PPM_DefaultCalibrationGrayscale" 10392
"../../../Engine/Plugins/Interchange/Assets/Content/Functions/MX_Surface.uasset" 10393
"../../../Engine/Content/EngineMaterials/DefaultCalibrationColor.uasset" 10394
"/Engine/EngineMaterials/DefaultCalibrationColor" 10395
"/InterchangeAssets/Functions/MX_Surface" 10396
"/Engine/EngineMaterials/PPM_DefaultCalibrationColor" 10397
"../../../Engine/Content/EngineMaterials/Substrate/Glints2/dict_0007_0230.uasset" 10398
"../../../Engine/Content/Functions/Engine_MaterialFunctions02/Utility/BlendAngleCorrectedNormals.uasset" 10399
"../../../Engine/Content/Functions/Engine_MaterialFunctions03/Procedurals/HeightToNormalSmooth.uasset" 10400
"/Engine/Functions/Engine_MaterialFunctions02/Utility/BlendAngleCorrectedNormals" 10401
"/Engine/EngineMaterials/Substrate/Glints2/dict_0007_0230" 10402
"/Engine/Functions/Engine_MaterialFunctions03/Procedurals/HeightToNormalSmooth" 10403
"../../../Engine/Plugins/Interchange/Assets/Content/Functions/MX_Displacement.uasset" 10404
"/InterchangeAssets/Functions/MX_Displacement" 10405
"../../../Engine/Plugins/NNE/NNEDenoiser/Content/NNEDIM_ColorAlbedoNormal_Alpha.uasset" 10406
"../../../Engine/Plugins/NNE/NNEDenoiser/Content/NNEDIM_HighQuality_Alpha.uasset" 10407
"../../../Engine/Plugins/NNE/NNEDenoiser/Content/NNEDIM_ColorAlbedoNormal_Default.uasset" 10408
"../../../Engine/Plugins/NNE/NNEDenoiser/Content/NNEDOM_Output_Alpha.uasset" 10409
"/NNEDenoiser/NNEDIM_HighQuality_Alpha" 10410
"../../../Engine/Plugins/NNE/NNEDenoiser/Content/NNEDOM_Output_Default.uasset" 10411
"../../../Engine/Plugins/NNE/NNEDenoiser/Content/NNEDTIM_ColorAlbedoNormal_Alpha.uasset" 10412
"/NNEDenoiser/NNEDIM_ColorAlbedoNormal_Default" 10413
"/NNEDenoiser/NNEDIM_ColorAlbedoNormal_Alpha" 10414
"/NNEDenoiser/NNEDOM_Output_Alpha" 10415
"../../../Engine/Plugins/NNE/NNEDenoiser/Content/NNEDTIM_ColorAlbedoNormal_Default.uasset" 10416
"../../../Engine/Plugins/NNE/NNEDenoiser/Content/NNEDTOM_Output_Default.uasset" 10417
"/NNEDenoiser/NNEDTIM_ColorAlbedoNormal_Default" 10418
"/NNEDenoiser/NNEDTIM_ColorAlbedoNormal_Alpha" 10419
"../../../Engine/Plugins/NNE/NNEDenoiser/Content/NNEDT_Oidn2-3_Balanced.uasset" 10420
"../../../Engine/Plugins/NNE/NNEDenoiser/Content/NNEDTOM_Output_Alpha.uasset" 10421
"/NNEDenoiser/NNEDOM_Output_Default" 10422
"/NNEDenoiser/NNEDTOM_Output_Default" 10423
"/NNEDenoiser/NNEDTOM_Output_Alpha" 10424
"/NNEDenoiser/NNEDT_Oidn2-3_Balanced" 10425
"../../../Engine/Plugins/NNE/NNEDenoiser/Content/NNED_Oidn2-3_Balanced.uasset" 10426
"../../../Engine/Plugins/NNE/NNEDenoiser/Content/NNEDT_Oidn2-3_Balanced_Alpha.uasset" 10427
"../../../Engine/Plugins/NNE/NNEDenoiser/Content/NNED_Oidn2-3_Fast.uasset" 10428
"../../../Engine/Plugins/NNE/NNEDenoiser/Content/NNED_Oidn2-3_Balanced_Alpha.uasset" 10429
"../../../Engine/Plugins/NNE/NNEDenoiser/Content/NNED_Oidn2-3_Fast_Alpha.uasset" 10430
"../../../Engine/Plugins/NNE/NNEDenoiser/Content/NNED_Oidn2-3_HighQuality.uasset" 10431
"/NNEDenoiser/NNED_Oidn2-3_HighQuality" 10432
"/NNEDenoiser/NNED_Oidn2-3_Fast_Alpha" 10433
"/NNEDenoiser/NNED_Oidn2-3_Fast" 10434
"/NNEDenoiser/NNED_Oidn2-3_Balanced_Alpha" 10435
"/NNEDenoiser/NNED_Oidn2-3_Balanced" 10436
"/NNEDenoiser/NNEDT_Oidn2-3_Balanced_Alpha" 10437
"../../../Engine/Plugins/NNE/NNEDenoiser/Content/NNED_Oidn2-3_HighQuality_Alpha.uasset" 10438
"/NNEDenoiser/NNED_Oidn2-3_HighQuality_Alpha" 10439
"../../../Engine/Plugins/NNE/NNEDenoiser/Content/NNE_oidn2-3-0_rt_hdr_alb_nrm_small__dyn__fp16_opset11_DenoiseAlpha.uasset" 10440
"../../../Engine/Content/EngineMaterials/Substrate/Glints2/dict_0007_0205.uasset" 10441
"../../../Engine/Plugins/FX/Niagara/Content/ParameterDefinitions/SpriteRenderer.uasset" 10442
"../../../Engine/Plugins/FX/Niagara/Content/ParameterDefinitions/RibbonRenderer.uasset" 10443
"../../../Engine/Plugins/FX/Niagara/Content/ParameterDefinitions/MeshRenderer.uasset" 10444
"/Engine/EngineMaterials/Substrate/Glints2/dict_0007_0205" 10445
"../../../Engine/Plugins/FX/Niagara/Content/ParameterDefinitions/LightRenderer.uasset" 10446
"../../../Engine/Plugins/FX/Niagara/Content/ParameterDefinitions/DecalRenderer.uasset" 10447
"../../../Engine/Plugins/FX/Niagara/Content/ParameterDefinitions/CoreParameters.uasset" 10448
"../../../Engine/Content/EditorResources/BSPVertex.uasset" 10449
"../../../Engine/Content/EngineMaterials/DefaultBloomKernel.uasset" 10450
"../../../Engine/Plugins/NNE/NNEDenoiser/Content/NNE_oidn2-3-0_rt_hdr_alb_nrm_small__dyn__fp16_opset11_ForwardAlpha.uasset" 10451
"../../../Engine/Content/EngineMaterials/Substrate/Glints2/dict_0007_0241.uasset" 10452
"../../../Engine/Content/EngineDebugMaterials/DebugEditorMaterial.uasset" 10453
"../../../Engine/Plugins/NNE/NNEDenoiser/Content/NNE_oidn2-3-0_rt_hdr_alb_nrm__dyn__fp16_opset11_DenoiseAlpha.uasset" 10454
"../../../Engine/Plugins/NNE/NNEDenoiser/Content/NNE_oidn2-3-0_rt_hdr_alb_nrm__dyn__fp16_opset11_ForwardAlpha.uasset" 10455
"../../../Engine/Content/EngineMaterials/FastBlueNoise_scalar_128x128x64.uasset" 10456
"../../../Engine/Content/EngineMaterials/FastBlueNoise_vec2_128x128x64.uasset" 10457
"/NNEDenoiser/NNE_oidn2-3-0_rt_hdr_alb_nrm_small__dyn__fp16_opset11_DenoiseAlpha" 10458
"../../../Engine/Plugins/NNE/NNEDenoiser/Content/NNE_oidn2-3-0_rt_hdr_calb_cnrm_large__dyn__fp16_opset11_DenoiseAlpha.uasset" 10459
"/NNEDenoiser/NNE_oidn2-3-0_rt_hdr_alb_nrm_small__dyn__fp16_opset11_ForwardAlpha" 10460
"/Engine/EngineMaterials/DefaultBloomKernel" 10461
"/Engine/EditorResources/BSPVertex" 10462
"/NNEDenoiser/NNE_oidn2-3-0_rt_hdr_alb_nrm__dyn__fp16_opset11_ForwardAlpha" 10463
"../../../Engine/Plugins/NNE/NNEDenoiser/Content/NNE_oidn2-3-0_rt_hdr_calb_cnrm_large__dyn__fp16_opset11_ForwardAlpha.uasset" 10464
"/NNEDenoiser/NNE_oidn2-3-0_rt_hdr_alb_nrm__dyn__fp16_opset11_DenoiseAlpha" 10465
"../../../Engine/Content/EngineMaterials/LTC/Sheen_LTC.uasset" 10466
"../../../Engine/Content/EngineSounds/Master.uasset" 10467
"/Engine/EngineMaterials/FastBlueNoise_vec2_128x128x64" 10468
"../../../Engine/Content/EngineMaterials/FastBlueNoise_scalar_128x128x8.uasset" 10469
"../../../Engine/Content/EngineMaterials/EnergyConservation/Sheen_Energy.uasset" 10470
"/Engine/EngineMaterials/FastBlueNoise_scalar_128x128x64" 10471
"/Engine/EngineMaterials/Substrate/Glints2/dict_0007_0241" 10472
"/Engine/EngineDebugMaterials/DebugEditorMaterial" 10473
"../../../Engine/Content/EngineResources/Development/ZenLogo_64.uasset" 10474
"../../../Engine/Content/EngineMaterials/EnergyConservation/Diffuse_Energy.uasset" 10475
"../../../Engine/Plugins/Interchange/Runtime/Content/Pipelines/DefaultGLTFAssetsPipeline.uasset" 10476
"../../../Engine/Plugins/Interchange/Runtime/Content/Pipelines/DefaultMaterialXPipeline.uasset" 10477
"../../../Engine/Plugins/Interchange/Runtime/Content/Pipelines/DefaultAssetsPipeline.uasset" 10478
"../../../Engine/Content/EngineMaterials/Substrate/Glints2/dict_0007_0173.uasset" 10479
"../../../Engine/Content/EngineMaterials/Substrate/Glints2/dict_0007_0238.uasset" 10480
"../../../Engine/Content/EngineMaterials/Substrate/Glints2/dict_0007_0196.uasset" 10481
"../../../Engine/Content/EngineMaterials/Substrate/Glints2/dict_0007_0200.uasset" 10482
"../../../Engine/Content/EngineMaterials/Substrate/Glints2/dict_0007_0206.uasset" 10483
"../../../Engine/Plugins/NNE/NNEDenoiser/Content/NNEDIM_HighQuality_Default.uasset" 10484
"../../../Engine/Content/EngineResources/FilmGrains/Marcie_Grain_v3_128_M2_000.uasset" 10485
"E:/Game Engines/Unreal Engine Things/UnrealProjects/B3_Maze/DerivedDataCache/VT/TEXTURE_7C16439390E24F1F9468894FB4D4BC55_VTCHUNK44B429B40BB45A070EB17C1259C28734996A2F49" 10486
"E:/Game Engines/Unreal Engine Things/UnrealProjects/B3_Maze/DerivedDataCache/VT/TEXTURE_7C16439390E24F1F9468894FB4D4BC55_VTCHUNK2A5F9F60441DA258D18B46D59C64D5BAD50E8EE3" 10487
"E:/Game Engines/Unreal Engine Things/UnrealProjects/B3_Maze/DerivedDataCache/VT/TEXTURE_7C16439390E24F1F9468894FB4D4BC55_VTCHUNK967C747FFC357A828288FA05D93CD5DCECDA891B" 10488
"E:/Game Engines/Unreal Engine Things/UnrealProjects/B3_Maze/DerivedDataCache/VT/TEXTURE_7C16439390E24F1F9468894FB4D4BC55_VTCHUNKC0393DE8C5B4673D99D1BECB92AA8C1F72FEB491" 10489
"E:/Game Engines/Unreal Engine Things/UnrealProjects/B3_Maze/DerivedDataCache/VT/TEXTURE_7C16439390E24F1F9468894FB4D4BC55_VTCHUNK02D4C3BCAD7DFA48AB32B8281FB06B8B83DB6275" 10490
"E:/Game Engines/Unreal Engine Things/UnrealProjects/B3_Maze/Intermediate/ORTOptimizerPass_OptimizedF7E12D164D939D7E3D3A6FB1B86B4914.onnx" 10491
"E:/Game Engines/Unreal Engine Things/UnrealProjects/B3_Maze/Intermediate/ORTOptimizerPass_OptimizedCA6EC6DC49D11458CC6E77BA8C0FB280.onnx" 10492
"E:/Game Engines/Unreal Engine Things/UnrealProjects/B3_Maze/Intermediate/ORTOptimizerPass_Optimized7A3F1C7842495C5AFA489FB1A7BC3DB0.onnx" 10493
"E:/Game Engines/Unreal Engine Things/UnrealProjects/B3_Maze/Intermediate/ORTOptimizerPass_Optimized9BEEAFD0408DCB5AD57FA5B993ABA710.onnx" 10494
"E:/Game Engines/Unreal Engine Things/UnrealProjects/B3_Maze/Intermediate/ORTOptimizerPass_Optimized99DEECD0495DBB85B68668B41D9EA139.onnx" 10495
"E:/Game Engines/Unreal Engine Things/UnrealProjects/B3_Maze/Intermediate/ORTOptimizerPass_Optimized42794EA14E7994324BFCFB96EC873712.onnx" 10496
"E:/Game Engines/Unreal Engine Things/UnrealProjects/B3_Maze/Intermediate/ORTOptimizerPass_OptimizedAA329BC746D611EEA97CF9819964239F.onnx" 10497
"E:/Game Engines/Unreal Engine Things/UnrealProjects/B3_Maze/Intermediate/ORTOptimizerPass_OptimizedA8BE6A3849CB7B7AA348CB94F1D76F35.onnx" 10498
"/NNEDenoiser/NNEDIM_HighQuality_Default" 10499
"/NNEDenoiser/NNE_oidn2-3-0_rt_hdr_calb_cnrm_large__dyn__fp16_opset11_DenoiseAlpha" 10500
"../../../Engine/Plugins/Interchange/Assets/Content/Functions/MX_UsdPreviewSurface.uasset" 10501
"../../../Engine/Plugins/Interchange/Runtime/Content/Pipelines/DefaultSceneLevelPipeline.uasset" 10502
"../../../Engine/Plugins/Interchange/Assets/Content/Functions/MX_SurfaceUnlit.uasset" 10503
"../../../Engine/Plugins/Interchange/Assets/Content/Functions/MX_DielectricBSDF.uasset" 10504
"../../../Engine/Plugins/Interchange/Runtime/Content/Pipelines/DefaultGLTFPipeline.uasset" 10505
"../../../Engine/Plugins/Interchange/Assets/Content/Functions/MX_ConductorBSDF.uasset" 10506
"../../../Engine/Plugins/Interchange/Runtime/Content/Pipelines/DefaultGLTFSceneAssetsPipeline.uasset" 10507
"../../../Engine/Plugins/Interchange/Assets/Content/Functions/MX_BurleyDiffuseBSDF.uasset" 10508
"../../../Engine/Plugins/Interchange/Runtime/Content/Pipelines/DefaultTexturePipeline.uasset" 10509
"../../../Engine/Plugins/Interchange/Assets/Content/Functions/MX_OrenNayarBSDF.uasset" 10510
"../../../Engine/Plugins/Interchange/Assets/Content/Functions/MX_TranslucentBSDF.uasset" 10511
"../../../Engine/Plugins/Interchange/Runtime/Content/Pipelines/DefaultMaterialPipeline.uasset" 10512
"../../../Engine/Plugins/Interchange/Runtime/Content/Pipelines/DefaultSceneAssetsPipeline.uasset" 10513
"/Engine/EngineMaterials/Substrate/Glints2/dict_0007_0206" 10514
"/Engine/EngineMaterials/Substrate/Glints2/dict_0007_0196" 10515
"/Engine/EngineMaterials/Substrate/Glints2/dict_0007_0200" 10516
"/Interchange/Pipelines/DefaultGLTFAssetsPipeline" 10517
"/Engine/EngineMaterials/EnergyConservation/Sheen_Energy" 10518
"/Engine/EngineMaterials/LTC/Sheen_LTC" 10519
"/Interchange/Pipelines/DefaultMaterialXPipeline" 10520
"/Interchange/Pipelines/DefaultAssetsPipeline" 10521
"/Engine/EngineMaterials/Substrate/Glints2/dict_0007_0238" 10522
"/Engine/EngineMaterials/FastBlueNoise_scalar_128x128x8" 10523
"/Engine/EngineMaterials/Substrate/Glints2/dict_0007_0173" 10524
"/NNEDenoiser/NNE_oidn2-3-0_rt_hdr_calb_cnrm_large__dyn__fp16_opset11_ForwardAlpha" 10525
"/Engine/EngineResources/Development/ZenLogo_64" 10526
"/Engine/EngineResources/FilmGrains/Marcie_Grain_v3_128_M2_000" 10527
"/Engine/EngineMaterials/EnergyConservation/Diffuse_Energy" 10528
"/Engine/EngineMaterials/Substrate/Glints2/AGlintTex2dArray2" 10529
"/Engine/EngineSounds/Master" 10530
"/InterchangeAssets/Functions/MX_ConductorBSDF" 10531
"/InterchangeAssets/Functions/MX_DielectricBSDF" 10532
"../../../Engine/Plugins/Interchange/Assets/Content/Functions/MX_SubsurfaceBSDF.uasset" 10533
"../../../Engine/Plugins/Interchange/Assets/Content/Functions/MX_AbsorptionVDF.uasset" 10534
"../../../Engine/Plugins/Interchange/Assets/Content/Functions/MX_AnisotropicVDF.uasset" 10535
"../../../Engine/Plugins/Animation/ControlRig/Content/Controls/ControlRigGizmoMaterial.uasset" 10536
"../../../Engine/Plugins/Interchange/Assets/Content/Functions/MX_ConicalEDF.uasset" 10537
"../../../Engine/Plugins/Interchange/Assets/Content/Functions/MX_ThinFilmBSDF.uasset" 10538
"../../../Engine/Plugins/Interchange/Assets/Content/Functions/MX_UniformEDF.uasset" 10539
"../../../Engine/Plugins/Interchange/Assets/Content/Functions/MX_GeneralizedSchlickBSDF.uasset" 10540
"../../../Engine/Plugins/Interchange/Assets/Content/Functions/MX_SheenBSDF.uasset" 10541
"../../../Engine/Plugins/Interchange/Assets/Content/Functions/MX_MeasuredEDF.uasset" 10542
"E:/Game Engines/Unreal Engine Things/UnrealProjects/B3_Maze/Intermediate/ORTOptimizerPass_Optimized3E43E89548FE0EDA2744C197D333218F.onnx" 10543
"E:/Game Engines/Unreal Engine Things/UnrealProjects/B3_Maze/Intermediate/ORTOptimizerPass_Optimized91238ED641E133F3860BEDA73F230154.onnx" 10544
"E:/Game Engines/Unreal Engine Things/UnrealProjects/B3_Maze/Intermediate/ORTOptimizerPass_Optimized8D237B01479E9D2B9D88698B582A4228.onnx" 10545
"E:/Game Engines/Unreal Engine Things/UnrealProjects/B3_Maze/Intermediate/ORTOptimizerPass_OptimizedDA0E33E84ADBBF646A383F961BB96E70.onnx" 10546
"/InterchangeAssets/Functions/MX_TranslucentBSDF" 10547
"/InterchangeAssets/Functions/MX_BurleyDiffuseBSDF" 10548
"/InterchangeAssets/Functions/MX_OrenNayarBSDF" 10549
"/InterchangeAssets/Functions/MX_UsdPreviewSurface" 10550
"/InterchangeAssets/Functions/MX_SurfaceUnlit" 10551
"/Interchange/Pipelines/DefaultGLTFSceneAssetsPipeline" 10552
"/Interchange/Pipelines/DefaultSceneLevelPipeline" 10553
"/Interchange/Pipelines/DefaultSceneAssetsPipeline" 10554
"/Interchange/Pipelines/DefaultTexturePipeline" 10555
"/Interchange/Pipelines/DefaultMaterialPipeline" 10556
"/Interchange/Pipelines/DefaultGLTFPipeline" 10557
"/ControlRig/Controls/ControlRigGizmoMaterial" 10558
"/InterchangeAssets/Functions/MX_AnisotropicVDF" 10559
"/InterchangeAssets/Functions/MX_AbsorptionVDF" 10560
"/InterchangeAssets/Functions/MX_MeasuredEDF" 10561
"/InterchangeAssets/Functions/MX_ConicalEDF" 10562
"/InterchangeAssets/Functions/MX_UniformEDF" 10563
"/InterchangeAssets/Functions/MX_ThinFilmBSDF" 10564
"/InterchangeAssets/Functions/MX_SheenBSDF" 10565
"/InterchangeAssets/Functions/MX_SubsurfaceBSDF" 10566
"/InterchangeAssets/Functions/MX_GeneralizedSchlickBSDF" 10567
"E:/Game Engines/Unreal Engine Things/UnrealProjects/B3_Maze/Saved/Cooked/Windows/B3_Maze/Metadata/CookedSettings.txt" 10568
